cohort_month,period_number,retained_users,cohort_size,retention_rate
1991-01-01,228,1,1,1.0
1991-01-01,229,1,1,1.0
1991-01-01,230,1,1,1.0
1991-01-01,231,1,1,1.0
1991-01-01,232,1,1,1.0
1991-01-01,233,1,1,1.0
1991-01-01,234,1,1,1.0
1991-01-01,235,1,1,1.0
1991-01-01,236,1,1,1.0
1991-01-01,237,1,1,1.0
1991-01-01,238,1,1,1.0
1991-01-01,239,1,1,1.0
1991-01-01,240,1,1,1.0
1991-01-01,241,1,1,1.0
1991-01-01,242,1,1,1.0
1991-01-01,243,1,1,1.0
1991-01-01,244,1,1,1.0
1991-01-01,245,1,1,1.0
1991-01-01,246,1,1,1.0
1991-01-01,247,1,1,1.0
1991-01-01,248,1,1,1.0
1991-01-01,249,1,1,1.0
1991-01-01,250,1,1,1.0
1991-01-01,251,1,1,1.0
1991-01-01,252,1,1,1.0
1991-01-01,253,1,1,1.0
1991-01-01,254,1,1,1.0
1991-01-01,255,1,1,1.0
1991-01-01,256,1,1,1.0
1991-01-01,257,1,1,1.0
1991-01-01,258,1,1,1.0
1991-01-01,259,1,1,1.0
1991-01-01,260,1,1,1.0
1991-01-01,261,1,1,1.0
1991-01-01,262,1,1,1.0
1991-01-01,263,1,1,1.0
1991-01-01,264,1,1,1.0
1991-01-01,265,1,1,1.0
1991-01-01,266,1,1,1.0
1991-01-01,267,1,1,1.0
1991-01-01,268,1,1,1.0
1991-01-01,269,1,1,1.0
1991-01-01,270,1,1,1.0
1991-01-01,271,1,1,1.0
1991-01-01,272,1,1,1.0
1991-01-01,273,1,1,1.0
1991-01-01,274,1,1,1.0
1991-01-01,275,1,1,1.0
1991-01-01,276,1,1,1.0
1991-01-01,277,1,1,1.0
1991-01-01,278,1,1,1.0
1991-01-01,279,1,1,1.0
1991-01-01,280,1,1,1.0
1991-01-01,281,1,1,1.0
1991-01-01,282,1,1,1.0
1991-01-01,283,1,1,1.0
1991-01-01,284,1,1,1.0
1991-01-01,285,1,1,1.0
1991-01-01,286,1,1,1.0
1991-01-01,287,1,1,1.0
1991-01-01,288,1,1,1.0
1991-01-01,289,1,1,1.0
1991-01-01,290,1,1,1.0
1991-01-01,291,1,1,1.0
1991-01-01,292,1,1,1.0
1991-01-01,293,1,1,1.0
1991-01-01,294,1,1,1.0
1991-01-01,295,1,1,1.0
1991-01-01,296,1,1,1.0
1991-01-01,297,1,1,1.0
1991-01-01,298,1,1,1.0
1991-01-01,299,1,1,1.0
1991-01-01,300,1,1,1.0
1991-01-01,301,1,1,1.0
1991-01-01,302,1,1,1.0
1991-01-01,303,1,1,1.0
1991-01-01,304,1,1,1.0
1991-01-01,305,1,1,1.0
1991-01-01,306,1,1,1.0
1991-01-01,307,1,1,1.0
1991-01-01,308,1,1,1.0
1991-01-01,309,1,1,1.0
1991-01-01,310,1,1,1.0
1991-01-01,311,1,1,1.0
1991-01-01,312,1,1,1.0
1991-01-01,313,1,1,1.0
1991-01-01,314,1,1,1.0
1991-01-01,315,1,1,1.0
1991-01-01,316,1,1,1.0
1991-01-01,317,1,1,1.0
1991-01-01,318,1,1,1.0
1991-01-01,319,1,1,1.0
1991-01-01,320,1,1,1.0
1991-01-01,321,1,1,1.0
1991-01-01,322,1,1,1.0
1991-01-01,323,1,1,1.0
1991-01-01,324,1,1,1.0
1991-01-01,325,1,1,1.0
1991-01-01,326,1,1,1.0
1991-01-01,327,1,1,1.0
1991-01-01,328,1,1,1.0
1991-01-01,329,1,1,1.0
1991-01-01,330,1,1,1.0
1991-01-01,331,1,1,1.0
1991-01-01,332,1,1,1.0
1991-01-01,333,1,1,1.0
1991-01-01,334,1,1,1.0
1991-01-01,335,1,1,1.0
1991-01-01,336,1,1,1.0
1991-01-01,337,1,1,1.0
1991-01-01,338,1,1,1.0
1991-01-01,339,1,1,1.0
1991-01-01,340,1,1,1.0
1991-01-01,341,1,1,1.0
1991-01-01,342,1,1,1.0
1991-01-01,343,1,1,1.0
1991-01-01,344,1,1,1.0
1991-01-01,345,1,1,1.0
1991-07-01,222,1,1,1.0
1991-07-01,223,1,1,1.0
1991-07-01,224,1,1,1.0
1991-07-01,225,1,1,1.0
1991-07-01,226,1,1,1.0
1991-07-01,227,1,1,1.0
1991-07-01,228,1,1,1.0
1991-07-01,229,1,1,1.0
1991-07-01,230,1,1,1.0
1991-07-01,231,1,1,1.0
1991-07-01,232,1,1,1.0
1991-07-01,233,1,1,1.0
1991-07-01,234,1,1,1.0
1991-07-01,235,1,1,1.0
1991-07-01,236,1,1,1.0
1991-07-01,237,1,1,1.0
1991-07-01,238,1,1,1.0
1991-07-01,239,1,1,1.0
1991-07-01,240,1,1,1.0
1991-07-01,241,1,1,1.0
1991-07-01,242,1,1,1.0
1991-07-01,243,1,1,1.0
1991-07-01,244,1,1,1.0
1991-07-01,245,1,1,1.0
1991-07-01,246,1,1,1.0
1991-07-01,247,1,1,1.0
1991-07-01,248,1,1,1.0
1991-07-01,249,1,1,1.0
1991-07-01,250,1,1,1.0
1991-07-01,251,1,1,1.0
1991-07-01,252,1,1,1.0
1991-07-01,253,1,1,1.0
1991-07-01,254,1,1,1.0
1991-07-01,255,1,1,1.0
1991-07-01,256,1,1,1.0
1991-07-01,257,1,1,1.0
1991-07-01,258,1,1,1.0
1991-07-01,259,1,1,1.0
1991-07-01,260,1,1,1.0
1991-07-01,261,1,1,1.0
1991-07-01,262,1,1,1.0
1991-07-01,263,1,1,1.0
1991-07-01,264,1,1,1.0
1991-07-01,265,1,1,1.0
1991-07-01,266,1,1,1.0
1991-07-01,267,1,1,1.0
1991-07-01,268,1,1,1.0
1991-07-01,269,1,1,1.0
1991-07-01,270,1,1,1.0
1991-07-01,271,1,1,1.0
1991-07-01,272,1,1,1.0
1991-07-01,273,1,1,1.0
1991-07-01,274,1,1,1.0
1991-07-01,275,1,1,1.0
1991-07-01,276,1,1,1.0
1991-07-01,277,1,1,1.0
1991-07-01,278,1,1,1.0
1991-07-01,279,1,1,1.0
1991-07-01,280,1,1,1.0
1991-07-01,281,1,1,1.0
1991-07-01,282,1,1,1.0
1991-07-01,283,1,1,1.0
1991-07-01,284,1,1,1.0
1991-07-01,285,1,1,1.0
1991-07-01,286,1,1,1.0
1991-07-01,287,1,1,1.0
1991-07-01,288,1,1,1.0
1991-07-01,289,1,1,1.0
1991-07-01,290,1,1,1.0
1991-07-01,291,1,1,1.0
1991-07-01,292,1,1,1.0
1991-07-01,293,1,1,1.0
1991-07-01,294,1,1,1.0
1991-07-01,295,1,1,1.0
1991-07-01,296,1,1,1.0
1991-07-01,297,1,1,1.0
1991-07-01,298,1,1,1.0
1991-07-01,299,1,1,1.0
1991-07-01,300,1,1,1.0
1991-07-01,301,1,1,1.0
1991-07-01,302,1,1,1.0
1991-07-01,303,1,1,1.0
1991-07-01,304,1,1,1.0
1991-07-01,305,1,1,1.0
1991-07-01,306,1,1,1.0
1991-07-01,307,1,1,1.0
1991-07-01,308,1,1,1.0
1991-07-01,309,1,1,1.0
1991-07-01,310,1,1,1.0
1991-07-01,311,1,1,1.0
1991-07-01,312,1,1,1.0
1991-07-01,313,1,1,1.0
1991-07-01,314,1,1,1.0
1991-07-01,315,1,1,1.0
1991-07-01,316,1,1,1.0
1991-07-01,317,1,1,1.0
1991-07-01,318,1,1,1.0
1991-07-01,319,1,1,1.0
1991-07-01,320,1,1,1.0
1991-07-01,321,1,1,1.0
1991-07-01,322,1,1,1.0
1991-07-01,323,1,1,1.0
1991-07-01,324,1,1,1.0
1991-07-01,325,1,1,1.0
1991-07-01,326,1,1,1.0
1991-07-01,327,1,1,1.0
1991-07-01,328,1,1,1.0
1991-07-01,329,1,1,1.0
1991-07-01,330,1,1,1.0
1991-07-01,331,1,1,1.0
1991-07-01,332,1,1,1.0
1991-07-01,333,1,1,1.0
1991-07-01,334,1,1,1.0
1991-07-01,335,1,1,1.0
1991-07-01,336,1,1,1.0
1991-07-01,337,1,1,1.0
1991-07-01,338,1,1,1.0
1991-07-01,339,1,1,1.0
1991-12-01,217,1,1,1.0
1991-12-01,218,1,1,1.0
1991-12-01,219,1,1,1.0
1991-12-01,220,1,1,1.0
1991-12-01,221,1,1,1.0
1991-12-01,222,1,1,1.0
1991-12-01,223,1,1,1.0
1991-12-01,224,1,1,1.0
1991-12-01,225,1,1,1.0
1991-12-01,226,1,1,1.0
1991-12-01,227,1,1,1.0
1991-12-01,228,1,1,1.0
1991-12-01,229,1,1,1.0
1991-12-01,230,1,1,1.0
1991-12-01,231,1,1,1.0
1991-12-01,232,1,1,1.0
1991-12-01,233,1,1,1.0
1991-12-01,234,1,1,1.0
1991-12-01,235,1,1,1.0
1991-12-01,236,1,1,1.0
1991-12-01,237,1,1,1.0
1991-12-01,238,1,1,1.0
1991-12-01,239,1,1,1.0
1991-12-01,240,1,1,1.0
1991-12-01,241,1,1,1.0
1991-12-01,242,1,1,1.0
1991-12-01,243,1,1,1.0
1991-12-01,244,1,1,1.0
1991-12-01,245,1,1,1.0
1991-12-01,246,1,1,1.0
1991-12-01,247,1,1,1.0
1991-12-01,248,1,1,1.0
1991-12-01,249,1,1,1.0
1991-12-01,250,1,1,1.0
1991-12-01,251,1,1,1.0
1991-12-01,252,1,1,1.0
1991-12-01,253,1,1,1.0
1991-12-01,254,1,1,1.0
1991-12-01,255,1,1,1.0
1991-12-01,256,1,1,1.0
1991-12-01,257,1,1,1.0
1991-12-01,258,1,1,1.0
1991-12-01,259,1,1,1.0
1991-12-01,260,1,1,1.0
1991-12-01,261,1,1,1.0
1991-12-01,262,1,1,1.0
1991-12-01,263,1,1,1.0
1991-12-01,264,1,1,1.0
1991-12-01,265,1,1,1.0
1991-12-01,266,1,1,1.0
1991-12-01,267,1,1,1.0
1991-12-01,268,1,1,1.0
1991-12-01,269,1,1,1.0
1991-12-01,270,1,1,1.0
1991-12-01,271,1,1,1.0
1991-12-01,272,1,1,1.0
1991-12-01,273,1,1,1.0
1991-12-01,274,1,1,1.0
1991-12-01,275,1,1,1.0
1991-12-01,276,1,1,1.0
1991-12-01,277,1,1,1.0
1991-12-01,278,1,1,1.0
1991-12-01,279,1,1,1.0
1991-12-01,280,1,1,1.0
1991-12-01,281,1,1,1.0
1991-12-01,282,1,1,1.0
1991-12-01,283,1,1,1.0
1991-12-01,284,1,1,1.0
1991-12-01,285,1,1,1.0
1991-12-01,286,1,1,1.0
1991-12-01,287,1,1,1.0
1991-12-01,288,1,1,1.0
1991-12-01,289,1,1,1.0
1991-12-01,290,1,1,1.0
1991-12-01,291,1,1,1.0
1991-12-01,292,1,1,1.0
1991-12-01,293,1,1,1.0
1991-12-01,294,1,1,1.0
1991-12-01,295,1,1,1.0
1991-12-01,296,1,1,1.0
1991-12-01,297,1,1,1.0
1991-12-01,298,1,1,1.0
1991-12-01,299,1,1,1.0
1991-12-01,300,1,1,1.0
1991-12-01,301,1,1,1.0
1991-12-01,302,1,1,1.0
1991-12-01,303,1,1,1.0
1991-12-01,304,1,1,1.0
1991-12-01,305,1,1,1.0
1991-12-01,306,1,1,1.0
1991-12-01,307,1,1,1.0
1991-12-01,308,1,1,1.0
1991-12-01,309,1,1,1.0
1991-12-01,310,1,1,1.0
1991-12-01,311,1,1,1.0
1991-12-01,312,1,1,1.0
1991-12-01,313,1,1,1.0
1991-12-01,314,1,1,1.0
1991-12-01,315,1,1,1.0
1991-12-01,316,1,1,1.0
1991-12-01,317,1,1,1.0
1991-12-01,318,1,1,1.0
1991-12-01,319,1,1,1.0
1991-12-01,320,1,1,1.0
1991-12-01,321,1,1,1.0
1991-12-01,322,1,1,1.0
1991-12-01,323,1,1,1.0
1991-12-01,324,1,1,1.0
1991-12-01,325,1,1,1.0
1991-12-01,326,1,1,1.0
1991-12-01,327,1,1,1.0
1991-12-01,328,1,1,1.0
1991-12-01,329,1,1,1.0
1991-12-01,330,1,1,1.0
1991-12-01,331,1,1,1.0
1991-12-01,332,1,1,1.0
1991-12-01,333,1,1,1.0
1991-12-01,334,1,1,1.0
1992-11-01,206,1,1,1.0
1992-11-01,207,1,1,1.0
1992-11-01,208,1,1,1.0
1992-11-01,209,1,1,1.0
1992-11-01,210,1,1,1.0
1992-11-01,211,1,1,1.0
1992-11-01,212,1,1,1.0
1992-11-01,213,1,1,1.0
1992-11-01,214,1,1,1.0
1992-11-01,215,1,1,1.0
1992-11-01,216,1,1,1.0
1992-11-01,217,1,1,1.0
1992-11-01,218,1,1,1.0
1992-11-01,219,1,1,1.0
1992-11-01,220,1,1,1.0
1992-11-01,221,1,1,1.0
1992-11-01,222,1,1,1.0
1992-11-01,223,1,1,1.0
1992-11-01,224,1,1,1.0
1992-11-01,225,1,1,1.0
1992-11-01,226,1,1,1.0
1992-11-01,227,1,1,1.0
1992-11-01,228,1,1,1.0
1992-11-01,229,1,1,1.0
1992-11-01,230,1,1,1.0
1992-11-01,231,1,1,1.0
1992-11-01,232,1,1,1.0
1992-11-01,233,1,1,1.0
1992-11-01,234,1,1,1.0
1992-11-01,235,1,1,1.0
1992-11-01,236,1,1,1.0
1992-11-01,237,1,1,1.0
1992-11-01,238,1,1,1.0
1992-11-01,239,1,1,1.0
1992-11-01,240,1,1,1.0
1992-11-01,241,1,1,1.0
1992-11-01,242,1,1,1.0
1992-11-01,243,1,1,1.0
1992-11-01,244,1,1,1.0
1992-11-01,245,1,1,1.0
1992-11-01,246,1,1,1.0
1992-11-01,247,1,1,1.0
1992-11-01,248,1,1,1.0
1992-11-01,249,1,1,1.0
1992-11-01,250,1,1,1.0
1992-11-01,251,1,1,1.0
1992-11-01,252,1,1,1.0
1992-11-01,253,1,1,1.0
1992-11-01,254,1,1,1.0
1992-11-01,255,1,1,1.0
1992-11-01,256,1,1,1.0
1992-11-01,257,1,1,1.0
1992-11-01,258,1,1,1.0
1992-11-01,259,1,1,1.0
1992-11-01,260,1,1,1.0
1992-11-01,261,1,1,1.0
1992-11-01,262,1,1,1.0
1992-11-01,263,1,1,1.0
1992-11-01,264,1,1,1.0
1992-11-01,265,1,1,1.0
1992-11-01,266,1,1,1.0
1992-11-01,267,1,1,1.0
1992-11-01,268,1,1,1.0
1992-11-01,269,1,1,1.0
1992-11-01,270,1,1,1.0
1992-11-01,271,1,1,1.0
1992-11-01,272,1,1,1.0
1992-11-01,273,1,1,1.0
1992-11-01,274,1,1,1.0
1992-11-01,275,1,1,1.0
1992-11-01,276,1,1,1.0
1992-11-01,277,1,1,1.0
1992-11-01,278,1,1,1.0
1992-11-01,279,1,1,1.0
1992-11-01,280,1,1,1.0
1992-11-01,281,1,1,1.0
1992-11-01,282,1,1,1.0
1992-11-01,283,1,1,1.0
1992-11-01,284,1,1,1.0
1992-11-01,285,1,1,1.0
1992-11-01,286,1,1,1.0
1992-11-01,287,1,1,1.0
1992-11-01,288,1,1,1.0
1992-11-01,289,1,1,1.0
1992-11-01,290,1,1,1.0
1992-11-01,291,1,1,1.0
1992-11-01,292,1,1,1.0
1992-11-01,293,1,1,1.0
1992-11-01,294,1,1,1.0
1992-11-01,295,1,1,1.0
1992-11-01,296,1,1,1.0
1992-11-01,297,1,1,1.0
1992-11-01,298,1,1,1.0
1992-11-01,299,1,1,1.0
1992-11-01,300,1,1,1.0
1992-11-01,301,1,1,1.0
1992-11-01,302,1,1,1.0
1992-11-01,303,1,1,1.0
1992-11-01,304,1,1,1.0
1992-11-01,305,1,1,1.0
1992-11-01,306,1,1,1.0
1992-11-01,307,1,1,1.0
1992-11-01,308,1,1,1.0
1992-11-01,309,1,1,1.0
1992-11-01,310,1,1,1.0
1992-11-01,311,1,1,1.0
1992-11-01,312,1,1,1.0
1992-11-01,313,1,1,1.0
1992-11-01,314,1,1,1.0
1992-11-01,315,1,1,1.0
1992-11-01,316,1,1,1.0
1992-11-01,317,1,1,1.0
1992-11-01,318,1,1,1.0
1992-11-01,319,1,1,1.0
1992-11-01,320,1,1,1.0
1992-11-01,321,1,1,1.0
1992-11-01,322,1,1,1.0
1992-11-01,323,1,1,1.0
1992-12-01,205,1,1,1.0
1992-12-01,206,1,1,1.0
1992-12-01,207,1,1,1.0
1992-12-01,208,1,1,1.0
1992-12-01,209,1,1,1.0
1992-12-01,210,1,1,1.0
1992-12-01,211,1,1,1.0
1992-12-01,212,1,1,1.0
1992-12-01,213,1,1,1.0
1992-12-01,214,1,1,1.0
1992-12-01,215,1,1,1.0
1992-12-01,216,1,1,1.0
1992-12-01,217,1,1,1.0
1992-12-01,218,1,1,1.0
1992-12-01,219,1,1,1.0
1992-12-01,220,1,1,1.0
1992-12-01,221,1,1,1.0
1992-12-01,222,1,1,1.0
1992-12-01,223,1,1,1.0
1992-12-01,224,1,1,1.0
1992-12-01,225,1,1,1.0
1992-12-01,226,1,1,1.0
1992-12-01,227,1,1,1.0
1992-12-01,228,1,1,1.0
1992-12-01,229,1,1,1.0
1992-12-01,230,1,1,1.0
1992-12-01,231,1,1,1.0
1992-12-01,232,1,1,1.0
1992-12-01,233,1,1,1.0
1992-12-01,234,1,1,1.0
1992-12-01,235,1,1,1.0
1992-12-01,236,1,1,1.0
1992-12-01,237,1,1,1.0
1992-12-01,238,1,1,1.0
1992-12-01,239,1,1,1.0
1992-12-01,240,1,1,1.0
1992-12-01,241,1,1,1.0
1992-12-01,242,1,1,1.0
1992-12-01,243,1,1,1.0
1992-12-01,244,1,1,1.0
1992-12-01,245,1,1,1.0
1992-12-01,246,1,1,1.0
1992-12-01,247,1,1,1.0
1992-12-01,248,1,1,1.0
1992-12-01,249,1,1,1.0
1992-12-01,250,1,1,1.0
1992-12-01,251,1,1,1.0
1992-12-01,252,1,1,1.0
1992-12-01,253,1,1,1.0
1992-12-01,254,1,1,1.0
1992-12-01,255,1,1,1.0
1992-12-01,256,1,1,1.0
1992-12-01,257,1,1,1.0
1992-12-01,258,1,1,1.0
1992-12-01,259,1,1,1.0
1992-12-01,260,1,1,1.0
1992-12-01,261,1,1,1.0
1992-12-01,262,1,1,1.0
1992-12-01,263,1,1,1.0
1992-12-01,264,1,1,1.0
1992-12-01,265,1,1,1.0
1992-12-01,266,1,1,1.0
1992-12-01,267,1,1,1.0
1992-12-01,268,1,1,1.0
1992-12-01,269,1,1,1.0
1992-12-01,270,1,1,1.0
1992-12-01,271,1,1,1.0
1992-12-01,272,1,1,1.0
1992-12-01,273,1,1,1.0
1992-12-01,274,1,1,1.0
1992-12-01,275,1,1,1.0
1992-12-01,276,1,1,1.0
1992-12-01,277,1,1,1.0
1992-12-01,278,1,1,1.0
1992-12-01,279,1,1,1.0
1992-12-01,280,1,1,1.0
1992-12-01,281,1,1,1.0
1992-12-01,282,1,1,1.0
1992-12-01,283,1,1,1.0
1992-12-01,284,1,1,1.0
1992-12-01,285,1,1,1.0
1992-12-01,286,1,1,1.0
1992-12-01,287,1,1,1.0
1992-12-01,288,1,1,1.0
1992-12-01,289,1,1,1.0
1992-12-01,290,1,1,1.0
1992-12-01,291,1,1,1.0
1992-12-01,292,1,1,1.0
1992-12-01,293,1,1,1.0
1992-12-01,294,1,1,1.0
1992-12-01,295,1,1,1.0
1992-12-01,296,1,1,1.0
1992-12-01,297,1,1,1.0
1992-12-01,298,1,1,1.0
1992-12-01,299,1,1,1.0
1992-12-01,300,1,1,1.0
1992-12-01,301,1,1,1.0
1992-12-01,302,1,1,1.0
1992-12-01,303,1,1,1.0
1992-12-01,304,1,1,1.0
1992-12-01,305,1,1,1.0
1992-12-01,306,1,1,1.0
1992-12-01,307,1,1,1.0
1992-12-01,308,1,1,1.0
1992-12-01,309,1,1,1.0
1992-12-01,310,1,1,1.0
1992-12-01,311,1,1,1.0
1992-12-01,312,1,1,1.0
1992-12-01,313,1,1,1.0
1992-12-01,314,1,1,1.0
1992-12-01,315,1,1,1.0
1992-12-01,316,1,1,1.0
1992-12-01,317,1,1,1.0
1992-12-01,318,1,1,1.0
1992-12-01,319,1,1,1.0
1992-12-01,320,1,1,1.0
1992-12-01,321,1,1,1.0
1992-12-01,322,1,1,1.0
1993-03-01,202,1,1,1.0
1993-03-01,203,1,1,1.0
1993-03-01,204,1,1,1.0
1993-03-01,205,1,1,1.0
1993-03-01,206,1,1,1.0
1993-03-01,207,1,1,1.0
1993-03-01,208,1,1,1.0
1993-03-01,209,1,1,1.0
1993-03-01,210,1,1,1.0
1993-03-01,211,1,1,1.0
1993-03-01,212,1,1,1.0
1993-03-01,213,1,1,1.0
1993-03-01,214,1,1,1.0
1993-03-01,215,1,1,1.0
1993-03-01,216,1,1,1.0
1993-03-01,217,1,1,1.0
1993-03-01,218,1,1,1.0
1993-03-01,219,1,1,1.0
1993-03-01,220,1,1,1.0
1993-03-01,221,1,1,1.0
1993-03-01,222,1,1,1.0
1993-03-01,223,1,1,1.0
1993-03-01,224,1,1,1.0
1993-03-01,225,1,1,1.0
1993-03-01,226,1,1,1.0
1993-03-01,227,1,1,1.0
1993-03-01,228,1,1,1.0
1993-03-01,229,1,1,1.0
1993-03-01,230,1,1,1.0
1993-03-01,231,1,1,1.0
1993-03-01,232,1,1,1.0
1993-03-01,233,1,1,1.0
1993-03-01,234,1,1,1.0
1993-03-01,235,1,1,1.0
1993-03-01,236,1,1,1.0
1993-03-01,237,1,1,1.0
1993-03-01,238,1,1,1.0
1993-03-01,239,1,1,1.0
1993-03-01,240,1,1,1.0
1993-03-01,241,1,1,1.0
1993-03-01,242,1,1,1.0
1993-03-01,243,1,1,1.0
1993-03-01,244,1,1,1.0
1993-03-01,245,1,1,1.0
1993-03-01,246,1,1,1.0
1993-03-01,247,1,1,1.0
1993-03-01,248,1,1,1.0
1993-03-01,249,1,1,1.0
1993-03-01,250,1,1,1.0
1993-03-01,251,1,1,1.0
1993-03-01,252,1,1,1.0
1993-03-01,253,1,1,1.0
1993-03-01,254,1,1,1.0
1993-03-01,255,1,1,1.0
1993-03-01,256,1,1,1.0
1993-03-01,257,1,1,1.0
1993-03-01,258,1,1,1.0
1993-03-01,259,1,1,1.0
1993-03-01,260,1,1,1.0
1993-03-01,261,1,1,1.0
1993-03-01,262,1,1,1.0
1993-03-01,263,1,1,1.0
1993-03-01,264,1,1,1.0
1993-03-01,265,1,1,1.0
1993-03-01,266,1,1,1.0
1993-03-01,267,1,1,1.0
1993-03-01,268,1,1,1.0
1993-03-01,269,1,1,1.0
1993-03-01,270,1,1,1.0
1993-03-01,271,1,1,1.0
1993-03-01,272,1,1,1.0
1993-03-01,273,1,1,1.0
1993-03-01,274,1,1,1.0
1993-03-01,275,1,1,1.0
1993-03-01,276,1,1,1.0
1993-03-01,277,1,1,1.0
1993-03-01,278,1,1,1.0
1993-03-01,279,1,1,1.0
1993-03-01,280,1,1,1.0
1993-03-01,281,1,1,1.0
1993-03-01,282,1,1,1.0
1993-03-01,283,1,1,1.0
1993-03-01,284,1,1,1.0
1993-03-01,285,1,1,1.0
1993-03-01,286,1,1,1.0
1993-03-01,287,1,1,1.0
1993-03-01,288,1,1,1.0
1993-03-01,289,1,1,1.0
1993-03-01,290,1,1,1.0
1993-03-01,291,1,1,1.0
1993-03-01,292,1,1,1.0
1993-03-01,293,1,1,1.0
1993-03-01,294,1,1,1.0
1993-03-01,295,1,1,1.0
1993-03-01,296,1,1,1.0
1993-03-01,297,1,1,1.0
1993-03-01,298,1,1,1.0
1993-03-01,299,1,1,1.0
1993-03-01,300,1,1,1.0
1993-03-01,301,1,1,1.0
1993-03-01,302,1,1,1.0
1993-03-01,303,1,1,1.0
1993-03-01,304,1,1,1.0
1993-03-01,305,1,1,1.0
1993-03-01,306,1,1,1.0
1993-03-01,307,1,1,1.0
1993-03-01,308,1,1,1.0
1993-03-01,309,1,1,1.0
1993-03-01,310,1,1,1.0
1993-03-01,311,1,1,1.0
1993-03-01,312,1,1,1.0
1993-03-01,313,1,1,1.0
1993-03-01,314,1,1,1.0
1993-03-01,315,1,1,1.0
1993-03-01,316,1,1,1.0
1993-03-01,317,1,1,1.0
1993-03-01,318,1,1,1.0
1993-03-01,319,1,1,1.0
1993-04-01,201,1,1,1.0
1993-04-01,202,1,1,1.0
1993-04-01,203,1,1,1.0
1993-04-01,204,1,1,1.0
1993-04-01,205,1,1,1.0
1993-04-01,206,1,1,1.0
1993-04-01,207,1,1,1.0
1993-04-01,208,1,1,1.0
1993-04-01,209,1,1,1.0
1993-04-01,210,1,1,1.0
1993-04-01,211,1,1,1.0
1993-04-01,212,1,1,1.0
1993-04-01,213,1,1,1.0
1993-04-01,214,1,1,1.0
1993-04-01,215,1,1,1.0
1993-04-01,216,1,1,1.0
1993-04-01,217,1,1,1.0
1993-04-01,218,1,1,1.0
1993-04-01,219,1,1,1.0
1993-04-01,220,1,1,1.0
1993-04-01,221,1,1,1.0
1993-04-01,222,1,1,1.0
1993-04-01,223,1,1,1.0
1993-04-01,224,1,1,1.0
1993-04-01,225,1,1,1.0
1993-04-01,226,1,1,1.0
1993-04-01,227,1,1,1.0
1993-04-01,228,1,1,1.0
1993-04-01,229,1,1,1.0
1993-04-01,230,1,1,1.0
1993-04-01,231,1,1,1.0
1993-04-01,232,1,1,1.0
1993-04-01,233,1,1,1.0
1993-04-01,234,1,1,1.0
1993-04-01,235,1,1,1.0
1993-04-01,236,1,1,1.0
1993-04-01,237,1,1,1.0
1993-04-01,238,1,1,1.0
1993-04-01,239,1,1,1.0
1993-04-01,240,1,1,1.0
1993-04-01,241,1,1,1.0
1993-04-01,242,1,1,1.0
1993-04-01,243,1,1,1.0
1993-04-01,244,1,1,1.0
1993-04-01,245,1,1,1.0
1993-04-01,246,1,1,1.0
1993-04-01,247,1,1,1.0
1993-04-01,248,1,1,1.0
1993-04-01,249,1,1,1.0
1993-04-01,250,1,1,1.0
1993-04-01,251,1,1,1.0
1993-04-01,252,1,1,1.0
1993-04-01,253,1,1,1.0
1993-04-01,254,1,1,1.0
1993-04-01,255,1,1,1.0
1993-04-01,256,1,1,1.0
1993-04-01,257,1,1,1.0
1993-04-01,258,1,1,1.0
1993-04-01,259,1,1,1.0
1993-04-01,260,1,1,1.0
1993-04-01,261,1,1,1.0
1993-04-01,262,1,1,1.0
1993-04-01,263,1,1,1.0
1993-04-01,264,1,1,1.0
1993-04-01,265,1,1,1.0
1993-04-01,266,1,1,1.0
1993-04-01,267,1,1,1.0
1993-04-01,268,1,1,1.0
1993-04-01,269,1,1,1.0
1993-04-01,270,1,1,1.0
1993-04-01,271,1,1,1.0
1993-04-01,272,1,1,1.0
1993-04-01,273,1,1,1.0
1993-04-01,274,1,1,1.0
1993-04-01,275,1,1,1.0
1993-04-01,276,1,1,1.0
1993-04-01,277,1,1,1.0
1993-04-01,278,1,1,1.0
1993-04-01,279,1,1,1.0
1993-04-01,280,1,1,1.0
1993-04-01,281,1,1,1.0
1993-04-01,282,1,1,1.0
1993-04-01,283,1,1,1.0
1993-04-01,284,1,1,1.0
1993-04-01,285,1,1,1.0
1993-04-01,286,1,1,1.0
1993-04-01,287,1,1,1.0
1993-04-01,288,1,1,1.0
1993-04-01,289,1,1,1.0
1993-04-01,290,1,1,1.0
1993-04-01,291,1,1,1.0
1993-04-01,292,1,1,1.0
1993-04-01,293,1,1,1.0
1993-04-01,294,1,1,1.0
1993-04-01,295,1,1,1.0
1993-04-01,296,1,1,1.0
1993-04-01,297,1,1,1.0
1993-04-01,298,1,1,1.0
1993-04-01,299,1,1,1.0
1993-04-01,300,1,1,1.0
1993-04-01,301,1,1,1.0
1993-04-01,302,1,1,1.0
1993-04-01,303,1,1,1.0
1993-04-01,304,1,1,1.0
1993-04-01,305,1,1,1.0
1993-04-01,306,1,1,1.0
1993-04-01,307,1,1,1.0
1993-04-01,308,1,1,1.0
1993-04-01,309,1,1,1.0
1993-04-01,310,1,1,1.0
1993-04-01,311,1,1,1.0
1993-04-01,312,1,1,1.0
1993-04-01,313,1,1,1.0
1993-04-01,314,1,1,1.0
1993-04-01,315,1,1,1.0
1993-04-01,316,1,1,1.0
1993-04-01,317,1,1,1.0
1993-04-01,318,1,1,1.0
1993-09-01,196,1,1,1.0
1993-09-01,197,1,1,1.0
1993-09-01,198,1,1,1.0
1993-09-01,199,1,1,1.0
1993-09-01,200,1,1,1.0
1993-09-01,201,1,1,1.0
1993-09-01,202,1,1,1.0
1993-09-01,203,1,1,1.0
1993-09-01,204,1,1,1.0
1993-09-01,205,1,1,1.0
1993-09-01,206,1,1,1.0
1993-09-01,207,1,1,1.0
1993-09-01,208,1,1,1.0
1993-09-01,209,1,1,1.0
1993-09-01,210,1,1,1.0
1993-09-01,211,1,1,1.0
1993-09-01,212,1,1,1.0
1993-09-01,213,1,1,1.0
1993-09-01,214,1,1,1.0
1993-09-01,215,1,1,1.0
1993-09-01,216,1,1,1.0
1993-09-01,217,1,1,1.0
1993-09-01,218,1,1,1.0
1993-09-01,219,1,1,1.0
1993-09-01,220,1,1,1.0
1993-09-01,221,1,1,1.0
1993-09-01,222,1,1,1.0
1993-09-01,223,1,1,1.0
1993-09-01,224,1,1,1.0
1993-09-01,225,1,1,1.0
1993-09-01,226,1,1,1.0
1993-09-01,227,1,1,1.0
1993-09-01,228,1,1,1.0
1993-09-01,229,1,1,1.0
1993-09-01,230,1,1,1.0
1993-09-01,231,1,1,1.0
1993-09-01,232,1,1,1.0
1993-09-01,233,1,1,1.0
1993-09-01,234,1,1,1.0
1993-09-01,235,1,1,1.0
1993-09-01,236,1,1,1.0
1993-09-01,237,1,1,1.0
1993-09-01,238,1,1,1.0
1993-09-01,239,1,1,1.0
1993-09-01,240,1,1,1.0
1993-09-01,241,1,1,1.0
1993-09-01,242,1,1,1.0
1993-09-01,243,1,1,1.0
1993-09-01,244,1,1,1.0
1993-09-01,245,1,1,1.0
1993-09-01,246,1,1,1.0
1993-09-01,247,1,1,1.0
1993-09-01,248,1,1,1.0
1993-09-01,249,1,1,1.0
1993-09-01,250,1,1,1.0
1993-09-01,251,1,1,1.0
1993-09-01,252,1,1,1.0
1993-09-01,253,1,1,1.0
1993-09-01,254,1,1,1.0
1993-09-01,255,1,1,1.0
1993-09-01,256,1,1,1.0
1993-09-01,257,1,1,1.0
1993-09-01,258,1,1,1.0
1993-09-01,259,1,1,1.0
1993-09-01,260,1,1,1.0
1993-09-01,261,1,1,1.0
1993-09-01,262,1,1,1.0
1993-09-01,263,1,1,1.0
1993-09-01,264,1,1,1.0
1993-09-01,265,1,1,1.0
1993-09-01,266,1,1,1.0
1993-09-01,267,1,1,1.0
1993-09-01,268,1,1,1.0
1993-09-01,269,1,1,1.0
1993-09-01,270,1,1,1.0
1993-09-01,271,1,1,1.0
1993-09-01,272,1,1,1.0
1993-09-01,273,1,1,1.0
1993-09-01,274,1,1,1.0
1993-09-01,275,1,1,1.0
1993-09-01,276,1,1,1.0
1993-09-01,277,1,1,1.0
1993-09-01,278,1,1,1.0
1993-09-01,279,1,1,1.0
1993-09-01,280,1,1,1.0
1993-09-01,281,1,1,1.0
1993-09-01,282,1,1,1.0
1993-09-01,283,1,1,1.0
1993-09-01,284,1,1,1.0
1993-09-01,285,1,1,1.0
1993-09-01,286,1,1,1.0
1993-09-01,287,1,1,1.0
1993-09-01,288,1,1,1.0
1993-09-01,289,1,1,1.0
1993-09-01,290,1,1,1.0
1993-09-01,291,1,1,1.0
1993-09-01,292,1,1,1.0
1993-09-01,293,1,1,1.0
1993-09-01,294,1,1,1.0
1993-09-01,295,1,1,1.0
1993-09-01,296,1,1,1.0
1993-09-01,297,1,1,1.0
1993-09-01,298,1,1,1.0
1993-09-01,299,1,1,1.0
1993-09-01,300,1,1,1.0
1993-09-01,301,1,1,1.0
1993-09-01,302,1,1,1.0
1993-09-01,303,1,1,1.0
1993-09-01,304,1,1,1.0
1993-09-01,305,1,1,1.0
1993-09-01,306,1,1,1.0
1993-09-01,307,1,1,1.0
1993-09-01,308,1,1,1.0
1993-09-01,309,1,1,1.0
1993-09-01,310,1,1,1.0
1993-09-01,311,1,1,1.0
1993-09-01,312,1,1,1.0
1993-09-01,313,1,1,1.0
1994-01-01,192,1,1,1.0
1994-01-01,193,1,1,1.0
1994-01-01,194,1,1,1.0
1994-01-01,195,1,1,1.0
1994-01-01,196,1,1,1.0
1994-01-01,197,1,1,1.0
1994-01-01,198,1,1,1.0
1994-01-01,199,1,1,1.0
1994-01-01,200,1,1,1.0
1994-01-01,201,1,1,1.0
1994-01-01,202,1,1,1.0
1994-01-01,203,1,1,1.0
1994-01-01,204,1,1,1.0
1994-01-01,205,1,1,1.0
1994-01-01,206,1,1,1.0
1994-01-01,207,1,1,1.0
1994-01-01,208,1,1,1.0
1994-01-01,209,1,1,1.0
1994-01-01,210,1,1,1.0
1994-01-01,211,1,1,1.0
1994-01-01,212,1,1,1.0
1994-01-01,213,1,1,1.0
1994-01-01,214,1,1,1.0
1994-01-01,215,1,1,1.0
1994-01-01,216,1,1,1.0
1994-01-01,217,1,1,1.0
1994-01-01,218,1,1,1.0
1994-01-01,219,1,1,1.0
1994-01-01,220,1,1,1.0
1994-01-01,221,1,1,1.0
1994-01-01,222,1,1,1.0
1994-01-01,223,1,1,1.0
1994-01-01,224,1,1,1.0
1994-01-01,225,1,1,1.0
1994-01-01,226,1,1,1.0
1994-01-01,227,1,1,1.0
1994-01-01,228,1,1,1.0
1994-01-01,229,1,1,1.0
1994-01-01,230,1,1,1.0
1994-01-01,231,1,1,1.0
1994-01-01,232,1,1,1.0
1994-01-01,233,1,1,1.0
1994-01-01,234,1,1,1.0
1994-01-01,235,1,1,1.0
1994-01-01,236,1,1,1.0
1994-01-01,237,1,1,1.0
1994-01-01,238,1,1,1.0
1994-01-01,239,1,1,1.0
1994-01-01,240,1,1,1.0
1994-01-01,241,1,1,1.0
1994-01-01,242,1,1,1.0
1994-01-01,243,1,1,1.0
1994-01-01,244,1,1,1.0
1994-01-01,245,1,1,1.0
1994-01-01,246,1,1,1.0
1994-01-01,247,1,1,1.0
1994-01-01,248,1,1,1.0
1994-01-01,249,1,1,1.0
1994-01-01,250,1,1,1.0
1994-01-01,251,1,1,1.0
1994-01-01,252,1,1,1.0
1994-01-01,253,1,1,1.0
1994-01-01,254,1,1,1.0
1994-01-01,255,1,1,1.0
1994-01-01,256,1,1,1.0
1994-01-01,257,1,1,1.0
1994-01-01,258,1,1,1.0
1994-01-01,259,1,1,1.0
1994-01-01,260,1,1,1.0
1994-01-01,261,1,1,1.0
1994-01-01,262,1,1,1.0
1994-01-01,263,1,1,1.0
1994-01-01,264,1,1,1.0
1994-01-01,265,1,1,1.0
1994-01-01,266,1,1,1.0
1994-01-01,267,1,1,1.0
1994-01-01,268,1,1,1.0
1994-01-01,269,1,1,1.0
1994-01-01,270,1,1,1.0
1994-01-01,271,1,1,1.0
1994-01-01,272,1,1,1.0
1994-01-01,273,1,1,1.0
1994-01-01,274,1,1,1.0
1994-01-01,275,1,1,1.0
1994-01-01,276,1,1,1.0
1994-01-01,277,1,1,1.0
1994-01-01,278,1,1,1.0
1994-01-01,279,1,1,1.0
1994-01-01,280,1,1,1.0
1994-01-01,281,1,1,1.0
1994-01-01,282,1,1,1.0
1994-01-01,283,1,1,1.0
1994-01-01,284,1,1,1.0
1994-01-01,285,1,1,1.0
1994-01-01,286,1,1,1.0
1994-01-01,287,1,1,1.0
1994-01-01,288,1,1,1.0
1994-01-01,289,1,1,1.0
1994-01-01,290,1,1,1.0
1994-01-01,291,1,1,1.0
1994-01-01,292,1,1,1.0
1994-01-01,293,1,1,1.0
1994-01-01,294,1,1,1.0
1994-01-01,295,1,1,1.0
1994-01-01,296,1,1,1.0
1994-01-01,297,1,1,1.0
1994-01-01,298,1,1,1.0
1994-01-01,299,1,1,1.0
1994-01-01,300,1,1,1.0
1994-01-01,301,1,1,1.0
1994-01-01,302,1,1,1.0
1994-01-01,303,1,1,1.0
1994-01-01,304,1,1,1.0
1994-01-01,305,1,1,1.0
1994-01-01,306,1,1,1.0
1994-01-01,307,1,1,1.0
1994-01-01,308,1,1,1.0
1994-01-01,309,1,1,1.0
1994-04-01,189,5,5,1.0
1994-04-01,190,5,5,1.0
1994-04-01,191,5,5,1.0
1994-04-01,192,5,5,1.0
1994-04-01,193,5,5,1.0
1994-04-01,194,5,5,1.0
1994-04-01,195,5,5,1.0
1994-04-01,196,5,5,1.0
1994-04-01,197,5,5,1.0
1994-04-01,198,5,5,1.0
1994-04-01,199,5,5,1.0
1994-04-01,200,5,5,1.0
1994-04-01,201,5,5,1.0
1994-04-01,202,5,5,1.0
1994-04-01,203,5,5,1.0
1994-04-01,204,5,5,1.0
1994-04-01,205,5,5,1.0
1994-04-01,206,5,5,1.0
1994-04-01,207,5,5,1.0
1994-04-01,208,5,5,1.0
1994-04-01,209,5,5,1.0
1994-04-01,210,5,5,1.0
1994-04-01,211,5,5,1.0
1994-04-01,212,5,5,1.0
1994-04-01,213,5,5,1.0
1994-04-01,214,5,5,1.0
1994-04-01,215,5,5,1.0
1994-04-01,216,5,5,1.0
1994-04-01,217,5,5,1.0
1994-04-01,218,5,5,1.0
1994-04-01,219,5,5,1.0
1994-04-01,220,5,5,1.0
1994-04-01,221,5,5,1.0
1994-04-01,222,5,5,1.0
1994-04-01,223,5,5,1.0
1994-04-01,224,5,5,1.0
1994-04-01,225,5,5,1.0
1994-04-01,226,5,5,1.0
1994-04-01,227,5,5,1.0
1994-04-01,228,5,5,1.0
1994-04-01,229,5,5,1.0
1994-04-01,230,5,5,1.0
1994-04-01,231,5,5,1.0
1994-04-01,232,5,5,1.0
1994-04-01,233,5,5,1.0
1994-04-01,234,5,5,1.0
1994-04-01,235,5,5,1.0
1994-04-01,236,5,5,1.0
1994-04-01,237,5,5,1.0
1994-04-01,238,5,5,1.0
1994-04-01,239,5,5,1.0
1994-04-01,240,5,5,1.0
1994-04-01,241,5,5,1.0
1994-04-01,242,5,5,1.0
1994-04-01,243,5,5,1.0
1994-04-01,244,5,5,1.0
1994-04-01,245,5,5,1.0
1994-04-01,246,5,5,1.0
1994-04-01,247,5,5,1.0
1994-04-01,248,5,5,1.0
1994-04-01,249,5,5,1.0
1994-04-01,250,5,5,1.0
1994-04-01,251,5,5,1.0
1994-04-01,252,5,5,1.0
1994-04-01,253,5,5,1.0
1994-04-01,254,5,5,1.0
1994-04-01,255,5,5,1.0
1994-04-01,256,5,5,1.0
1994-04-01,257,5,5,1.0
1994-04-01,258,5,5,1.0
1994-04-01,259,5,5,1.0
1994-04-01,260,5,5,1.0
1994-04-01,261,5,5,1.0
1994-04-01,262,5,5,1.0
1994-04-01,263,5,5,1.0
1994-04-01,264,5,5,1.0
1994-04-01,265,5,5,1.0
1994-04-01,266,5,5,1.0
1994-04-01,267,5,5,1.0
1994-04-01,268,5,5,1.0
1994-04-01,269,5,5,1.0
1994-04-01,270,5,5,1.0
1994-04-01,271,5,5,1.0
1994-04-01,272,5,5,1.0
1994-04-01,273,5,5,1.0
1994-04-01,274,5,5,1.0
1994-04-01,275,5,5,1.0
1994-04-01,276,5,5,1.0
1994-04-01,277,5,5,1.0
1994-04-01,278,5,5,1.0
1994-04-01,279,5,5,1.0
1994-04-01,280,5,5,1.0
1994-04-01,281,5,5,1.0
1994-04-01,282,5,5,1.0
1994-04-01,283,5,5,1.0
1994-04-01,284,5,5,1.0
1994-04-01,285,5,5,1.0
1994-04-01,286,5,5,1.0
1994-04-01,287,5,5,1.0
1994-04-01,288,5,5,1.0
1994-04-01,289,5,5,1.0
1994-04-01,290,5,5,1.0
1994-04-01,291,5,5,1.0
1994-04-01,292,5,5,1.0
1994-04-01,293,5,5,1.0
1994-04-01,294,5,5,1.0
1994-04-01,295,5,5,1.0
1994-04-01,296,5,5,1.0
1994-04-01,297,5,5,1.0
1994-04-01,298,5,5,1.0
1994-04-01,299,5,5,1.0
1994-04-01,300,5,5,1.0
1994-04-01,301,5,5,1.0
1994-04-01,302,5,5,1.0
1994-04-01,303,5,5,1.0
1994-04-01,304,5,5,1.0
1994-04-01,305,5,5,1.0
1994-04-01,306,5,5,1.0
1994-08-01,185,1,1,1.0
1994-08-01,186,1,1,1.0
1994-08-01,187,1,1,1.0
1994-08-01,188,1,1,1.0
1994-08-01,189,1,1,1.0
1994-08-01,190,1,1,1.0
1994-08-01,191,1,1,1.0
1994-08-01,192,1,1,1.0
1994-08-01,193,1,1,1.0
1994-08-01,194,1,1,1.0
1994-08-01,195,1,1,1.0
1994-08-01,196,1,1,1.0
1994-08-01,197,1,1,1.0
1994-08-01,198,1,1,1.0
1994-08-01,199,1,1,1.0
1994-08-01,200,1,1,1.0
1994-08-01,201,1,1,1.0
1994-08-01,202,1,1,1.0
1994-08-01,203,1,1,1.0
1994-08-01,204,1,1,1.0
1994-08-01,205,1,1,1.0
1994-08-01,206,1,1,1.0
1994-08-01,207,1,1,1.0
1994-08-01,208,1,1,1.0
1994-08-01,209,1,1,1.0
1994-08-01,210,1,1,1.0
1994-08-01,211,1,1,1.0
1994-08-01,212,1,1,1.0
1994-08-01,213,1,1,1.0
1994-08-01,214,1,1,1.0
1994-08-01,215,1,1,1.0
1994-08-01,216,1,1,1.0
1994-08-01,217,1,1,1.0
1994-08-01,218,1,1,1.0
1994-08-01,219,1,1,1.0
1994-08-01,220,1,1,1.0
1994-08-01,221,1,1,1.0
1994-08-01,222,1,1,1.0
1994-08-01,223,1,1,1.0
1994-08-01,224,1,1,1.0
1994-08-01,225,1,1,1.0
1994-08-01,226,1,1,1.0
1994-08-01,227,1,1,1.0
1994-08-01,228,1,1,1.0
1994-08-01,229,1,1,1.0
1994-08-01,230,1,1,1.0
1994-08-01,231,1,1,1.0
1994-08-01,232,1,1,1.0
1994-08-01,233,1,1,1.0
1994-08-01,234,1,1,1.0
1994-08-01,235,1,1,1.0
1994-08-01,236,1,1,1.0
1994-08-01,237,1,1,1.0
1994-08-01,238,1,1,1.0
1994-08-01,239,1,1,1.0
1994-08-01,240,1,1,1.0
1994-08-01,241,1,1,1.0
1994-08-01,242,1,1,1.0
1994-08-01,243,1,1,1.0
1994-08-01,244,1,1,1.0
1994-08-01,245,1,1,1.0
1994-08-01,246,1,1,1.0
1994-08-01,247,1,1,1.0
1994-08-01,248,1,1,1.0
1994-08-01,249,1,1,1.0
1994-08-01,250,1,1,1.0
1994-08-01,251,1,1,1.0
1994-08-01,252,1,1,1.0
1994-08-01,253,1,1,1.0
1994-08-01,254,1,1,1.0
1994-08-01,255,1,1,1.0
1994-08-01,256,1,1,1.0
1994-08-01,257,1,1,1.0
1994-08-01,258,1,1,1.0
1994-08-01,259,1,1,1.0
1994-08-01,260,1,1,1.0
1994-08-01,261,1,1,1.0
1994-08-01,262,1,1,1.0
1994-08-01,263,1,1,1.0
1994-08-01,264,1,1,1.0
1994-08-01,265,1,1,1.0
1994-08-01,266,1,1,1.0
1994-08-01,267,1,1,1.0
1994-08-01,268,1,1,1.0
1994-08-01,269,1,1,1.0
1994-08-01,270,1,1,1.0
1994-08-01,271,1,1,1.0
1994-08-01,272,1,1,1.0
1994-08-01,273,1,1,1.0
1994-08-01,274,1,1,1.0
1994-08-01,275,1,1,1.0
1994-08-01,276,1,1,1.0
1994-08-01,277,1,1,1.0
1994-08-01,278,1,1,1.0
1994-08-01,279,1,1,1.0
1994-08-01,280,1,1,1.0
1994-08-01,281,1,1,1.0
1994-08-01,282,1,1,1.0
1994-08-01,283,1,1,1.0
1994-08-01,284,1,1,1.0
1994-08-01,285,1,1,1.0
1994-08-01,286,1,1,1.0
1994-08-01,287,1,1,1.0
1994-08-01,288,1,1,1.0
1994-08-01,289,1,1,1.0
1994-08-01,290,1,1,1.0
1994-08-01,291,1,1,1.0
1994-08-01,292,1,1,1.0
1994-08-01,293,1,1,1.0
1994-08-01,294,1,1,1.0
1994-08-01,295,1,1,1.0
1994-08-01,296,1,1,1.0
1994-08-01,297,1,1,1.0
1994-08-01,298,1,1,1.0
1994-08-01,299,1,1,1.0
1994-08-01,300,1,1,1.0
1994-08-01,301,1,1,1.0
1994-08-01,302,1,1,1.0
1994-09-01,184,1,1,1.0
1994-09-01,185,1,1,1.0
1994-09-01,186,1,1,1.0
1994-09-01,187,1,1,1.0
1994-09-01,188,1,1,1.0
1994-09-01,189,1,1,1.0
1994-09-01,190,1,1,1.0
1994-09-01,191,1,1,1.0
1994-09-01,192,1,1,1.0
1994-09-01,193,1,1,1.0
1994-09-01,194,1,1,1.0
1994-09-01,195,1,1,1.0
1994-09-01,196,1,1,1.0
1994-09-01,197,1,1,1.0
1994-09-01,198,1,1,1.0
1994-09-01,199,1,1,1.0
1994-09-01,200,1,1,1.0
1994-09-01,201,1,1,1.0
1994-09-01,202,1,1,1.0
1994-09-01,203,1,1,1.0
1994-09-01,204,1,1,1.0
1994-09-01,205,1,1,1.0
1994-09-01,206,1,1,1.0
1994-09-01,207,1,1,1.0
1994-09-01,208,1,1,1.0
1994-09-01,209,1,1,1.0
1994-09-01,210,1,1,1.0
1994-09-01,211,1,1,1.0
1994-09-01,212,1,1,1.0
1994-09-01,213,1,1,1.0
1994-09-01,214,1,1,1.0
1994-09-01,215,1,1,1.0
1994-09-01,216,1,1,1.0
1994-09-01,217,1,1,1.0
1994-09-01,218,1,1,1.0
1994-09-01,219,1,1,1.0
1994-09-01,220,1,1,1.0
1994-09-01,221,1,1,1.0
1994-09-01,222,1,1,1.0
1994-09-01,223,1,1,1.0
1994-09-01,224,1,1,1.0
1994-09-01,225,1,1,1.0
1994-09-01,226,1,1,1.0
1994-09-01,227,1,1,1.0
1994-09-01,228,1,1,1.0
1994-09-01,229,1,1,1.0
1994-09-01,230,1,1,1.0
1994-09-01,231,1,1,1.0
1994-09-01,232,1,1,1.0
1994-09-01,233,1,1,1.0
1994-09-01,234,1,1,1.0
1994-09-01,235,1,1,1.0
1994-09-01,236,1,1,1.0
1994-09-01,237,1,1,1.0
1994-09-01,238,1,1,1.0
1994-09-01,239,1,1,1.0
1994-09-01,240,1,1,1.0
1994-09-01,241,1,1,1.0
1994-09-01,242,1,1,1.0
1994-09-01,243,1,1,1.0
1994-09-01,244,1,1,1.0
1994-09-01,245,1,1,1.0
1994-09-01,246,1,1,1.0
1994-09-01,247,1,1,1.0
1994-09-01,248,1,1,1.0
1994-09-01,249,1,1,1.0
1994-09-01,250,1,1,1.0
1994-09-01,251,1,1,1.0
1994-09-01,252,1,1,1.0
1994-09-01,253,1,1,1.0
1994-09-01,254,1,1,1.0
1994-09-01,255,1,1,1.0
1994-09-01,256,1,1,1.0
1994-09-01,257,1,1,1.0
1994-09-01,258,1,1,1.0
1994-09-01,259,1,1,1.0
1994-09-01,260,1,1,1.0
1994-09-01,261,1,1,1.0
1994-09-01,262,1,1,1.0
1994-09-01,263,1,1,1.0
1994-09-01,264,1,1,1.0
1994-09-01,265,1,1,1.0
1994-09-01,266,1,1,1.0
1994-09-01,267,1,1,1.0
1994-09-01,268,1,1,1.0
1994-09-01,269,1,1,1.0
1994-09-01,270,1,1,1.0
1994-09-01,271,1,1,1.0
1994-09-01,272,1,1,1.0
1994-09-01,273,1,1,1.0
1994-09-01,274,1,1,1.0
1994-09-01,275,1,1,1.0
1994-09-01,276,1,1,1.0
1994-09-01,277,1,1,1.0
1994-09-01,278,1,1,1.0
1994-09-01,279,1,1,1.0
1994-09-01,280,1,1,1.0
1994-09-01,281,1,1,1.0
1994-09-01,282,1,1,1.0
1994-09-01,283,1,1,1.0
1994-09-01,284,1,1,1.0
1994-09-01,285,1,1,1.0
1994-09-01,286,1,1,1.0
1994-09-01,287,1,1,1.0
1994-09-01,288,1,1,1.0
1994-09-01,289,1,1,1.0
1994-09-01,290,1,1,1.0
1994-09-01,291,1,1,1.0
1994-09-01,292,1,1,1.0
1994-09-01,293,1,1,1.0
1994-09-01,294,1,1,1.0
1994-09-01,295,1,1,1.0
1994-09-01,296,1,1,1.0
1994-09-01,297,1,1,1.0
1994-09-01,298,1,1,1.0
1994-09-01,299,1,1,1.0
1994-09-01,300,1,1,1.0
1994-09-01,301,1,1,1.0
1994-11-01,182,1,1,1.0
1994-11-01,183,1,1,1.0
1994-11-01,184,1,1,1.0
1994-11-01,185,1,1,1.0
1994-11-01,186,1,1,1.0
1994-11-01,187,1,1,1.0
1994-11-01,188,1,1,1.0
1994-11-01,189,1,1,1.0
1994-11-01,190,1,1,1.0
1994-11-01,191,1,1,1.0
1994-11-01,192,1,1,1.0
1994-11-01,193,1,1,1.0
1994-11-01,194,1,1,1.0
1994-11-01,195,1,1,1.0
1994-11-01,196,1,1,1.0
1994-11-01,197,1,1,1.0
1994-11-01,198,1,1,1.0
1994-11-01,199,1,1,1.0
1994-11-01,200,1,1,1.0
1994-11-01,201,1,1,1.0
1994-11-01,202,1,1,1.0
1994-11-01,203,1,1,1.0
1994-11-01,204,1,1,1.0
1994-11-01,205,1,1,1.0
1994-11-01,206,1,1,1.0
1994-11-01,207,1,1,1.0
1994-11-01,208,1,1,1.0
1994-11-01,209,1,1,1.0
1994-11-01,210,1,1,1.0
1994-11-01,211,1,1,1.0
1994-11-01,212,1,1,1.0
1994-11-01,213,1,1,1.0
1994-11-01,214,1,1,1.0
1994-11-01,215,1,1,1.0
1994-11-01,216,1,1,1.0
1994-11-01,217,1,1,1.0
1994-11-01,218,1,1,1.0
1994-11-01,219,1,1,1.0
1994-11-01,220,1,1,1.0
1994-11-01,221,1,1,1.0
1994-11-01,222,1,1,1.0
1994-11-01,223,1,1,1.0
1994-11-01,224,1,1,1.0
1994-11-01,225,1,1,1.0
1994-11-01,226,1,1,1.0
1994-11-01,227,1,1,1.0
1994-11-01,228,1,1,1.0
1994-11-01,229,1,1,1.0
1994-11-01,230,1,1,1.0
1994-11-01,231,1,1,1.0
1994-11-01,232,1,1,1.0
1994-11-01,233,1,1,1.0
1994-11-01,234,1,1,1.0
1994-11-01,235,1,1,1.0
1994-11-01,236,1,1,1.0
1994-11-01,237,1,1,1.0
1994-11-01,238,1,1,1.0
1994-11-01,239,1,1,1.0
1994-11-01,240,1,1,1.0
1994-11-01,241,1,1,1.0
1994-11-01,242,1,1,1.0
1994-11-01,243,1,1,1.0
1994-11-01,244,1,1,1.0
1994-11-01,245,1,1,1.0
1994-11-01,246,1,1,1.0
1994-11-01,247,1,1,1.0
1994-11-01,248,1,1,1.0
1994-11-01,249,1,1,1.0
1994-11-01,250,1,1,1.0
1994-11-01,251,1,1,1.0
1994-11-01,252,1,1,1.0
1994-11-01,253,1,1,1.0
1994-11-01,254,1,1,1.0
1994-11-01,255,1,1,1.0
1994-11-01,256,1,1,1.0
1994-11-01,257,1,1,1.0
1994-11-01,258,1,1,1.0
1994-11-01,259,1,1,1.0
1994-11-01,260,1,1,1.0
1994-11-01,261,1,1,1.0
1994-11-01,262,1,1,1.0
1994-11-01,263,1,1,1.0
1994-11-01,264,1,1,1.0
1994-11-01,265,1,1,1.0
1994-11-01,266,1,1,1.0
1994-11-01,267,1,1,1.0
1994-11-01,268,1,1,1.0
1994-11-01,269,1,1,1.0
1994-11-01,270,1,1,1.0
1994-11-01,271,1,1,1.0
1994-11-01,272,1,1,1.0
1994-11-01,273,1,1,1.0
1994-11-01,274,1,1,1.0
1994-11-01,275,1,1,1.0
1994-11-01,276,1,1,1.0
1994-11-01,277,1,1,1.0
1994-11-01,278,1,1,1.0
1994-11-01,279,1,1,1.0
1994-11-01,280,1,1,1.0
1994-11-01,281,1,1,1.0
1994-11-01,282,1,1,1.0
1994-11-01,283,1,1,1.0
1994-11-01,284,1,1,1.0
1994-11-01,285,1,1,1.0
1994-11-01,286,1,1,1.0
1994-11-01,287,1,1,1.0
1994-11-01,288,1,1,1.0
1994-11-01,289,1,1,1.0
1994-11-01,290,1,1,1.0
1994-11-01,291,1,1,1.0
1994-11-01,292,1,1,1.0
1994-11-01,293,1,1,1.0
1994-11-01,294,1,1,1.0
1994-11-01,295,1,1,1.0
1994-11-01,296,1,1,1.0
1994-11-01,297,1,1,1.0
1994-11-01,298,1,1,1.0
1994-11-01,299,1,1,1.0
1994-12-01,181,1,1,1.0
1994-12-01,182,1,1,1.0
1994-12-01,183,1,1,1.0
1994-12-01,184,1,1,1.0
1994-12-01,185,1,1,1.0
1994-12-01,186,1,1,1.0
1994-12-01,187,1,1,1.0
1994-12-01,188,1,1,1.0
1994-12-01,189,1,1,1.0
1994-12-01,190,1,1,1.0
1994-12-01,191,1,1,1.0
1994-12-01,192,1,1,1.0
1994-12-01,193,1,1,1.0
1994-12-01,194,1,1,1.0
1994-12-01,195,1,1,1.0
1994-12-01,196,1,1,1.0
1994-12-01,197,1,1,1.0
1994-12-01,198,1,1,1.0
1994-12-01,199,1,1,1.0
1994-12-01,200,1,1,1.0
1994-12-01,201,1,1,1.0
1994-12-01,202,1,1,1.0
1994-12-01,203,1,1,1.0
1994-12-01,204,1,1,1.0
1994-12-01,205,1,1,1.0
1994-12-01,206,1,1,1.0
1994-12-01,207,1,1,1.0
1994-12-01,208,1,1,1.0
1994-12-01,209,1,1,1.0
1994-12-01,210,1,1,1.0
1994-12-01,211,1,1,1.0
1994-12-01,212,1,1,1.0
1994-12-01,213,1,1,1.0
1994-12-01,214,1,1,1.0
1994-12-01,215,1,1,1.0
1994-12-01,216,1,1,1.0
1994-12-01,217,1,1,1.0
1994-12-01,218,1,1,1.0
1994-12-01,219,1,1,1.0
1994-12-01,220,1,1,1.0
1994-12-01,221,1,1,1.0
1994-12-01,222,1,1,1.0
1994-12-01,223,1,1,1.0
1994-12-01,224,1,1,1.0
1994-12-01,225,1,1,1.0
1994-12-01,226,1,1,1.0
1994-12-01,227,1,1,1.0
1994-12-01,228,1,1,1.0
1994-12-01,229,1,1,1.0
1994-12-01,230,1,1,1.0
1994-12-01,231,1,1,1.0
1994-12-01,232,1,1,1.0
1994-12-01,233,1,1,1.0
1994-12-01,234,1,1,1.0
1994-12-01,235,1,1,1.0
1994-12-01,236,1,1,1.0
1994-12-01,237,1,1,1.0
1994-12-01,238,1,1,1.0
1994-12-01,239,1,1,1.0
1994-12-01,240,1,1,1.0
1994-12-01,241,1,1,1.0
1994-12-01,242,1,1,1.0
1994-12-01,243,1,1,1.0
1994-12-01,244,1,1,1.0
1994-12-01,245,1,1,1.0
1994-12-01,246,1,1,1.0
1994-12-01,247,1,1,1.0
1994-12-01,248,1,1,1.0
1994-12-01,249,1,1,1.0
1994-12-01,250,1,1,1.0
1994-12-01,251,1,1,1.0
1994-12-01,252,1,1,1.0
1994-12-01,253,1,1,1.0
1994-12-01,254,1,1,1.0
1994-12-01,255,1,1,1.0
1994-12-01,256,1,1,1.0
1994-12-01,257,1,1,1.0
1994-12-01,258,1,1,1.0
1994-12-01,259,1,1,1.0
1994-12-01,260,1,1,1.0
1994-12-01,261,1,1,1.0
1994-12-01,262,1,1,1.0
1994-12-01,263,1,1,1.0
1994-12-01,264,1,1,1.0
1994-12-01,265,1,1,1.0
1994-12-01,266,1,1,1.0
1994-12-01,267,1,1,1.0
1994-12-01,268,1,1,1.0
1994-12-01,269,1,1,1.0
1994-12-01,270,1,1,1.0
1994-12-01,271,1,1,1.0
1994-12-01,272,1,1,1.0
1994-12-01,273,1,1,1.0
1994-12-01,274,1,1,1.0
1994-12-01,275,1,1,1.0
1994-12-01,276,1,1,1.0
1994-12-01,277,1,1,1.0
1994-12-01,278,1,1,1.0
1994-12-01,279,1,1,1.0
1994-12-01,280,1,1,1.0
1994-12-01,281,1,1,1.0
1994-12-01,282,1,1,1.0
1994-12-01,283,1,1,1.0
1994-12-01,284,1,1,1.0
1994-12-01,285,1,1,1.0
1994-12-01,286,1,1,1.0
1994-12-01,287,1,1,1.0
1994-12-01,288,1,1,1.0
1994-12-01,289,1,1,1.0
1994-12-01,290,1,1,1.0
1994-12-01,291,1,1,1.0
1994-12-01,292,1,1,1.0
1994-12-01,293,1,1,1.0
1994-12-01,294,1,1,1.0
1994-12-01,295,1,1,1.0
1994-12-01,296,1,1,1.0
1994-12-01,297,1,1,1.0
1994-12-01,298,1,1,1.0
1995-01-01,180,2,2,1.0
1995-01-01,181,2,2,1.0
1995-01-01,182,2,2,1.0
1995-01-01,183,2,2,1.0
1995-01-01,184,2,2,1.0
1995-01-01,185,2,2,1.0
1995-01-01,186,2,2,1.0
1995-01-01,187,2,2,1.0
1995-01-01,188,2,2,1.0
1995-01-01,189,2,2,1.0
1995-01-01,190,2,2,1.0
1995-01-01,191,2,2,1.0
1995-01-01,192,2,2,1.0
1995-01-01,193,2,2,1.0
1995-01-01,194,2,2,1.0
1995-01-01,195,2,2,1.0
1995-01-01,196,2,2,1.0
1995-01-01,197,2,2,1.0
1995-01-01,198,2,2,1.0
1995-01-01,199,2,2,1.0
1995-01-01,200,2,2,1.0
1995-01-01,201,2,2,1.0
1995-01-01,202,2,2,1.0
1995-01-01,203,2,2,1.0
1995-01-01,204,2,2,1.0
1995-01-01,205,2,2,1.0
1995-01-01,206,2,2,1.0
1995-01-01,207,2,2,1.0
1995-01-01,208,2,2,1.0
1995-01-01,209,2,2,1.0
1995-01-01,210,2,2,1.0
1995-01-01,211,2,2,1.0
1995-01-01,212,2,2,1.0
1995-01-01,213,2,2,1.0
1995-01-01,214,2,2,1.0
1995-01-01,215,2,2,1.0
1995-01-01,216,2,2,1.0
1995-01-01,217,2,2,1.0
1995-01-01,218,2,2,1.0
1995-01-01,219,2,2,1.0
1995-01-01,220,2,2,1.0
1995-01-01,221,2,2,1.0
1995-01-01,222,2,2,1.0
1995-01-01,223,2,2,1.0
1995-01-01,224,2,2,1.0
1995-01-01,225,2,2,1.0
1995-01-01,226,2,2,1.0
1995-01-01,227,2,2,1.0
1995-01-01,228,2,2,1.0
1995-01-01,229,2,2,1.0
1995-01-01,230,2,2,1.0
1995-01-01,231,2,2,1.0
1995-01-01,232,2,2,1.0
1995-01-01,233,2,2,1.0
1995-01-01,234,2,2,1.0
1995-01-01,235,2,2,1.0
1995-01-01,236,2,2,1.0
1995-01-01,237,2,2,1.0
1995-01-01,238,2,2,1.0
1995-01-01,239,2,2,1.0
1995-01-01,240,2,2,1.0
1995-01-01,241,2,2,1.0
1995-01-01,242,2,2,1.0
1995-01-01,243,2,2,1.0
1995-01-01,244,2,2,1.0
1995-01-01,245,2,2,1.0
1995-01-01,246,2,2,1.0
1995-01-01,247,2,2,1.0
1995-01-01,248,2,2,1.0
1995-01-01,249,2,2,1.0
1995-01-01,250,2,2,1.0
1995-01-01,251,2,2,1.0
1995-01-01,252,2,2,1.0
1995-01-01,253,2,2,1.0
1995-01-01,254,2,2,1.0
1995-01-01,255,2,2,1.0
1995-01-01,256,2,2,1.0
1995-01-01,257,2,2,1.0
1995-01-01,258,2,2,1.0
1995-01-01,259,2,2,1.0
1995-01-01,260,2,2,1.0
1995-01-01,261,2,2,1.0
1995-01-01,262,2,2,1.0
1995-01-01,263,2,2,1.0
1995-01-01,264,2,2,1.0
1995-01-01,265,2,2,1.0
1995-01-01,266,2,2,1.0
1995-01-01,267,2,2,1.0
1995-01-01,268,2,2,1.0
1995-01-01,269,2,2,1.0
1995-01-01,270,2,2,1.0
1995-01-01,271,2,2,1.0
1995-01-01,272,2,2,1.0
1995-01-01,273,2,2,1.0
1995-01-01,274,2,2,1.0
1995-01-01,275,2,2,1.0
1995-01-01,276,2,2,1.0
1995-01-01,277,2,2,1.0
1995-01-01,278,2,2,1.0
1995-01-01,279,2,2,1.0
1995-01-01,280,2,2,1.0
1995-01-01,281,2,2,1.0
1995-01-01,282,2,2,1.0
1995-01-01,283,2,2,1.0
1995-01-01,284,2,2,1.0
1995-01-01,285,2,2,1.0
1995-01-01,286,2,2,1.0
1995-01-01,287,2,2,1.0
1995-01-01,288,2,2,1.0
1995-01-01,289,2,2,1.0
1995-01-01,290,2,2,1.0
1995-01-01,291,2,2,1.0
1995-01-01,292,2,2,1.0
1995-01-01,293,2,2,1.0
1995-01-01,294,2,2,1.0
1995-01-01,295,2,2,1.0
1995-01-01,296,2,2,1.0
1995-01-01,297,2,2,1.0
1995-09-01,172,2,2,1.0
1995-09-01,173,2,2,1.0
1995-09-01,174,2,2,1.0
1995-09-01,175,2,2,1.0
1995-09-01,176,2,2,1.0
1995-09-01,177,2,2,1.0
1995-09-01,178,2,2,1.0
1995-09-01,179,2,2,1.0
1995-09-01,180,2,2,1.0
1995-09-01,181,2,2,1.0
1995-09-01,182,2,2,1.0
1995-09-01,183,2,2,1.0
1995-09-01,184,2,2,1.0
1995-09-01,185,2,2,1.0
1995-09-01,186,2,2,1.0
1995-09-01,187,2,2,1.0
1995-09-01,188,2,2,1.0
1995-09-01,189,2,2,1.0
1995-09-01,190,2,2,1.0
1995-09-01,191,2,2,1.0
1995-09-01,192,2,2,1.0
1995-09-01,193,2,2,1.0
1995-09-01,194,2,2,1.0
1995-09-01,195,2,2,1.0
1995-09-01,196,2,2,1.0
1995-09-01,197,2,2,1.0
1995-09-01,198,2,2,1.0
1995-09-01,199,2,2,1.0
1995-09-01,200,2,2,1.0
1995-09-01,201,2,2,1.0
1995-09-01,202,2,2,1.0
1995-09-01,203,2,2,1.0
1995-09-01,204,2,2,1.0
1995-09-01,205,2,2,1.0
1995-09-01,206,2,2,1.0
1995-09-01,207,2,2,1.0
1995-09-01,208,2,2,1.0
1995-09-01,209,2,2,1.0
1995-09-01,210,2,2,1.0
1995-09-01,211,2,2,1.0
1995-09-01,212,2,2,1.0
1995-09-01,213,2,2,1.0
1995-09-01,214,2,2,1.0
1995-09-01,215,2,2,1.0
1995-09-01,216,2,2,1.0
1995-09-01,217,2,2,1.0
1995-09-01,218,2,2,1.0
1995-09-01,219,2,2,1.0
1995-09-01,220,2,2,1.0
1995-09-01,221,2,2,1.0
1995-09-01,222,2,2,1.0
1995-09-01,223,2,2,1.0
1995-09-01,224,2,2,1.0
1995-09-01,225,2,2,1.0
1995-09-01,226,2,2,1.0
1995-09-01,227,2,2,1.0
1995-09-01,228,2,2,1.0
1995-09-01,229,2,2,1.0
1995-09-01,230,2,2,1.0
1995-09-01,231,2,2,1.0
1995-09-01,232,2,2,1.0
1995-09-01,233,2,2,1.0
1995-09-01,234,2,2,1.0
1995-09-01,235,2,2,1.0
1995-09-01,236,2,2,1.0
1995-09-01,237,2,2,1.0
1995-09-01,238,2,2,1.0
1995-09-01,239,2,2,1.0
1995-09-01,240,2,2,1.0
1995-09-01,241,2,2,1.0
1995-09-01,242,2,2,1.0
1995-09-01,243,2,2,1.0
1995-09-01,244,2,2,1.0
1995-09-01,245,2,2,1.0
1995-09-01,246,2,2,1.0
1995-09-01,247,2,2,1.0
1995-09-01,248,2,2,1.0
1995-09-01,249,2,2,1.0
1995-09-01,250,2,2,1.0
1995-09-01,251,2,2,1.0
1995-09-01,252,2,2,1.0
1995-09-01,253,2,2,1.0
1995-09-01,254,2,2,1.0
1995-09-01,255,2,2,1.0
1995-09-01,256,2,2,1.0
1995-09-01,257,2,2,1.0
1995-09-01,258,2,2,1.0
1995-09-01,259,2,2,1.0
1995-09-01,260,2,2,1.0
1995-09-01,261,2,2,1.0
1995-09-01,262,2,2,1.0
1995-09-01,263,2,2,1.0
1995-09-01,264,2,2,1.0
1995-09-01,265,2,2,1.0
1995-09-01,266,2,2,1.0
1995-09-01,267,2,2,1.0
1995-09-01,268,2,2,1.0
1995-09-01,269,2,2,1.0
1995-09-01,270,2,2,1.0
1995-09-01,271,2,2,1.0
1995-09-01,272,2,2,1.0
1995-09-01,273,2,2,1.0
1995-09-01,274,2,2,1.0
1995-09-01,275,2,2,1.0
1995-09-01,276,2,2,1.0
1995-09-01,277,2,2,1.0
1995-09-01,278,2,2,1.0
1995-09-01,279,2,2,1.0
1995-09-01,280,2,2,1.0
1995-09-01,281,2,2,1.0
1995-09-01,282,2,2,1.0
1995-09-01,283,2,2,1.0
1995-09-01,284,2,2,1.0
1995-09-01,285,2,2,1.0
1995-09-01,286,2,2,1.0
1995-09-01,287,2,2,1.0
1995-09-01,288,2,2,1.0
1995-09-01,289,2,2,1.0
1995-11-01,170,1,1,1.0
1995-11-01,171,1,1,1.0
1995-11-01,172,1,1,1.0
1995-11-01,173,1,1,1.0
1995-11-01,174,1,1,1.0
1995-11-01,175,1,1,1.0
1995-11-01,176,1,1,1.0
1995-11-01,177,1,1,1.0
1995-11-01,178,1,1,1.0
1995-11-01,179,1,1,1.0
1995-11-01,180,1,1,1.0
1995-11-01,181,1,1,1.0
1995-11-01,182,1,1,1.0
1995-11-01,183,1,1,1.0
1995-11-01,184,1,1,1.0
1995-11-01,185,1,1,1.0
1995-11-01,186,1,1,1.0
1995-11-01,187,1,1,1.0
1995-11-01,188,1,1,1.0
1995-11-01,189,1,1,1.0
1995-11-01,190,1,1,1.0
1995-11-01,191,1,1,1.0
1995-11-01,192,1,1,1.0
1995-11-01,193,1,1,1.0
1995-11-01,194,1,1,1.0
1995-11-01,195,1,1,1.0
1995-11-01,196,1,1,1.0
1995-11-01,197,1,1,1.0
1995-11-01,198,1,1,1.0
1995-11-01,199,1,1,1.0
1995-11-01,200,1,1,1.0
1995-11-01,201,1,1,1.0
1995-11-01,202,1,1,1.0
1995-11-01,203,1,1,1.0
1995-11-01,204,1,1,1.0
1995-11-01,205,1,1,1.0
1995-11-01,206,1,1,1.0
1995-11-01,207,1,1,1.0
1995-11-01,208,1,1,1.0
1995-11-01,209,1,1,1.0
1995-11-01,210,1,1,1.0
1995-11-01,211,1,1,1.0
1995-11-01,212,1,1,1.0
1995-11-01,213,1,1,1.0
1995-11-01,214,1,1,1.0
1995-11-01,215,1,1,1.0
1995-11-01,216,1,1,1.0
1995-11-01,217,1,1,1.0
1995-11-01,218,1,1,1.0
1995-11-01,219,1,1,1.0
1995-11-01,220,1,1,1.0
1995-11-01,221,1,1,1.0
1995-11-01,222,1,1,1.0
1995-11-01,223,1,1,1.0
1995-11-01,224,1,1,1.0
1995-11-01,225,1,1,1.0
1995-11-01,226,1,1,1.0
1995-11-01,227,1,1,1.0
1995-11-01,228,1,1,1.0
1995-11-01,229,1,1,1.0
1995-11-01,230,1,1,1.0
1995-11-01,231,1,1,1.0
1995-11-01,232,1,1,1.0
1995-11-01,233,1,1,1.0
1995-11-01,234,1,1,1.0
1995-11-01,235,1,1,1.0
1995-11-01,236,1,1,1.0
1995-11-01,237,1,1,1.0
1995-11-01,238,1,1,1.0
1995-11-01,239,1,1,1.0
1995-11-01,240,1,1,1.0
1995-11-01,241,1,1,1.0
1995-11-01,242,1,1,1.0
1995-11-01,243,1,1,1.0
1995-11-01,244,1,1,1.0
1995-11-01,245,1,1,1.0
1995-11-01,246,1,1,1.0
1995-11-01,247,1,1,1.0
1995-11-01,248,1,1,1.0
1995-11-01,249,1,1,1.0
1995-11-01,250,1,1,1.0
1995-11-01,251,1,1,1.0
1995-11-01,252,1,1,1.0
1995-11-01,253,1,1,1.0
1995-11-01,254,1,1,1.0
1995-11-01,255,1,1,1.0
1995-11-01,256,1,1,1.0
1995-11-01,257,1,1,1.0
1995-11-01,258,1,1,1.0
1995-11-01,259,1,1,1.0
1995-11-01,260,1,1,1.0
1995-11-01,261,1,1,1.0
1995-11-01,262,1,1,1.0
1995-11-01,263,1,1,1.0
1995-11-01,264,1,1,1.0
1995-11-01,265,1,1,1.0
1995-11-01,266,1,1,1.0
1995-11-01,267,1,1,1.0
1995-11-01,268,1,1,1.0
1995-11-01,269,1,1,1.0
1995-11-01,270,1,1,1.0
1995-11-01,271,1,1,1.0
1995-11-01,272,1,1,1.0
1995-11-01,273,1,1,1.0
1995-11-01,274,1,1,1.0
1995-11-01,275,1,1,1.0
1995-11-01,276,1,1,1.0
1995-11-01,277,1,1,1.0
1995-11-01,278,1,1,1.0
1995-11-01,279,1,1,1.0
1995-11-01,280,1,1,1.0
1995-11-01,281,1,1,1.0
1995-11-01,282,1,1,1.0
1995-11-01,283,1,1,1.0
1995-11-01,284,1,1,1.0
1995-11-01,285,1,1,1.0
1995-11-01,286,1,1,1.0
1995-11-01,287,1,1,1.0
1996-02-01,167,2,2,1.0
1996-02-01,168,2,2,1.0
1996-02-01,169,2,2,1.0
1996-02-01,170,2,2,1.0
1996-02-01,171,2,2,1.0
1996-02-01,172,2,2,1.0
1996-02-01,173,2,2,1.0
1996-02-01,174,2,2,1.0
1996-02-01,175,2,2,1.0
1996-02-01,176,2,2,1.0
1996-02-01,177,2,2,1.0
1996-02-01,178,2,2,1.0
1996-02-01,179,2,2,1.0
1996-02-01,180,2,2,1.0
1996-02-01,181,2,2,1.0
1996-02-01,182,2,2,1.0
1996-02-01,183,2,2,1.0
1996-02-01,184,2,2,1.0
1996-02-01,185,2,2,1.0
1996-02-01,186,2,2,1.0
1996-02-01,187,2,2,1.0
1996-02-01,188,2,2,1.0
1996-02-01,189,2,2,1.0
1996-02-01,190,2,2,1.0
1996-02-01,191,2,2,1.0
1996-02-01,192,2,2,1.0
1996-02-01,193,2,2,1.0
1996-02-01,194,2,2,1.0
1996-02-01,195,2,2,1.0
1996-02-01,196,2,2,1.0
1996-02-01,197,2,2,1.0
1996-02-01,198,2,2,1.0
1996-02-01,199,2,2,1.0
1996-02-01,200,2,2,1.0
1996-02-01,201,2,2,1.0
1996-02-01,202,2,2,1.0
1996-02-01,203,2,2,1.0
1996-02-01,204,2,2,1.0
1996-02-01,205,2,2,1.0
1996-02-01,206,2,2,1.0
1996-02-01,207,2,2,1.0
1996-02-01,208,2,2,1.0
1996-02-01,209,2,2,1.0
1996-02-01,210,2,2,1.0
1996-02-01,211,2,2,1.0
1996-02-01,212,2,2,1.0
1996-02-01,213,2,2,1.0
1996-02-01,214,2,2,1.0
1996-02-01,215,2,2,1.0
1996-02-01,216,2,2,1.0
1996-02-01,217,2,2,1.0
1996-02-01,218,2,2,1.0
1996-02-01,219,2,2,1.0
1996-02-01,220,2,2,1.0
1996-02-01,221,2,2,1.0
1996-02-01,222,2,2,1.0
1996-02-01,223,2,2,1.0
1996-02-01,224,2,2,1.0
1996-02-01,225,2,2,1.0
1996-02-01,226,2,2,1.0
1996-02-01,227,2,2,1.0
1996-02-01,228,2,2,1.0
1996-02-01,229,2,2,1.0
1996-02-01,230,2,2,1.0
1996-02-01,231,2,2,1.0
1996-02-01,232,2,2,1.0
1996-02-01,233,2,2,1.0
1996-02-01,234,2,2,1.0
1996-02-01,235,2,2,1.0
1996-02-01,236,2,2,1.0
1996-02-01,237,2,2,1.0
1996-02-01,238,2,2,1.0
1996-02-01,239,2,2,1.0
1996-02-01,240,2,2,1.0
1996-02-01,241,2,2,1.0
1996-02-01,242,2,2,1.0
1996-02-01,243,2,2,1.0
1996-02-01,244,2,2,1.0
1996-02-01,245,2,2,1.0
1996-02-01,246,2,2,1.0
1996-02-01,247,2,2,1.0
1996-02-01,248,2,2,1.0
1996-02-01,249,2,2,1.0
1996-02-01,250,2,2,1.0
1996-02-01,251,2,2,1.0
1996-02-01,252,2,2,1.0
1996-02-01,253,2,2,1.0
1996-02-01,254,2,2,1.0
1996-02-01,255,2,2,1.0
1996-02-01,256,2,2,1.0
1996-02-01,257,2,2,1.0
1996-02-01,258,2,2,1.0
1996-02-01,259,2,2,1.0
1996-02-01,260,2,2,1.0
1996-02-01,261,2,2,1.0
1996-02-01,262,2,2,1.0
1996-02-01,263,2,2,1.0
1996-02-01,264,2,2,1.0
1996-02-01,265,2,2,1.0
1996-02-01,266,2,2,1.0
1996-02-01,267,2,2,1.0
1996-02-01,268,2,2,1.0
1996-02-01,269,2,2,1.0
1996-02-01,270,2,2,1.0
1996-02-01,271,2,2,1.0
1996-02-01,272,2,2,1.0
1996-02-01,273,2,2,1.0
1996-02-01,274,2,2,1.0
1996-02-01,275,2,2,1.0
1996-02-01,276,2,2,1.0
1996-02-01,277,2,2,1.0
1996-02-01,278,2,2,1.0
1996-02-01,279,2,2,1.0
1996-02-01,280,2,2,1.0
1996-02-01,281,2,2,1.0
1996-02-01,282,2,2,1.0
1996-02-01,283,2,2,1.0
1996-02-01,284,2,2,1.0
1996-04-01,165,1,1,1.0
1996-04-01,166,1,1,1.0
1996-04-01,167,1,1,1.0
1996-04-01,168,1,1,1.0
1996-04-01,169,1,1,1.0
1996-04-01,170,1,1,1.0
1996-04-01,171,1,1,1.0
1996-04-01,172,1,1,1.0
1996-04-01,173,1,1,1.0
1996-04-01,174,1,1,1.0
1996-04-01,175,1,1,1.0
1996-04-01,176,1,1,1.0
1996-04-01,177,1,1,1.0
1996-04-01,178,1,1,1.0
1996-04-01,179,1,1,1.0
1996-04-01,180,1,1,1.0
1996-04-01,181,1,1,1.0
1996-04-01,182,1,1,1.0
1996-04-01,183,1,1,1.0
1996-04-01,184,1,1,1.0
1996-04-01,185,1,1,1.0
1996-04-01,186,1,1,1.0
1996-04-01,187,1,1,1.0
1996-04-01,188,1,1,1.0
1996-04-01,189,1,1,1.0
1996-04-01,190,1,1,1.0
1996-04-01,191,1,1,1.0
1996-04-01,192,1,1,1.0
1996-04-01,193,1,1,1.0
1996-04-01,194,1,1,1.0
1996-04-01,195,1,1,1.0
1996-04-01,196,1,1,1.0
1996-04-01,197,1,1,1.0
1996-04-01,198,1,1,1.0
1996-04-01,199,1,1,1.0
1996-04-01,200,1,1,1.0
1996-04-01,201,1,1,1.0
1996-04-01,202,1,1,1.0
1996-04-01,203,1,1,1.0
1996-04-01,204,1,1,1.0
1996-04-01,205,1,1,1.0
1996-04-01,206,1,1,1.0
1996-04-01,207,1,1,1.0
1996-04-01,208,1,1,1.0
1996-04-01,209,1,1,1.0
1996-04-01,210,1,1,1.0
1996-04-01,211,1,1,1.0
1996-04-01,212,1,1,1.0
1996-04-01,213,1,1,1.0
1996-04-01,214,1,1,1.0
1996-04-01,215,1,1,1.0
1996-04-01,216,1,1,1.0
1996-04-01,217,1,1,1.0
1996-04-01,218,1,1,1.0
1996-04-01,219,1,1,1.0
1996-04-01,220,1,1,1.0
1996-04-01,221,1,1,1.0
1996-04-01,222,1,1,1.0
1996-04-01,223,1,1,1.0
1996-04-01,224,1,1,1.0
1996-04-01,225,1,1,1.0
1996-04-01,226,1,1,1.0
1996-04-01,227,1,1,1.0
1996-04-01,228,1,1,1.0
1996-04-01,229,1,1,1.0
1996-04-01,230,1,1,1.0
1996-04-01,231,1,1,1.0
1996-04-01,232,1,1,1.0
1996-04-01,233,1,1,1.0
1996-04-01,234,1,1,1.0
1996-04-01,235,1,1,1.0
1996-04-01,236,1,1,1.0
1996-04-01,237,1,1,1.0
1996-04-01,238,1,1,1.0
1996-04-01,239,1,1,1.0
1996-04-01,240,1,1,1.0
1996-04-01,241,1,1,1.0
1996-04-01,242,1,1,1.0
1996-04-01,243,1,1,1.0
1996-04-01,244,1,1,1.0
1996-04-01,245,1,1,1.0
1996-04-01,246,1,1,1.0
1996-04-01,247,1,1,1.0
1996-04-01,248,1,1,1.0
1996-04-01,249,1,1,1.0
1996-04-01,250,1,1,1.0
1996-04-01,251,1,1,1.0
1996-04-01,252,1,1,1.0
1996-04-01,253,1,1,1.0
1996-04-01,254,1,1,1.0
1996-04-01,255,1,1,1.0
1996-04-01,256,1,1,1.0
1996-04-01,257,1,1,1.0
1996-04-01,258,1,1,1.0
1996-04-01,259,1,1,1.0
1996-04-01,260,1,1,1.0
1996-04-01,261,1,1,1.0
1996-04-01,262,1,1,1.0
1996-04-01,263,1,1,1.0
1996-04-01,264,1,1,1.0
1996-04-01,265,1,1,1.0
1996-04-01,266,1,1,1.0
1996-04-01,267,1,1,1.0
1996-04-01,268,1,1,1.0
1996-04-01,269,1,1,1.0
1996-04-01,270,1,1,1.0
1996-04-01,271,1,1,1.0
1996-04-01,272,1,1,1.0
1996-04-01,273,1,1,1.0
1996-04-01,274,1,1,1.0
1996-04-01,275,1,1,1.0
1996-04-01,276,1,1,1.0
1996-04-01,277,1,1,1.0
1996-04-01,278,1,1,1.0
1996-04-01,279,1,1,1.0
1996-04-01,280,1,1,1.0
1996-04-01,281,1,1,1.0
1996-04-01,282,1,1,1.0
1996-05-01,164,2,2,1.0
1996-05-01,165,2,2,1.0
1996-05-01,166,2,2,1.0
1996-05-01,167,2,2,1.0
1996-05-01,168,2,2,1.0
1996-05-01,169,2,2,1.0
1996-05-01,170,2,2,1.0
1996-05-01,171,2,2,1.0
1996-05-01,172,2,2,1.0
1996-05-01,173,2,2,1.0
1996-05-01,174,2,2,1.0
1996-05-01,175,2,2,1.0
1996-05-01,176,2,2,1.0
1996-05-01,177,2,2,1.0
1996-05-01,178,2,2,1.0
1996-05-01,179,2,2,1.0
1996-05-01,180,2,2,1.0
1996-05-01,181,2,2,1.0
1996-05-01,182,2,2,1.0
1996-05-01,183,2,2,1.0
1996-05-01,184,2,2,1.0
1996-05-01,185,2,2,1.0
1996-05-01,186,2,2,1.0
1996-05-01,187,2,2,1.0
1996-05-01,188,2,2,1.0
1996-05-01,189,2,2,1.0
1996-05-01,190,2,2,1.0
1996-05-01,191,2,2,1.0
1996-05-01,192,2,2,1.0
1996-05-01,193,2,2,1.0
1996-05-01,194,2,2,1.0
1996-05-01,195,2,2,1.0
1996-05-01,196,2,2,1.0
1996-05-01,197,2,2,1.0
1996-05-01,198,2,2,1.0
1996-05-01,199,2,2,1.0
1996-05-01,200,2,2,1.0
1996-05-01,201,2,2,1.0
1996-05-01,202,2,2,1.0
1996-05-01,203,2,2,1.0
1996-05-01,204,2,2,1.0
1996-05-01,205,2,2,1.0
1996-05-01,206,2,2,1.0
1996-05-01,207,2,2,1.0
1996-05-01,208,2,2,1.0
1996-05-01,209,2,2,1.0
1996-05-01,210,2,2,1.0
1996-05-01,211,2,2,1.0
1996-05-01,212,2,2,1.0
1996-05-01,213,2,2,1.0
1996-05-01,214,2,2,1.0
1996-05-01,215,2,2,1.0
1996-05-01,216,2,2,1.0
1996-05-01,217,2,2,1.0
1996-05-01,218,2,2,1.0
1996-05-01,219,2,2,1.0
1996-05-01,220,2,2,1.0
1996-05-01,221,2,2,1.0
1996-05-01,222,2,2,1.0
1996-05-01,223,2,2,1.0
1996-05-01,224,2,2,1.0
1996-05-01,225,2,2,1.0
1996-05-01,226,2,2,1.0
1996-05-01,227,2,2,1.0
1996-05-01,228,2,2,1.0
1996-05-01,229,2,2,1.0
1996-05-01,230,2,2,1.0
1996-05-01,231,2,2,1.0
1996-05-01,232,2,2,1.0
1996-05-01,233,2,2,1.0
1996-05-01,234,2,2,1.0
1996-05-01,235,2,2,1.0
1996-05-01,236,2,2,1.0
1996-05-01,237,2,2,1.0
1996-05-01,238,2,2,1.0
1996-05-01,239,2,2,1.0
1996-05-01,240,2,2,1.0
1996-05-01,241,2,2,1.0
1996-05-01,242,2,2,1.0
1996-05-01,243,2,2,1.0
1996-05-01,244,2,2,1.0
1996-05-01,245,2,2,1.0
1996-05-01,246,2,2,1.0
1996-05-01,247,2,2,1.0
1996-05-01,248,2,2,1.0
1996-05-01,249,2,2,1.0
1996-05-01,250,2,2,1.0
1996-05-01,251,2,2,1.0
1996-05-01,252,2,2,1.0
1996-05-01,253,2,2,1.0
1996-05-01,254,2,2,1.0
1996-05-01,255,2,2,1.0
1996-05-01,256,2,2,1.0
1996-05-01,257,2,2,1.0
1996-05-01,258,2,2,1.0
1996-05-01,259,2,2,1.0
1996-05-01,260,2,2,1.0
1996-05-01,261,2,2,1.0
1996-05-01,262,2,2,1.0
1996-05-01,263,2,2,1.0
1996-05-01,264,2,2,1.0
1996-05-01,265,2,2,1.0
1996-05-01,266,2,2,1.0
1996-05-01,267,2,2,1.0
1996-05-01,268,2,2,1.0
1996-05-01,269,2,2,1.0
1996-05-01,270,2,2,1.0
1996-05-01,271,2,2,1.0
1996-05-01,272,2,2,1.0
1996-05-01,273,2,2,1.0
1996-05-01,274,2,2,1.0
1996-05-01,275,2,2,1.0
1996-05-01,276,2,2,1.0
1996-05-01,277,2,2,1.0
1996-05-01,278,2,2,1.0
1996-05-01,279,2,2,1.0
1996-05-01,280,2,2,1.0
1996-05-01,281,2,2,1.0
1996-06-01,163,1,1,1.0
1996-06-01,164,1,1,1.0
1996-06-01,165,1,1,1.0
1996-06-01,166,1,1,1.0
1996-06-01,167,1,1,1.0
1996-06-01,168,1,1,1.0
1996-06-01,169,1,1,1.0
1996-06-01,170,1,1,1.0
1996-06-01,171,1,1,1.0
1996-06-01,172,1,1,1.0
1996-06-01,173,1,1,1.0
1996-06-01,174,1,1,1.0
1996-06-01,175,1,1,1.0
1996-06-01,176,1,1,1.0
1996-06-01,177,1,1,1.0
1996-06-01,178,1,1,1.0
1996-06-01,179,1,1,1.0
1996-06-01,180,1,1,1.0
1996-06-01,181,1,1,1.0
1996-06-01,182,1,1,1.0
1996-06-01,183,1,1,1.0
1996-06-01,184,1,1,1.0
1996-06-01,185,1,1,1.0
1996-06-01,186,1,1,1.0
1996-06-01,187,1,1,1.0
1996-06-01,188,1,1,1.0
1996-06-01,189,1,1,1.0
1996-06-01,190,1,1,1.0
1996-06-01,191,1,1,1.0
1996-06-01,192,1,1,1.0
1996-06-01,193,1,1,1.0
1996-06-01,194,1,1,1.0
1996-06-01,195,1,1,1.0
1996-06-01,196,1,1,1.0
1996-06-01,197,1,1,1.0
1996-06-01,198,1,1,1.0
1996-06-01,199,1,1,1.0
1996-06-01,200,1,1,1.0
1996-06-01,201,1,1,1.0
1996-06-01,202,1,1,1.0
1996-06-01,203,1,1,1.0
1996-06-01,204,1,1,1.0
1996-06-01,205,1,1,1.0
1996-06-01,206,1,1,1.0
1996-06-01,207,1,1,1.0
1996-06-01,208,1,1,1.0
1996-06-01,209,1,1,1.0
1996-06-01,210,1,1,1.0
1996-06-01,211,1,1,1.0
1996-06-01,212,1,1,1.0
1996-06-01,213,1,1,1.0
1996-06-01,214,1,1,1.0
1996-06-01,215,1,1,1.0
1996-06-01,216,1,1,1.0
1996-06-01,217,1,1,1.0
1996-06-01,218,1,1,1.0
1996-06-01,219,1,1,1.0
1996-06-01,220,1,1,1.0
1996-06-01,221,1,1,1.0
1996-06-01,222,1,1,1.0
1996-06-01,223,1,1,1.0
1996-06-01,224,1,1,1.0
1996-06-01,225,1,1,1.0
1996-06-01,226,1,1,1.0
1996-06-01,227,1,1,1.0
1996-06-01,228,1,1,1.0
1996-06-01,229,1,1,1.0
1996-06-01,230,1,1,1.0
1996-06-01,231,1,1,1.0
1996-06-01,232,1,1,1.0
1996-06-01,233,1,1,1.0
1996-06-01,234,1,1,1.0
1996-06-01,235,1,1,1.0
1996-06-01,236,1,1,1.0
1996-06-01,237,1,1,1.0
1996-06-01,238,1,1,1.0
1996-06-01,239,1,1,1.0
1996-06-01,240,1,1,1.0
1996-06-01,241,1,1,1.0
1996-06-01,242,1,1,1.0
1996-06-01,243,1,1,1.0
1996-06-01,244,1,1,1.0
1996-06-01,245,1,1,1.0
1996-06-01,246,1,1,1.0
1996-06-01,247,1,1,1.0
1996-06-01,248,1,1,1.0
1996-06-01,249,1,1,1.0
1996-06-01,250,1,1,1.0
1996-06-01,251,1,1,1.0
1996-06-01,252,1,1,1.0
1996-06-01,253,1,1,1.0
1996-06-01,254,1,1,1.0
1996-06-01,255,1,1,1.0
1996-06-01,256,1,1,1.0
1996-06-01,257,1,1,1.0
1996-06-01,258,1,1,1.0
1996-06-01,259,1,1,1.0
1996-06-01,260,1,1,1.0
1996-06-01,261,1,1,1.0
1996-06-01,262,1,1,1.0
1996-06-01,263,1,1,1.0
1996-06-01,264,1,1,1.0
1996-06-01,265,1,1,1.0
1996-06-01,266,1,1,1.0
1996-06-01,267,1,1,1.0
1996-06-01,268,1,1,1.0
1996-06-01,269,1,1,1.0
1996-06-01,270,1,1,1.0
1996-06-01,271,1,1,1.0
1996-06-01,272,1,1,1.0
1996-06-01,273,1,1,1.0
1996-06-01,274,1,1,1.0
1996-06-01,275,1,1,1.0
1996-06-01,276,1,1,1.0
1996-06-01,277,1,1,1.0
1996-06-01,278,1,1,1.0
1996-06-01,279,1,1,1.0
1996-06-01,280,1,1,1.0
1996-08-01,161,2,2,1.0
1996-08-01,162,2,2,1.0
1996-08-01,163,2,2,1.0
1996-08-01,164,2,2,1.0
1996-08-01,165,2,2,1.0
1996-08-01,166,2,2,1.0
1996-08-01,167,2,2,1.0
1996-08-01,168,2,2,1.0
1996-08-01,169,2,2,1.0
1996-08-01,170,2,2,1.0
1996-08-01,171,2,2,1.0
1996-08-01,172,2,2,1.0
1996-08-01,173,2,2,1.0
1996-08-01,174,2,2,1.0
1996-08-01,175,2,2,1.0
1996-08-01,176,2,2,1.0
1996-08-01,177,2,2,1.0
1996-08-01,178,2,2,1.0
1996-08-01,179,2,2,1.0
1996-08-01,180,2,2,1.0
1996-08-01,181,2,2,1.0
1996-08-01,182,2,2,1.0
1996-08-01,183,2,2,1.0
1996-08-01,184,2,2,1.0
1996-08-01,185,2,2,1.0
1996-08-01,186,2,2,1.0
1996-08-01,187,2,2,1.0
1996-08-01,188,2,2,1.0
1996-08-01,189,2,2,1.0
1996-08-01,190,2,2,1.0
1996-08-01,191,2,2,1.0
1996-08-01,192,2,2,1.0
1996-08-01,193,2,2,1.0
1996-08-01,194,2,2,1.0
1996-08-01,195,2,2,1.0
1996-08-01,196,2,2,1.0
1996-08-01,197,2,2,1.0
1996-08-01,198,2,2,1.0
1996-08-01,199,2,2,1.0
1996-08-01,200,2,2,1.0
1996-08-01,201,2,2,1.0
1996-08-01,202,2,2,1.0
1996-08-01,203,2,2,1.0
1996-08-01,204,2,2,1.0
1996-08-01,205,2,2,1.0
1996-08-01,206,2,2,1.0
1996-08-01,207,2,2,1.0
1996-08-01,208,2,2,1.0
1996-08-01,209,2,2,1.0
1996-08-01,210,2,2,1.0
1996-08-01,211,2,2,1.0
1996-08-01,212,2,2,1.0
1996-08-01,213,2,2,1.0
1996-08-01,214,2,2,1.0
1996-08-01,215,2,2,1.0
1996-08-01,216,2,2,1.0
1996-08-01,217,2,2,1.0
1996-08-01,218,2,2,1.0
1996-08-01,219,2,2,1.0
1996-08-01,220,2,2,1.0
1996-08-01,221,2,2,1.0
1996-08-01,222,2,2,1.0
1996-08-01,223,2,2,1.0
1996-08-01,224,2,2,1.0
1996-08-01,225,2,2,1.0
1996-08-01,226,2,2,1.0
1996-08-01,227,2,2,1.0
1996-08-01,228,2,2,1.0
1996-08-01,229,2,2,1.0
1996-08-01,230,2,2,1.0
1996-08-01,231,2,2,1.0
1996-08-01,232,2,2,1.0
1996-08-01,233,2,2,1.0
1996-08-01,234,2,2,1.0
1996-08-01,235,2,2,1.0
1996-08-01,236,2,2,1.0
1996-08-01,237,2,2,1.0
1996-08-01,238,2,2,1.0
1996-08-01,239,2,2,1.0
1996-08-01,240,2,2,1.0
1996-08-01,241,2,2,1.0
1996-08-01,242,2,2,1.0
1996-08-01,243,2,2,1.0
1996-08-01,244,2,2,1.0
1996-08-01,245,2,2,1.0
1996-08-01,246,2,2,1.0
1996-08-01,247,2,2,1.0
1996-08-01,248,2,2,1.0
1996-08-01,249,2,2,1.0
1996-08-01,250,2,2,1.0
1996-08-01,251,2,2,1.0
1996-08-01,252,2,2,1.0
1996-08-01,253,2,2,1.0
1996-08-01,254,2,2,1.0
1996-08-01,255,2,2,1.0
1996-08-01,256,2,2,1.0
1996-08-01,257,2,2,1.0
1996-08-01,258,2,2,1.0
1996-08-01,259,2,2,1.0
1996-08-01,260,2,2,1.0
1996-08-01,261,2,2,1.0
1996-08-01,262,2,2,1.0
1996-08-01,263,2,2,1.0
1996-08-01,264,2,2,1.0
1996-08-01,265,2,2,1.0
1996-08-01,266,2,2,1.0
1996-08-01,267,2,2,1.0
1996-08-01,268,2,2,1.0
1996-08-01,269,2,2,1.0
1996-08-01,270,2,2,1.0
1996-08-01,271,2,2,1.0
1996-08-01,272,2,2,1.0
1996-08-01,273,2,2,1.0
1996-08-01,274,2,2,1.0
1996-08-01,275,2,2,1.0
1996-08-01,276,2,2,1.0
1996-08-01,277,2,2,1.0
1996-08-01,278,2,2,1.0
1996-09-01,160,2,2,1.0
1996-09-01,161,2,2,1.0
1996-09-01,162,2,2,1.0
1996-09-01,163,2,2,1.0
1996-09-01,164,2,2,1.0
1996-09-01,165,2,2,1.0
1996-09-01,166,2,2,1.0
1996-09-01,167,2,2,1.0
1996-09-01,168,2,2,1.0
1996-09-01,169,2,2,1.0
1996-09-01,170,2,2,1.0
1996-09-01,171,2,2,1.0
1996-09-01,172,2,2,1.0
1996-09-01,173,2,2,1.0
1996-09-01,174,2,2,1.0
1996-09-01,175,2,2,1.0
1996-09-01,176,2,2,1.0
1996-09-01,177,2,2,1.0
1996-09-01,178,2,2,1.0
1996-09-01,179,2,2,1.0
1996-09-01,180,2,2,1.0
1996-09-01,181,2,2,1.0
1996-09-01,182,2,2,1.0
1996-09-01,183,2,2,1.0
1996-09-01,184,2,2,1.0
1996-09-01,185,2,2,1.0
1996-09-01,186,2,2,1.0
1996-09-01,187,2,2,1.0
1996-09-01,188,2,2,1.0
1996-09-01,189,2,2,1.0
1996-09-01,190,2,2,1.0
1996-09-01,191,2,2,1.0
1996-09-01,192,2,2,1.0
1996-09-01,193,2,2,1.0
1996-09-01,194,2,2,1.0
1996-09-01,195,2,2,1.0
1996-09-01,196,2,2,1.0
1996-09-01,197,2,2,1.0
1996-09-01,198,2,2,1.0
1996-09-01,199,2,2,1.0
1996-09-01,200,2,2,1.0
1996-09-01,201,2,2,1.0
1996-09-01,202,2,2,1.0
1996-09-01,203,2,2,1.0
1996-09-01,204,2,2,1.0
1996-09-01,205,2,2,1.0
1996-09-01,206,2,2,1.0
1996-09-01,207,2,2,1.0
1996-09-01,208,2,2,1.0
1996-09-01,209,2,2,1.0
1996-09-01,210,2,2,1.0
1996-09-01,211,2,2,1.0
1996-09-01,212,2,2,1.0
1996-09-01,213,2,2,1.0
1996-09-01,214,2,2,1.0
1996-09-01,215,2,2,1.0
1996-09-01,216,2,2,1.0
1996-09-01,217,2,2,1.0
1996-09-01,218,2,2,1.0
1996-09-01,219,2,2,1.0
1996-09-01,220,2,2,1.0
1996-09-01,221,2,2,1.0
1996-09-01,222,2,2,1.0
1996-09-01,223,2,2,1.0
1996-09-01,224,2,2,1.0
1996-09-01,225,2,2,1.0
1996-09-01,226,2,2,1.0
1996-09-01,227,2,2,1.0
1996-09-01,228,2,2,1.0
1996-09-01,229,2,2,1.0
1996-09-01,230,2,2,1.0
1996-09-01,231,2,2,1.0
1996-09-01,232,2,2,1.0
1996-09-01,233,2,2,1.0
1996-09-01,234,2,2,1.0
1996-09-01,235,2,2,1.0
1996-09-01,236,2,2,1.0
1996-09-01,237,2,2,1.0
1996-09-01,238,2,2,1.0
1996-09-01,239,2,2,1.0
1996-09-01,240,2,2,1.0
1996-09-01,241,2,2,1.0
1996-09-01,242,2,2,1.0
1996-09-01,243,2,2,1.0
1996-09-01,244,2,2,1.0
1996-09-01,245,2,2,1.0
1996-09-01,246,2,2,1.0
1996-09-01,247,2,2,1.0
1996-09-01,248,2,2,1.0
1996-09-01,249,2,2,1.0
1996-09-01,250,2,2,1.0
1996-09-01,251,2,2,1.0
1996-09-01,252,2,2,1.0
1996-09-01,253,2,2,1.0
1996-09-01,254,2,2,1.0
1996-09-01,255,2,2,1.0
1996-09-01,256,2,2,1.0
1996-09-01,257,2,2,1.0
1996-09-01,258,2,2,1.0
1996-09-01,259,2,2,1.0
1996-09-01,260,2,2,1.0
1996-09-01,261,2,2,1.0
1996-09-01,262,2,2,1.0
1996-09-01,263,2,2,1.0
1996-09-01,264,2,2,1.0
1996-09-01,265,2,2,1.0
1996-09-01,266,2,2,1.0
1996-09-01,267,2,2,1.0
1996-09-01,268,2,2,1.0
1996-09-01,269,2,2,1.0
1996-09-01,270,2,2,1.0
1996-09-01,271,2,2,1.0
1996-09-01,272,2,2,1.0
1996-09-01,273,2,2,1.0
1996-09-01,274,2,2,1.0
1996-09-01,275,2,2,1.0
1996-09-01,276,2,2,1.0
1996-09-01,277,2,2,1.0
1996-10-01,159,2,2,1.0
1996-10-01,160,2,2,1.0
1996-10-01,161,2,2,1.0
1996-10-01,162,2,2,1.0
1996-10-01,163,2,2,1.0
1996-10-01,164,2,2,1.0
1996-10-01,165,2,2,1.0
1996-10-01,166,2,2,1.0
1996-10-01,167,2,2,1.0
1996-10-01,168,2,2,1.0
1996-10-01,169,2,2,1.0
1996-10-01,170,2,2,1.0
1996-10-01,171,2,2,1.0
1996-10-01,172,2,2,1.0
1996-10-01,173,2,2,1.0
1996-10-01,174,2,2,1.0
1996-10-01,175,2,2,1.0
1996-10-01,176,2,2,1.0
1996-10-01,177,2,2,1.0
1996-10-01,178,2,2,1.0
1996-10-01,179,2,2,1.0
1996-10-01,180,2,2,1.0
1996-10-01,181,2,2,1.0
1996-10-01,182,2,2,1.0
1996-10-01,183,2,2,1.0
1996-10-01,184,2,2,1.0
1996-10-01,185,2,2,1.0
1996-10-01,186,2,2,1.0
1996-10-01,187,2,2,1.0
1996-10-01,188,2,2,1.0
1996-10-01,189,2,2,1.0
1996-10-01,190,2,2,1.0
1996-10-01,191,2,2,1.0
1996-10-01,192,2,2,1.0
1996-10-01,193,2,2,1.0
1996-10-01,194,2,2,1.0
1996-10-01,195,2,2,1.0
1996-10-01,196,2,2,1.0
1996-10-01,197,2,2,1.0
1996-10-01,198,2,2,1.0
1996-10-01,199,2,2,1.0
1996-10-01,200,2,2,1.0
1996-10-01,201,2,2,1.0
1996-10-01,202,2,2,1.0
1996-10-01,203,2,2,1.0
1996-10-01,204,2,2,1.0
1996-10-01,205,2,2,1.0
1996-10-01,206,2,2,1.0
1996-10-01,207,2,2,1.0
1996-10-01,208,2,2,1.0
1996-10-01,209,2,2,1.0
1996-10-01,210,2,2,1.0
1996-10-01,211,2,2,1.0
1996-10-01,212,2,2,1.0
1996-10-01,213,2,2,1.0
1996-10-01,214,2,2,1.0
1996-10-01,215,2,2,1.0
1996-10-01,216,2,2,1.0
1996-10-01,217,2,2,1.0
1996-10-01,218,2,2,1.0
1996-10-01,219,2,2,1.0
1996-10-01,220,2,2,1.0
1996-10-01,221,2,2,1.0
1996-10-01,222,2,2,1.0
1996-10-01,223,2,2,1.0
1996-10-01,224,2,2,1.0
1996-10-01,225,2,2,1.0
1996-10-01,226,2,2,1.0
1996-10-01,227,2,2,1.0
1996-10-01,228,2,2,1.0
1996-10-01,229,2,2,1.0
1996-10-01,230,2,2,1.0
1996-10-01,231,2,2,1.0
1996-10-01,232,2,2,1.0
1996-10-01,233,2,2,1.0
1996-10-01,234,2,2,1.0
1996-10-01,235,2,2,1.0
1996-10-01,236,2,2,1.0
1996-10-01,237,2,2,1.0
1996-10-01,238,2,2,1.0
1996-10-01,239,2,2,1.0
1996-10-01,240,2,2,1.0
1996-10-01,241,2,2,1.0
1996-10-01,242,2,2,1.0
1996-10-01,243,2,2,1.0
1996-10-01,244,2,2,1.0
1996-10-01,245,2,2,1.0
1996-10-01,246,2,2,1.0
1996-10-01,247,2,2,1.0
1996-10-01,248,2,2,1.0
1996-10-01,249,2,2,1.0
1996-10-01,250,2,2,1.0
1996-10-01,251,2,2,1.0
1996-10-01,252,2,2,1.0
1996-10-01,253,2,2,1.0
1996-10-01,254,2,2,1.0
1996-10-01,255,2,2,1.0
1996-10-01,256,2,2,1.0
1996-10-01,257,2,2,1.0
1996-10-01,258,2,2,1.0
1996-10-01,259,2,2,1.0
1996-10-01,260,2,2,1.0
1996-10-01,261,2,2,1.0
1996-10-01,262,2,2,1.0
1996-10-01,263,2,2,1.0
1996-10-01,264,2,2,1.0
1996-10-01,265,2,2,1.0
1996-10-01,266,2,2,1.0
1996-10-01,267,2,2,1.0
1996-10-01,268,2,2,1.0
1996-10-01,269,2,2,1.0
1996-10-01,270,2,2,1.0
1996-10-01,271,2,2,1.0
1996-10-01,272,2,2,1.0
1996-10-01,273,2,2,1.0
1996-10-01,274,2,2,1.0
1996-10-01,275,2,2,1.0
1996-10-01,276,2,2,1.0
1996-11-01,158,2,2,1.0
1996-11-01,159,2,2,1.0
1996-11-01,160,2,2,1.0
1996-11-01,161,2,2,1.0
1996-11-01,162,2,2,1.0
1996-11-01,163,2,2,1.0
1996-11-01,164,2,2,1.0
1996-11-01,165,2,2,1.0
1996-11-01,166,2,2,1.0
1996-11-01,167,2,2,1.0
1996-11-01,168,2,2,1.0
1996-11-01,169,2,2,1.0
1996-11-01,170,2,2,1.0
1996-11-01,171,2,2,1.0
1996-11-01,172,2,2,1.0
1996-11-01,173,2,2,1.0
1996-11-01,174,2,2,1.0
1996-11-01,175,2,2,1.0
1996-11-01,176,2,2,1.0
1996-11-01,177,2,2,1.0
1996-11-01,178,2,2,1.0
1996-11-01,179,2,2,1.0
1996-11-01,180,2,2,1.0
1996-11-01,181,2,2,1.0
1996-11-01,182,2,2,1.0
1996-11-01,183,2,2,1.0
1996-11-01,184,2,2,1.0
1996-11-01,185,2,2,1.0
1996-11-01,186,2,2,1.0
1996-11-01,187,2,2,1.0
1996-11-01,188,2,2,1.0
1996-11-01,189,2,2,1.0
1996-11-01,190,2,2,1.0
1996-11-01,191,2,2,1.0
1996-11-01,192,2,2,1.0
1996-11-01,193,2,2,1.0
1996-11-01,194,2,2,1.0
1996-11-01,195,2,2,1.0
1996-11-01,196,2,2,1.0
1996-11-01,197,2,2,1.0
1996-11-01,198,2,2,1.0
1996-11-01,199,2,2,1.0
1996-11-01,200,2,2,1.0
1996-11-01,201,2,2,1.0
1996-11-01,202,2,2,1.0
1996-11-01,203,2,2,1.0
1996-11-01,204,2,2,1.0
1996-11-01,205,2,2,1.0
1996-11-01,206,2,2,1.0
1996-11-01,207,2,2,1.0
1996-11-01,208,2,2,1.0
1996-11-01,209,2,2,1.0
1996-11-01,210,2,2,1.0
1996-11-01,211,2,2,1.0
1996-11-01,212,2,2,1.0
1996-11-01,213,2,2,1.0
1996-11-01,214,2,2,1.0
1996-11-01,215,2,2,1.0
1996-11-01,216,2,2,1.0
1996-11-01,217,2,2,1.0
1996-11-01,218,2,2,1.0
1996-11-01,219,2,2,1.0
1996-11-01,220,2,2,1.0
1996-11-01,221,2,2,1.0
1996-11-01,222,2,2,1.0
1996-11-01,223,2,2,1.0
1996-11-01,224,2,2,1.0
1996-11-01,225,2,2,1.0
1996-11-01,226,2,2,1.0
1996-11-01,227,2,2,1.0
1996-11-01,228,2,2,1.0
1996-11-01,229,2,2,1.0
1996-11-01,230,2,2,1.0
1996-11-01,231,2,2,1.0
1996-11-01,232,2,2,1.0
1996-11-01,233,2,2,1.0
1996-11-01,234,2,2,1.0
1996-11-01,235,2,2,1.0
1996-11-01,236,2,2,1.0
1996-11-01,237,2,2,1.0
1996-11-01,238,2,2,1.0
1996-11-01,239,2,2,1.0
1996-11-01,240,2,2,1.0
1996-11-01,241,2,2,1.0
1996-11-01,242,2,2,1.0
1996-11-01,243,2,2,1.0
1996-11-01,244,2,2,1.0
1996-11-01,245,2,2,1.0
1996-11-01,246,2,2,1.0
1996-11-01,247,2,2,1.0
1996-11-01,248,2,2,1.0
1996-11-01,249,2,2,1.0
1996-11-01,250,2,2,1.0
1996-11-01,251,2,2,1.0
1996-11-01,252,2,2,1.0
1996-11-01,253,2,2,1.0
1996-11-01,254,2,2,1.0
1996-11-01,255,2,2,1.0
1996-11-01,256,2,2,1.0
1996-11-01,257,2,2,1.0
1996-11-01,258,2,2,1.0
1996-11-01,259,2,2,1.0
1996-11-01,260,2,2,1.0
1996-11-01,261,2,2,1.0
1996-11-01,262,2,2,1.0
1996-11-01,263,2,2,1.0
1996-11-01,264,2,2,1.0
1996-11-01,265,2,2,1.0
1996-11-01,266,2,2,1.0
1996-11-01,267,2,2,1.0
1996-11-01,268,2,2,1.0
1996-11-01,269,2,2,1.0
1996-11-01,270,2,2,1.0
1996-11-01,271,2,2,1.0
1996-11-01,272,2,2,1.0
1996-11-01,273,2,2,1.0
1996-11-01,274,2,2,1.0
1996-11-01,275,2,2,1.0
1996-12-01,157,2,2,1.0
1996-12-01,158,2,2,1.0
1996-12-01,159,2,2,1.0
1996-12-01,160,2,2,1.0
1996-12-01,161,2,2,1.0
1996-12-01,162,2,2,1.0
1996-12-01,163,2,2,1.0
1996-12-01,164,2,2,1.0
1996-12-01,165,2,2,1.0
1996-12-01,166,2,2,1.0
1996-12-01,167,2,2,1.0
1996-12-01,168,2,2,1.0
1996-12-01,169,2,2,1.0
1996-12-01,170,2,2,1.0
1996-12-01,171,2,2,1.0
1996-12-01,172,2,2,1.0
1996-12-01,173,2,2,1.0
1996-12-01,174,2,2,1.0
1996-12-01,175,2,2,1.0
1996-12-01,176,2,2,1.0
1996-12-01,177,2,2,1.0
1996-12-01,178,2,2,1.0
1996-12-01,179,2,2,1.0
1996-12-01,180,2,2,1.0
1996-12-01,181,2,2,1.0
1996-12-01,182,2,2,1.0
1996-12-01,183,2,2,1.0
1996-12-01,184,2,2,1.0
1996-12-01,185,2,2,1.0
1996-12-01,186,2,2,1.0
1996-12-01,187,2,2,1.0
1996-12-01,188,2,2,1.0
1996-12-01,189,2,2,1.0
1996-12-01,190,2,2,1.0
1996-12-01,191,2,2,1.0
1996-12-01,192,2,2,1.0
1996-12-01,193,2,2,1.0
1996-12-01,194,2,2,1.0
1996-12-01,195,2,2,1.0
1996-12-01,196,2,2,1.0
1996-12-01,197,2,2,1.0
1996-12-01,198,2,2,1.0
1996-12-01,199,2,2,1.0
1996-12-01,200,2,2,1.0
1996-12-01,201,2,2,1.0
1996-12-01,202,2,2,1.0
1996-12-01,203,2,2,1.0
1996-12-01,204,2,2,1.0
1996-12-01,205,2,2,1.0
1996-12-01,206,2,2,1.0
1996-12-01,207,2,2,1.0
1996-12-01,208,2,2,1.0
1996-12-01,209,2,2,1.0
1996-12-01,210,2,2,1.0
1996-12-01,211,2,2,1.0
1996-12-01,212,2,2,1.0
1996-12-01,213,2,2,1.0
1996-12-01,214,2,2,1.0
1996-12-01,215,2,2,1.0
1996-12-01,216,2,2,1.0
1996-12-01,217,2,2,1.0
1996-12-01,218,2,2,1.0
1996-12-01,219,2,2,1.0
1996-12-01,220,2,2,1.0
1996-12-01,221,2,2,1.0
1996-12-01,222,2,2,1.0
1996-12-01,223,2,2,1.0
1996-12-01,224,2,2,1.0
1996-12-01,225,2,2,1.0
1996-12-01,226,2,2,1.0
1996-12-01,227,2,2,1.0
1996-12-01,228,2,2,1.0
1996-12-01,229,2,2,1.0
1996-12-01,230,2,2,1.0
1996-12-01,231,2,2,1.0
1996-12-01,232,2,2,1.0
1996-12-01,233,2,2,1.0
1996-12-01,234,2,2,1.0
1996-12-01,235,2,2,1.0
1996-12-01,236,2,2,1.0
1996-12-01,237,2,2,1.0
1996-12-01,238,2,2,1.0
1996-12-01,239,2,2,1.0
1996-12-01,240,2,2,1.0
1996-12-01,241,2,2,1.0
1996-12-01,242,2,2,1.0
1996-12-01,243,2,2,1.0
1996-12-01,244,2,2,1.0
1996-12-01,245,2,2,1.0
1996-12-01,246,2,2,1.0
1996-12-01,247,2,2,1.0
1996-12-01,248,2,2,1.0
1996-12-01,249,2,2,1.0
1996-12-01,250,2,2,1.0
1996-12-01,251,2,2,1.0
1996-12-01,252,2,2,1.0
1996-12-01,253,2,2,1.0
1996-12-01,254,2,2,1.0
1996-12-01,255,2,2,1.0
1996-12-01,256,2,2,1.0
1996-12-01,257,2,2,1.0
1996-12-01,258,2,2,1.0
1996-12-01,259,2,2,1.0
1996-12-01,260,2,2,1.0
1996-12-01,261,2,2,1.0
1996-12-01,262,2,2,1.0
1996-12-01,263,2,2,1.0
1996-12-01,264,2,2,1.0
1996-12-01,265,2,2,1.0
1996-12-01,266,2,2,1.0
1996-12-01,267,2,2,1.0
1996-12-01,268,2,2,1.0
1996-12-01,269,2,2,1.0
1996-12-01,270,2,2,1.0
1996-12-01,271,2,2,1.0
1996-12-01,272,2,2,1.0
1996-12-01,273,2,2,1.0
1996-12-01,274,2,2,1.0
1997-01-01,156,2,2,1.0
1997-01-01,157,2,2,1.0
1997-01-01,158,2,2,1.0
1997-01-01,159,2,2,1.0
1997-01-01,160,2,2,1.0
1997-01-01,161,2,2,1.0
1997-01-01,162,2,2,1.0
1997-01-01,163,2,2,1.0
1997-01-01,164,2,2,1.0
1997-01-01,165,2,2,1.0
1997-01-01,166,2,2,1.0
1997-01-01,167,2,2,1.0
1997-01-01,168,2,2,1.0
1997-01-01,169,2,2,1.0
1997-01-01,170,2,2,1.0
1997-01-01,171,2,2,1.0
1997-01-01,172,2,2,1.0
1997-01-01,173,2,2,1.0
1997-01-01,174,2,2,1.0
1997-01-01,175,2,2,1.0
1997-01-01,176,2,2,1.0
1997-01-01,177,2,2,1.0
1997-01-01,178,2,2,1.0
1997-01-01,179,2,2,1.0
1997-01-01,180,2,2,1.0
1997-01-01,181,2,2,1.0
1997-01-01,182,2,2,1.0
1997-01-01,183,2,2,1.0
1997-01-01,184,2,2,1.0
1997-01-01,185,2,2,1.0
1997-01-01,186,2,2,1.0
1997-01-01,187,2,2,1.0
1997-01-01,188,2,2,1.0
1997-01-01,189,2,2,1.0
1997-01-01,190,2,2,1.0
1997-01-01,191,2,2,1.0
1997-01-01,192,2,2,1.0
1997-01-01,193,2,2,1.0
1997-01-01,194,2,2,1.0
1997-01-01,195,2,2,1.0
1997-01-01,196,2,2,1.0
1997-01-01,197,2,2,1.0
1997-01-01,198,2,2,1.0
1997-01-01,199,2,2,1.0
1997-01-01,200,2,2,1.0
1997-01-01,201,2,2,1.0
1997-01-01,202,2,2,1.0
1997-01-01,203,2,2,1.0
1997-01-01,204,2,2,1.0
1997-01-01,205,2,2,1.0
1997-01-01,206,2,2,1.0
1997-01-01,207,2,2,1.0
1997-01-01,208,2,2,1.0
1997-01-01,209,2,2,1.0
1997-01-01,210,2,2,1.0
1997-01-01,211,2,2,1.0
1997-01-01,212,2,2,1.0
1997-01-01,213,2,2,1.0
1997-01-01,214,2,2,1.0
1997-01-01,215,2,2,1.0
1997-01-01,216,2,2,1.0
1997-01-01,217,2,2,1.0
1997-01-01,218,2,2,1.0
1997-01-01,219,2,2,1.0
1997-01-01,220,2,2,1.0
1997-01-01,221,2,2,1.0
1997-01-01,222,2,2,1.0
1997-01-01,223,2,2,1.0
1997-01-01,224,2,2,1.0
1997-01-01,225,2,2,1.0
1997-01-01,226,2,2,1.0
1997-01-01,227,2,2,1.0
1997-01-01,228,2,2,1.0
1997-01-01,229,2,2,1.0
1997-01-01,230,2,2,1.0
1997-01-01,231,2,2,1.0
1997-01-01,232,2,2,1.0
1997-01-01,233,2,2,1.0
1997-01-01,234,2,2,1.0
1997-01-01,235,2,2,1.0
1997-01-01,236,2,2,1.0
1997-01-01,237,2,2,1.0
1997-01-01,238,2,2,1.0
1997-01-01,239,2,2,1.0
1997-01-01,240,2,2,1.0
1997-01-01,241,2,2,1.0
1997-01-01,242,2,2,1.0
1997-01-01,243,2,2,1.0
1997-01-01,244,2,2,1.0
1997-01-01,245,2,2,1.0
1997-01-01,246,2,2,1.0
1997-01-01,247,2,2,1.0
1997-01-01,248,2,2,1.0
1997-01-01,249,2,2,1.0
1997-01-01,250,2,2,1.0
1997-01-01,251,2,2,1.0
1997-01-01,252,2,2,1.0
1997-01-01,253,2,2,1.0
1997-01-01,254,2,2,1.0
1997-01-01,255,2,2,1.0
1997-01-01,256,2,2,1.0
1997-01-01,257,2,2,1.0
1997-01-01,258,2,2,1.0
1997-01-01,259,2,2,1.0
1997-01-01,260,2,2,1.0
1997-01-01,261,2,2,1.0
1997-01-01,262,2,2,1.0
1997-01-01,263,2,2,1.0
1997-01-01,264,2,2,1.0
1997-01-01,265,2,2,1.0
1997-01-01,266,2,2,1.0
1997-01-01,267,2,2,1.0
1997-01-01,268,2,2,1.0
1997-01-01,269,2,2,1.0
1997-01-01,270,2,2,1.0
1997-01-01,271,2,2,1.0
1997-01-01,272,2,2,1.0
1997-01-01,273,2,2,1.0
1997-03-01,154,3,6,0.5
1997-03-01,155,3,6,0.5
1997-03-01,156,3,6,0.5
1997-03-01,157,3,6,0.5
1997-03-01,158,3,6,0.5
1997-03-01,159,3,6,0.5
1997-03-01,160,3,6,0.5
1997-03-01,161,3,6,0.5
1997-03-01,162,3,6,0.5
1997-03-01,163,3,6,0.5
1997-03-01,164,3,6,0.5
1997-03-01,165,3,6,0.5
1997-03-01,166,3,6,0.5
1997-03-01,167,3,6,0.5
1997-03-01,168,3,6,0.5
1997-03-01,169,3,6,0.5
1997-03-01,170,3,6,0.5
1997-03-01,171,3,6,0.5
1997-03-01,172,3,6,0.5
1997-03-01,173,3,6,0.5
1997-03-01,174,3,6,0.5
1997-03-01,175,3,6,0.5
1997-03-01,176,3,6,0.5
1997-03-01,177,3,6,0.5
1997-03-01,178,3,6,0.5
1997-03-01,179,3,6,0.5
1997-03-01,180,3,6,0.5
1997-03-01,181,3,6,0.5
1997-03-01,182,3,6,0.5
1997-03-01,183,3,6,0.5
1997-03-01,184,3,6,0.5
1997-03-01,185,3,6,0.5
1997-03-01,186,3,6,0.5
1997-03-01,187,3,6,0.5
1997-03-01,188,3,6,0.5
1997-03-01,189,3,6,0.5
1997-03-01,190,3,6,0.5
1997-03-01,191,3,6,0.5
1997-03-01,192,3,6,0.5
1997-03-01,193,3,6,0.5
1997-03-01,194,3,6,0.5
1997-03-01,195,3,6,0.5
1997-03-01,196,3,6,0.5
1997-03-01,197,3,6,0.5
1997-03-01,198,3,6,0.5
1997-03-01,199,3,6,0.5
1997-03-01,200,3,6,0.5
1997-03-01,201,3,6,0.5
1997-03-01,202,3,6,0.5
1997-03-01,203,3,6,0.5
1997-03-01,204,3,6,0.5
1997-03-01,205,3,6,0.5
1997-03-01,206,3,6,0.5
1997-03-01,207,3,6,0.5
1997-03-01,208,3,6,0.5
1997-03-01,209,3,6,0.5
1997-03-01,210,3,6,0.5
1997-03-01,211,3,6,0.5
1997-03-01,212,3,6,0.5
1997-03-01,213,3,6,0.5
1997-03-01,214,3,6,0.5
1997-03-01,215,3,6,0.5
1997-03-01,216,3,6,0.5
1997-03-01,217,3,6,0.5
1997-03-01,218,3,6,0.5
1997-03-01,219,3,6,0.5
1997-03-01,220,3,6,0.5
1997-03-01,221,3,6,0.5
1997-03-01,222,3,6,0.5
1997-03-01,223,3,6,0.5
1997-03-01,224,3,6,0.5
1997-03-01,225,3,6,0.5
1997-03-01,226,3,6,0.5
1997-03-01,227,3,6,0.5
1997-03-01,228,3,6,0.5
1997-03-01,229,3,6,0.5
1997-03-01,230,3,6,0.5
1997-03-01,231,3,6,0.5
1997-03-01,232,3,6,0.5
1997-03-01,233,3,6,0.5
1997-03-01,234,3,6,0.5
1997-03-01,235,3,6,0.5
1997-03-01,236,3,6,0.5
1997-03-01,237,3,6,0.5
1997-03-01,238,3,6,0.5
1997-03-01,239,3,6,0.5
1997-03-01,240,3,6,0.5
1997-03-01,241,3,6,0.5
1997-03-01,242,3,6,0.5
1997-03-01,243,3,6,0.5
1997-03-01,244,3,6,0.5
1997-03-01,245,3,6,0.5
1997-03-01,246,3,6,0.5
1997-03-01,247,3,6,0.5
1997-03-01,248,3,6,0.5
1997-03-01,249,3,6,0.5
1997-03-01,250,3,6,0.5
1997-03-01,251,3,6,0.5
1997-03-01,252,3,6,0.5
1997-03-01,253,3,6,0.5
1997-03-01,254,3,6,0.5
1997-03-01,255,3,6,0.5
1997-03-01,256,3,6,0.5
1997-03-01,257,3,6,0.5
1997-03-01,258,3,6,0.5
1997-03-01,259,3,6,0.5
1997-03-01,260,3,6,0.5
1997-03-01,261,3,6,0.5
1997-03-01,262,3,6,0.5
1997-03-01,263,3,6,0.5
1997-03-01,264,3,6,0.5
1997-03-01,265,3,6,0.5
1997-03-01,266,3,6,0.5
1997-03-01,267,3,6,0.5
1997-03-01,268,3,6,0.5
1997-03-01,269,3,6,0.5
1997-03-01,270,3,6,0.5
1997-03-01,271,3,6,0.5
1997-04-01,153,1,1,1.0
1997-04-01,154,1,1,1.0
1997-04-01,155,1,1,1.0
1997-04-01,156,1,1,1.0
1997-04-01,157,1,1,1.0
1997-04-01,158,1,1,1.0
1997-04-01,159,1,1,1.0
1997-04-01,160,1,1,1.0
1997-04-01,161,1,1,1.0
1997-04-01,162,1,1,1.0
1997-04-01,163,1,1,1.0
1997-04-01,164,1,1,1.0
1997-04-01,165,1,1,1.0
1997-04-01,166,1,1,1.0
1997-04-01,167,1,1,1.0
1997-04-01,168,1,1,1.0
1997-04-01,169,1,1,1.0
1997-04-01,170,1,1,1.0
1997-04-01,171,1,1,1.0
1997-04-01,172,1,1,1.0
1997-04-01,173,1,1,1.0
1997-04-01,174,1,1,1.0
1997-04-01,175,1,1,1.0
1997-04-01,176,1,1,1.0
1997-04-01,177,1,1,1.0
1997-04-01,178,1,1,1.0
1997-04-01,179,1,1,1.0
1997-04-01,180,1,1,1.0
1997-04-01,181,1,1,1.0
1997-04-01,182,1,1,1.0
1997-04-01,183,1,1,1.0
1997-04-01,184,1,1,1.0
1997-04-01,185,1,1,1.0
1997-04-01,186,1,1,1.0
1997-04-01,187,1,1,1.0
1997-04-01,188,1,1,1.0
1997-04-01,189,1,1,1.0
1997-04-01,190,1,1,1.0
1997-04-01,191,1,1,1.0
1997-04-01,192,1,1,1.0
1997-04-01,193,1,1,1.0
1997-04-01,194,1,1,1.0
1997-04-01,195,1,1,1.0
1997-04-01,196,1,1,1.0
1997-04-01,197,1,1,1.0
1997-04-01,198,1,1,1.0
1997-04-01,199,1,1,1.0
1997-04-01,200,1,1,1.0
1997-04-01,201,1,1,1.0
1997-04-01,202,1,1,1.0
1997-04-01,203,1,1,1.0
1997-04-01,204,1,1,1.0
1997-04-01,205,1,1,1.0
1997-04-01,206,1,1,1.0
1997-04-01,207,1,1,1.0
1997-04-01,208,1,1,1.0
1997-04-01,209,1,1,1.0
1997-04-01,210,1,1,1.0
1997-04-01,211,1,1,1.0
1997-04-01,212,1,1,1.0
1997-04-01,213,1,1,1.0
1997-04-01,214,1,1,1.0
1997-04-01,215,1,1,1.0
1997-04-01,216,1,1,1.0
1997-04-01,217,1,1,1.0
1997-04-01,218,1,1,1.0
1997-04-01,219,1,1,1.0
1997-04-01,220,1,1,1.0
1997-04-01,221,1,1,1.0
1997-04-01,222,1,1,1.0
1997-04-01,223,1,1,1.0
1997-04-01,224,1,1,1.0
1997-04-01,225,1,1,1.0
1997-04-01,226,1,1,1.0
1997-04-01,227,1,1,1.0
1997-04-01,228,1,1,1.0
1997-04-01,229,1,1,1.0
1997-04-01,230,1,1,1.0
1997-04-01,231,1,1,1.0
1997-04-01,232,1,1,1.0
1997-04-01,233,1,1,1.0
1997-04-01,234,1,1,1.0
1997-04-01,235,1,1,1.0
1997-04-01,236,1,1,1.0
1997-04-01,237,1,1,1.0
1997-04-01,238,1,1,1.0
1997-04-01,239,1,1,1.0
1997-04-01,240,1,1,1.0
1997-04-01,241,1,1,1.0
1997-04-01,242,1,1,1.0
1997-04-01,243,1,1,1.0
1997-04-01,244,1,1,1.0
1997-04-01,245,1,1,1.0
1997-04-01,246,1,1,1.0
1997-04-01,247,1,1,1.0
1997-04-01,248,1,1,1.0
1997-04-01,249,1,1,1.0
1997-04-01,250,1,1,1.0
1997-04-01,251,1,1,1.0
1997-04-01,252,1,1,1.0
1997-04-01,253,1,1,1.0
1997-04-01,254,1,1,1.0
1997-04-01,255,1,1,1.0
1997-04-01,256,1,1,1.0
1997-04-01,257,1,1,1.0
1997-04-01,258,1,1,1.0
1997-04-01,259,1,1,1.0
1997-04-01,260,1,1,1.0
1997-04-01,261,1,1,1.0
1997-04-01,262,1,1,1.0
1997-04-01,263,1,1,1.0
1997-04-01,264,1,1,1.0
1997-04-01,265,1,1,1.0
1997-04-01,266,1,1,1.0
1997-04-01,267,1,1,1.0
1997-04-01,268,1,1,1.0
1997-04-01,269,1,1,1.0
1997-04-01,270,1,1,1.0
1997-05-01,152,3,5,0.6
1997-05-01,153,3,5,0.6
1997-05-01,154,3,5,0.6
1997-05-01,155,3,5,0.6
1997-05-01,156,3,5,0.6
1997-05-01,157,3,5,0.6
1997-05-01,158,3,5,0.6
1997-05-01,159,3,5,0.6
1997-05-01,160,3,5,0.6
1997-05-01,161,3,5,0.6
1997-05-01,162,3,5,0.6
1997-05-01,163,3,5,0.6
1997-05-01,164,3,5,0.6
1997-05-01,165,3,5,0.6
1997-05-01,166,3,5,0.6
1997-05-01,167,3,5,0.6
1997-05-01,168,3,5,0.6
1997-05-01,169,3,5,0.6
1997-05-01,170,3,5,0.6
1997-05-01,171,3,5,0.6
1997-05-01,172,3,5,0.6
1997-05-01,173,3,5,0.6
1997-05-01,174,3,5,0.6
1997-05-01,175,3,5,0.6
1997-05-01,176,3,5,0.6
1997-05-01,177,3,5,0.6
1997-05-01,178,3,5,0.6
1997-05-01,179,3,5,0.6
1997-05-01,180,3,5,0.6
1997-05-01,181,3,5,0.6
1997-05-01,182,3,5,0.6
1997-05-01,183,3,5,0.6
1997-05-01,184,3,5,0.6
1997-05-01,185,3,5,0.6
1997-05-01,186,3,5,0.6
1997-05-01,187,3,5,0.6
1997-05-01,188,3,5,0.6
1997-05-01,189,3,5,0.6
1997-05-01,190,3,5,0.6
1997-05-01,191,3,5,0.6
1997-05-01,192,3,5,0.6
1997-05-01,193,3,5,0.6
1997-05-01,194,3,5,0.6
1997-05-01,195,3,5,0.6
1997-05-01,196,3,5,0.6
1997-05-01,197,3,5,0.6
1997-05-01,198,3,5,0.6
1997-05-01,199,3,5,0.6
1997-05-01,200,3,5,0.6
1997-05-01,201,3,5,0.6
1997-05-01,202,3,5,0.6
1997-05-01,203,3,5,0.6
1997-05-01,204,3,5,0.6
1997-05-01,205,3,5,0.6
1997-05-01,206,3,5,0.6
1997-05-01,207,3,5,0.6
1997-05-01,208,3,5,0.6
1997-05-01,209,3,5,0.6
1997-05-01,210,3,5,0.6
1997-05-01,211,3,5,0.6
1997-05-01,212,3,5,0.6
1997-05-01,213,3,5,0.6
1997-05-01,214,3,5,0.6
1997-05-01,215,3,5,0.6
1997-05-01,216,3,5,0.6
1997-05-01,217,3,5,0.6
1997-05-01,218,3,5,0.6
1997-05-01,219,3,5,0.6
1997-05-01,220,3,5,0.6
1997-05-01,221,3,5,0.6
1997-05-01,222,3,5,0.6
1997-05-01,223,3,5,0.6
1997-05-01,224,3,5,0.6
1997-05-01,225,3,5,0.6
1997-05-01,226,3,5,0.6
1997-05-01,227,3,5,0.6
1997-05-01,228,3,5,0.6
1997-05-01,229,3,5,0.6
1997-05-01,230,3,5,0.6
1997-05-01,231,3,5,0.6
1997-05-01,232,3,5,0.6
1997-05-01,233,3,5,0.6
1997-05-01,234,3,5,0.6
1997-05-01,235,3,5,0.6
1997-05-01,236,3,5,0.6
1997-05-01,237,3,5,0.6
1997-05-01,238,3,5,0.6
1997-05-01,239,3,5,0.6
1997-05-01,240,3,5,0.6
1997-05-01,241,3,5,0.6
1997-05-01,242,3,5,0.6
1997-05-01,243,3,5,0.6
1997-05-01,244,3,5,0.6
1997-05-01,245,3,5,0.6
1997-05-01,246,3,5,0.6
1997-05-01,247,3,5,0.6
1997-05-01,248,3,5,0.6
1997-05-01,249,3,5,0.6
1997-05-01,250,3,5,0.6
1997-05-01,251,3,5,0.6
1997-05-01,252,3,5,0.6
1997-05-01,253,3,5,0.6
1997-05-01,254,3,5,0.6
1997-05-01,255,3,5,0.6
1997-05-01,256,3,5,0.6
1997-05-01,257,3,5,0.6
1997-05-01,258,3,5,0.6
1997-05-01,259,3,5,0.6
1997-05-01,260,3,5,0.6
1997-05-01,261,3,5,0.6
1997-05-01,262,3,5,0.6
1997-05-01,263,3,5,0.6
1997-05-01,264,3,5,0.6
1997-05-01,265,3,5,0.6
1997-05-01,266,3,5,0.6
1997-05-01,267,3,5,0.6
1997-05-01,268,3,5,0.6
1997-05-01,269,3,5,0.6
1997-08-01,149,1,2,0.5
1997-08-01,150,1,2,0.5
1997-08-01,151,1,2,0.5
1997-08-01,152,1,2,0.5
1997-08-01,153,1,2,0.5
1997-08-01,154,1,2,0.5
1997-08-01,155,1,2,0.5
1997-08-01,156,1,2,0.5
1997-08-01,157,1,2,0.5
1997-08-01,158,1,2,0.5
1997-08-01,159,1,2,0.5
1997-08-01,160,1,2,0.5
1997-08-01,161,1,2,0.5
1997-08-01,162,1,2,0.5
1997-08-01,163,1,2,0.5
1997-08-01,164,1,2,0.5
1997-08-01,165,1,2,0.5
1997-08-01,166,1,2,0.5
1997-08-01,167,1,2,0.5
1997-08-01,168,1,2,0.5
1997-08-01,169,1,2,0.5
1997-08-01,170,1,2,0.5
1997-08-01,171,1,2,0.5
1997-08-01,172,1,2,0.5
1997-08-01,173,1,2,0.5
1997-08-01,174,1,2,0.5
1997-08-01,175,1,2,0.5
1997-08-01,176,1,2,0.5
1997-08-01,177,1,2,0.5
1997-08-01,178,1,2,0.5
1997-08-01,179,1,2,0.5
1997-08-01,180,1,2,0.5
1997-08-01,181,1,2,0.5
1997-08-01,182,1,2,0.5
1997-08-01,183,1,2,0.5
1997-08-01,184,1,2,0.5
1997-08-01,185,1,2,0.5
1997-08-01,186,1,2,0.5
1997-08-01,187,1,2,0.5
1997-08-01,188,1,2,0.5
1997-08-01,189,1,2,0.5
1997-08-01,190,1,2,0.5
1997-08-01,191,1,2,0.5
1997-08-01,192,1,2,0.5
1997-08-01,193,1,2,0.5
1997-08-01,194,1,2,0.5
1997-08-01,195,1,2,0.5
1997-08-01,196,1,2,0.5
1997-08-01,197,1,2,0.5
1997-08-01,198,1,2,0.5
1997-08-01,199,1,2,0.5
1997-08-01,200,1,2,0.5
1997-08-01,201,1,2,0.5
1997-08-01,202,1,2,0.5
1997-08-01,203,1,2,0.5
1997-08-01,204,1,2,0.5
1997-08-01,205,1,2,0.5
1997-08-01,206,1,2,0.5
1997-08-01,207,1,2,0.5
1997-08-01,208,1,2,0.5
1997-08-01,209,1,2,0.5
1997-08-01,210,1,2,0.5
1997-08-01,211,1,2,0.5
1997-08-01,212,1,2,0.5
1997-08-01,213,1,2,0.5
1997-08-01,214,1,2,0.5
1997-08-01,215,1,2,0.5
1997-08-01,216,1,2,0.5
1997-08-01,217,1,2,0.5
1997-08-01,218,1,2,0.5
1997-08-01,219,1,2,0.5
1997-08-01,220,1,2,0.5
1997-08-01,221,1,2,0.5
1997-08-01,222,1,2,0.5
1997-08-01,223,1,2,0.5
1997-08-01,224,1,2,0.5
1997-08-01,225,1,2,0.5
1997-08-01,226,1,2,0.5
1997-08-01,227,1,2,0.5
1997-08-01,228,1,2,0.5
1997-08-01,229,1,2,0.5
1997-08-01,230,1,2,0.5
1997-08-01,231,1,2,0.5
1997-08-01,232,1,2,0.5
1997-08-01,233,1,2,0.5
1997-08-01,234,1,2,0.5
1997-08-01,235,1,2,0.5
1997-08-01,236,1,2,0.5
1997-08-01,237,1,2,0.5
1997-08-01,238,1,2,0.5
1997-08-01,239,1,2,0.5
1997-08-01,240,1,2,0.5
1997-08-01,241,1,2,0.5
1997-08-01,242,1,2,0.5
1997-08-01,243,1,2,0.5
1997-08-01,244,1,2,0.5
1997-08-01,245,1,2,0.5
1997-08-01,246,1,2,0.5
1997-08-01,247,1,2,0.5
1997-08-01,248,1,2,0.5
1997-08-01,249,1,2,0.5
1997-08-01,250,1,2,0.5
1997-08-01,251,1,2,0.5
1997-08-01,252,1,2,0.5
1997-08-01,253,1,2,0.5
1997-08-01,254,1,2,0.5
1997-08-01,255,1,2,0.5
1997-08-01,256,1,2,0.5
1997-08-01,257,1,2,0.5
1997-08-01,258,1,2,0.5
1997-08-01,259,1,2,0.5
1997-08-01,260,1,2,0.5
1997-08-01,261,1,2,0.5
1997-08-01,262,1,2,0.5
1997-08-01,263,1,2,0.5
1997-08-01,264,1,2,0.5
1997-08-01,265,1,2,0.5
1997-08-01,266,1,2,0.5
1997-09-01,148,1,1,1.0
1997-09-01,149,1,1,1.0
1997-09-01,150,1,1,1.0
1997-09-01,151,1,1,1.0
1997-09-01,152,1,1,1.0
1997-09-01,153,1,1,1.0
1997-09-01,154,1,1,1.0
1997-09-01,155,1,1,1.0
1997-09-01,156,1,1,1.0
1997-09-01,157,1,1,1.0
1997-09-01,158,1,1,1.0
1997-09-01,159,1,1,1.0
1997-09-01,160,1,1,1.0
1997-09-01,161,1,1,1.0
1997-09-01,162,1,1,1.0
1997-09-01,163,1,1,1.0
1997-09-01,164,1,1,1.0
1997-09-01,165,1,1,1.0
1997-09-01,166,1,1,1.0
1997-09-01,167,1,1,1.0
1997-09-01,168,1,1,1.0
1997-09-01,169,1,1,1.0
1997-09-01,170,1,1,1.0
1997-09-01,171,1,1,1.0
1997-09-01,172,1,1,1.0
1997-09-01,173,1,1,1.0
1997-09-01,174,1,1,1.0
1997-09-01,175,1,1,1.0
1997-09-01,176,1,1,1.0
1997-09-01,177,1,1,1.0
1997-09-01,178,1,1,1.0
1997-09-01,179,1,1,1.0
1997-09-01,180,1,1,1.0
1997-09-01,181,1,1,1.0
1997-09-01,182,1,1,1.0
1997-09-01,183,1,1,1.0
1997-09-01,184,1,1,1.0
1997-09-01,185,1,1,1.0
1997-09-01,186,1,1,1.0
1997-09-01,187,1,1,1.0
1997-09-01,188,1,1,1.0
1997-09-01,189,1,1,1.0
1997-09-01,190,1,1,1.0
1997-09-01,191,1,1,1.0
1997-09-01,192,1,1,1.0
1997-09-01,193,1,1,1.0
1997-09-01,194,1,1,1.0
1997-09-01,195,1,1,1.0
1997-09-01,196,1,1,1.0
1997-09-01,197,1,1,1.0
1997-09-01,198,1,1,1.0
1997-09-01,199,1,1,1.0
1997-09-01,200,1,1,1.0
1997-09-01,201,1,1,1.0
1997-09-01,202,1,1,1.0
1997-09-01,203,1,1,1.0
1997-09-01,204,1,1,1.0
1997-09-01,205,1,1,1.0
1997-09-01,206,1,1,1.0
1997-09-01,207,1,1,1.0
1997-09-01,208,1,1,1.0
1997-09-01,209,1,1,1.0
1997-09-01,210,1,1,1.0
1997-09-01,211,1,1,1.0
1997-09-01,212,1,1,1.0
1997-09-01,213,1,1,1.0
1997-09-01,214,1,1,1.0
1997-09-01,215,1,1,1.0
1997-09-01,216,1,1,1.0
1997-09-01,217,1,1,1.0
1997-09-01,218,1,1,1.0
1997-09-01,219,1,1,1.0
1997-09-01,220,1,1,1.0
1997-09-01,221,1,1,1.0
1997-09-01,222,1,1,1.0
1997-09-01,223,1,1,1.0
1997-09-01,224,1,1,1.0
1997-09-01,225,1,1,1.0
1997-09-01,226,1,1,1.0
1997-09-01,227,1,1,1.0
1997-09-01,228,1,1,1.0
1997-09-01,229,1,1,1.0
1997-09-01,230,1,1,1.0
1997-09-01,231,1,1,1.0
1997-09-01,232,1,1,1.0
1997-09-01,233,1,1,1.0
1997-09-01,234,1,1,1.0
1997-09-01,235,1,1,1.0
1997-09-01,236,1,1,1.0
1997-09-01,237,1,1,1.0
1997-09-01,238,1,1,1.0
1997-09-01,239,1,1,1.0
1997-09-01,240,1,1,1.0
1997-09-01,241,1,1,1.0
1997-09-01,242,1,1,1.0
1997-09-01,243,1,1,1.0
1997-09-01,244,1,1,1.0
1997-09-01,245,1,1,1.0
1997-09-01,246,1,1,1.0
1997-09-01,247,1,1,1.0
1997-09-01,248,1,1,1.0
1997-09-01,249,1,1,1.0
1997-09-01,250,1,1,1.0
1997-09-01,251,1,1,1.0
1997-09-01,252,1,1,1.0
1997-09-01,253,1,1,1.0
1997-09-01,254,1,1,1.0
1997-09-01,255,1,1,1.0
1997-09-01,256,1,1,1.0
1997-09-01,257,1,1,1.0
1997-09-01,258,1,1,1.0
1997-09-01,259,1,1,1.0
1997-09-01,260,1,1,1.0
1997-09-01,261,1,1,1.0
1997-09-01,262,1,1,1.0
1997-09-01,263,1,1,1.0
1997-09-01,264,1,1,1.0
1997-09-01,265,1,1,1.0
1997-10-01,147,1,1,1.0
1997-10-01,148,1,1,1.0
1997-10-01,149,1,1,1.0
1997-10-01,150,1,1,1.0
1997-10-01,151,1,1,1.0
1997-10-01,152,1,1,1.0
1997-10-01,153,1,1,1.0
1997-10-01,154,1,1,1.0
1997-10-01,155,1,1,1.0
1997-10-01,156,1,1,1.0
1997-10-01,157,1,1,1.0
1997-10-01,158,1,1,1.0
1997-10-01,159,1,1,1.0
1997-10-01,160,1,1,1.0
1997-10-01,161,1,1,1.0
1997-10-01,162,1,1,1.0
1997-10-01,163,1,1,1.0
1997-10-01,164,1,1,1.0
1997-10-01,165,1,1,1.0
1997-10-01,166,1,1,1.0
1997-10-01,167,1,1,1.0
1997-10-01,168,1,1,1.0
1997-10-01,169,1,1,1.0
1997-10-01,170,1,1,1.0
1997-10-01,171,1,1,1.0
1997-10-01,172,1,1,1.0
1997-10-01,173,1,1,1.0
1997-10-01,174,1,1,1.0
1997-10-01,175,1,1,1.0
1997-10-01,176,1,1,1.0
1997-10-01,177,1,1,1.0
1997-10-01,178,1,1,1.0
1997-10-01,179,1,1,1.0
1997-10-01,180,1,1,1.0
1997-10-01,181,1,1,1.0
1997-10-01,182,1,1,1.0
1997-10-01,183,1,1,1.0
1997-10-01,184,1,1,1.0
1997-10-01,185,1,1,1.0
1997-10-01,186,1,1,1.0
1997-10-01,187,1,1,1.0
1997-10-01,188,1,1,1.0
1997-10-01,189,1,1,1.0
1997-10-01,190,1,1,1.0
1997-10-01,191,1,1,1.0
1997-10-01,192,1,1,1.0
1997-10-01,193,1,1,1.0
1997-10-01,194,1,1,1.0
1997-10-01,195,1,1,1.0
1997-10-01,196,1,1,1.0
1997-10-01,197,1,1,1.0
1997-10-01,198,1,1,1.0
1997-10-01,199,1,1,1.0
1997-10-01,200,1,1,1.0
1997-10-01,201,1,1,1.0
1997-10-01,202,1,1,1.0
1997-10-01,203,1,1,1.0
1997-10-01,204,1,1,1.0
1997-10-01,205,1,1,1.0
1997-10-01,206,1,1,1.0
1997-10-01,207,1,1,1.0
1997-10-01,208,1,1,1.0
1997-10-01,209,1,1,1.0
1997-10-01,210,1,1,1.0
1997-10-01,211,1,1,1.0
1997-10-01,212,1,1,1.0
1997-10-01,213,1,1,1.0
1997-10-01,214,1,1,1.0
1997-10-01,215,1,1,1.0
1997-10-01,216,1,1,1.0
1997-10-01,217,1,1,1.0
1997-10-01,218,1,1,1.0
1997-10-01,219,1,1,1.0
1997-10-01,220,1,1,1.0
1997-10-01,221,1,1,1.0
1997-10-01,222,1,1,1.0
1997-10-01,223,1,1,1.0
1997-10-01,224,1,1,1.0
1997-10-01,225,1,1,1.0
1997-10-01,226,1,1,1.0
1997-10-01,227,1,1,1.0
1997-10-01,228,1,1,1.0
1997-10-01,229,1,1,1.0
1997-10-01,230,1,1,1.0
1997-10-01,231,1,1,1.0
1997-10-01,232,1,1,1.0
1997-10-01,233,1,1,1.0
1997-10-01,234,1,1,1.0
1997-10-01,235,1,1,1.0
1997-10-01,236,1,1,1.0
1997-10-01,237,1,1,1.0
1997-10-01,238,1,1,1.0
1997-10-01,239,1,1,1.0
1997-10-01,240,1,1,1.0
1997-10-01,241,1,1,1.0
1997-10-01,242,1,1,1.0
1997-10-01,243,1,1,1.0
1997-10-01,244,1,1,1.0
1997-10-01,245,1,1,1.0
1997-10-01,246,1,1,1.0
1997-10-01,247,1,1,1.0
1997-10-01,248,1,1,1.0
1997-10-01,249,1,1,1.0
1997-10-01,250,1,1,1.0
1997-10-01,251,1,1,1.0
1997-10-01,252,1,1,1.0
1997-10-01,253,1,1,1.0
1997-10-01,254,1,1,1.0
1997-10-01,255,1,1,1.0
1997-10-01,256,1,1,1.0
1997-10-01,257,1,1,1.0
1997-10-01,258,1,1,1.0
1997-10-01,259,1,1,1.0
1997-10-01,260,1,1,1.0
1997-10-01,261,1,1,1.0
1997-10-01,262,1,1,1.0
1997-10-01,263,1,1,1.0
1997-10-01,264,1,1,1.0
1997-11-01,146,4,4,1.0
1997-11-01,147,4,4,1.0
1997-11-01,148,4,4,1.0
1997-11-01,149,4,4,1.0
1997-11-01,150,4,4,1.0
1997-11-01,151,4,4,1.0
1997-11-01,152,4,4,1.0
1997-11-01,153,4,4,1.0
1997-11-01,154,4,4,1.0
1997-11-01,155,4,4,1.0
1997-11-01,156,4,4,1.0
1997-11-01,157,4,4,1.0
1997-11-01,158,4,4,1.0
1997-11-01,159,4,4,1.0
1997-11-01,160,4,4,1.0
1997-11-01,161,4,4,1.0
1997-11-01,162,4,4,1.0
1997-11-01,163,4,4,1.0
1997-11-01,164,4,4,1.0
1997-11-01,165,4,4,1.0
1997-11-01,166,4,4,1.0
1997-11-01,167,4,4,1.0
1997-11-01,168,4,4,1.0
1997-11-01,169,4,4,1.0
1997-11-01,170,4,4,1.0
1997-11-01,171,4,4,1.0
1997-11-01,172,4,4,1.0
1997-11-01,173,4,4,1.0
1997-11-01,174,4,4,1.0
1997-11-01,175,4,4,1.0
1997-11-01,176,4,4,1.0
1997-11-01,177,4,4,1.0
1997-11-01,178,4,4,1.0
1997-11-01,179,4,4,1.0
1997-11-01,180,4,4,1.0
1997-11-01,181,4,4,1.0
1997-11-01,182,4,4,1.0
1997-11-01,183,4,4,1.0
1997-11-01,184,4,4,1.0
1997-11-01,185,4,4,1.0
1997-11-01,186,4,4,1.0
1997-11-01,187,4,4,1.0
1997-11-01,188,4,4,1.0
1997-11-01,189,4,4,1.0
1997-11-01,190,4,4,1.0
1997-11-01,191,4,4,1.0
1997-11-01,192,4,4,1.0
1997-11-01,193,4,4,1.0
1997-11-01,194,4,4,1.0
1997-11-01,195,4,4,1.0
1997-11-01,196,4,4,1.0
1997-11-01,197,4,4,1.0
1997-11-01,198,4,4,1.0
1997-11-01,199,4,4,1.0
1997-11-01,200,4,4,1.0
1997-11-01,201,4,4,1.0
1997-11-01,202,4,4,1.0
1997-11-01,203,4,4,1.0
1997-11-01,204,4,4,1.0
1997-11-01,205,4,4,1.0
1997-11-01,206,4,4,1.0
1997-11-01,207,4,4,1.0
1997-11-01,208,4,4,1.0
1997-11-01,209,4,4,1.0
1997-11-01,210,4,4,1.0
1997-11-01,211,4,4,1.0
1997-11-01,212,4,4,1.0
1997-11-01,213,4,4,1.0
1997-11-01,214,4,4,1.0
1997-11-01,215,4,4,1.0
1997-11-01,216,4,4,1.0
1997-11-01,217,4,4,1.0
1997-11-01,218,4,4,1.0
1997-11-01,219,4,4,1.0
1997-11-01,220,4,4,1.0
1997-11-01,221,4,4,1.0
1997-11-01,222,4,4,1.0
1997-11-01,223,4,4,1.0
1997-11-01,224,4,4,1.0
1997-11-01,225,4,4,1.0
1997-11-01,226,4,4,1.0
1997-11-01,227,4,4,1.0
1997-11-01,228,4,4,1.0
1997-11-01,229,4,4,1.0
1997-11-01,230,4,4,1.0
1997-11-01,231,4,4,1.0
1997-11-01,232,4,4,1.0
1997-11-01,233,4,4,1.0
1997-11-01,234,4,4,1.0
1997-11-01,235,4,4,1.0
1997-11-01,236,4,4,1.0
1997-11-01,237,4,4,1.0
1997-11-01,238,4,4,1.0
1997-11-01,239,4,4,1.0
1997-11-01,240,4,4,1.0
1997-11-01,241,4,4,1.0
1997-11-01,242,4,4,1.0
1997-11-01,243,4,4,1.0
1997-11-01,244,4,4,1.0
1997-11-01,245,4,4,1.0
1997-11-01,246,4,4,1.0
1997-11-01,247,4,4,1.0
1997-11-01,248,4,4,1.0
1997-11-01,249,4,4,1.0
1997-11-01,250,4,4,1.0
1997-11-01,251,4,4,1.0
1997-11-01,252,4,4,1.0
1997-11-01,253,4,4,1.0
1997-11-01,254,4,4,1.0
1997-11-01,255,4,4,1.0
1997-11-01,256,4,4,1.0
1997-11-01,257,4,4,1.0
1997-11-01,258,4,4,1.0
1997-11-01,259,4,4,1.0
1997-11-01,260,4,4,1.0
1997-11-01,261,4,4,1.0
1997-11-01,262,4,4,1.0
1997-11-01,263,4,4,1.0
1997-12-01,145,3,3,1.0
1997-12-01,146,3,3,1.0
1997-12-01,147,3,3,1.0
1997-12-01,148,3,3,1.0
1997-12-01,149,3,3,1.0
1997-12-01,150,3,3,1.0
1997-12-01,151,3,3,1.0
1997-12-01,152,3,3,1.0
1997-12-01,153,3,3,1.0
1997-12-01,154,3,3,1.0
1997-12-01,155,3,3,1.0
1997-12-01,156,3,3,1.0
1997-12-01,157,3,3,1.0
1997-12-01,158,3,3,1.0
1997-12-01,159,3,3,1.0
1997-12-01,160,3,3,1.0
1997-12-01,161,3,3,1.0
1997-12-01,162,3,3,1.0
1997-12-01,163,3,3,1.0
1997-12-01,164,3,3,1.0
1997-12-01,165,3,3,1.0
1997-12-01,166,3,3,1.0
1997-12-01,167,3,3,1.0
1997-12-01,168,3,3,1.0
1997-12-01,169,3,3,1.0
1997-12-01,170,3,3,1.0
1997-12-01,171,3,3,1.0
1997-12-01,172,3,3,1.0
1997-12-01,173,3,3,1.0
1997-12-01,174,3,3,1.0
1997-12-01,175,3,3,1.0
1997-12-01,176,3,3,1.0
1997-12-01,177,3,3,1.0
1997-12-01,178,3,3,1.0
1997-12-01,179,3,3,1.0
1997-12-01,180,3,3,1.0
1997-12-01,181,3,3,1.0
1997-12-01,182,3,3,1.0
1997-12-01,183,3,3,1.0
1997-12-01,184,3,3,1.0
1997-12-01,185,3,3,1.0
1997-12-01,186,3,3,1.0
1997-12-01,187,3,3,1.0
1997-12-01,188,3,3,1.0
1997-12-01,189,3,3,1.0
1997-12-01,190,3,3,1.0
1997-12-01,191,3,3,1.0
1997-12-01,192,3,3,1.0
1997-12-01,193,3,3,1.0
1997-12-01,194,3,3,1.0
1997-12-01,195,3,3,1.0
1997-12-01,196,3,3,1.0
1997-12-01,197,3,3,1.0
1997-12-01,198,3,3,1.0
1997-12-01,199,3,3,1.0
1997-12-01,200,3,3,1.0
1997-12-01,201,3,3,1.0
1997-12-01,202,3,3,1.0
1997-12-01,203,3,3,1.0
1997-12-01,204,3,3,1.0
1997-12-01,205,3,3,1.0
1997-12-01,206,3,3,1.0
1997-12-01,207,3,3,1.0
1997-12-01,208,3,3,1.0
1997-12-01,209,3,3,1.0
1997-12-01,210,3,3,1.0
1997-12-01,211,3,3,1.0
1997-12-01,212,3,3,1.0
1997-12-01,213,3,3,1.0
1997-12-01,214,3,3,1.0
1997-12-01,215,3,3,1.0
1997-12-01,216,3,3,1.0
1997-12-01,217,3,3,1.0
1997-12-01,218,3,3,1.0
1997-12-01,219,3,3,1.0
1997-12-01,220,3,3,1.0
1997-12-01,221,3,3,1.0
1997-12-01,222,3,3,1.0
1997-12-01,223,3,3,1.0
1997-12-01,224,3,3,1.0
1997-12-01,225,3,3,1.0
1997-12-01,226,3,3,1.0
1997-12-01,227,3,3,1.0
1997-12-01,228,3,3,1.0
1997-12-01,229,3,3,1.0
1997-12-01,230,3,3,1.0
1997-12-01,231,3,3,1.0
1997-12-01,232,3,3,1.0
1997-12-01,233,3,3,1.0
1997-12-01,234,3,3,1.0
1997-12-01,235,3,3,1.0
1997-12-01,236,3,3,1.0
1997-12-01,237,3,3,1.0
1997-12-01,238,3,3,1.0
1997-12-01,239,3,3,1.0
1997-12-01,240,3,3,1.0
1997-12-01,241,3,3,1.0
1997-12-01,242,3,3,1.0
1997-12-01,243,3,3,1.0
1997-12-01,244,3,3,1.0
1997-12-01,245,3,3,1.0
1997-12-01,246,3,3,1.0
1997-12-01,247,3,3,1.0
1997-12-01,248,3,3,1.0
1997-12-01,249,3,3,1.0
1997-12-01,250,3,3,1.0
1997-12-01,251,3,3,1.0
1997-12-01,252,3,3,1.0
1997-12-01,253,3,3,1.0
1997-12-01,254,3,3,1.0
1997-12-01,255,3,3,1.0
1997-12-01,256,3,3,1.0
1997-12-01,257,3,3,1.0
1997-12-01,258,3,3,1.0
1997-12-01,259,3,3,1.0
1997-12-01,260,3,3,1.0
1997-12-01,261,3,3,1.0
1997-12-01,262,3,3,1.0
1998-01-01,144,3,3,1.0
1998-01-01,145,3,3,1.0
1998-01-01,146,3,3,1.0
1998-01-01,147,3,3,1.0
1998-01-01,148,3,3,1.0
1998-01-01,149,3,3,1.0
1998-01-01,150,3,3,1.0
1998-01-01,151,3,3,1.0
1998-01-01,152,3,3,1.0
1998-01-01,153,3,3,1.0
1998-01-01,154,3,3,1.0
1998-01-01,155,3,3,1.0
1998-01-01,156,3,3,1.0
1998-01-01,157,3,3,1.0
1998-01-01,158,3,3,1.0
1998-01-01,159,3,3,1.0
1998-01-01,160,3,3,1.0
1998-01-01,161,3,3,1.0
1998-01-01,162,3,3,1.0
1998-01-01,163,3,3,1.0
1998-01-01,164,3,3,1.0
1998-01-01,165,3,3,1.0
1998-01-01,166,3,3,1.0
1998-01-01,167,3,3,1.0
1998-01-01,168,3,3,1.0
1998-01-01,169,3,3,1.0
1998-01-01,170,3,3,1.0
1998-01-01,171,3,3,1.0
1998-01-01,172,3,3,1.0
1998-01-01,173,3,3,1.0
1998-01-01,174,3,3,1.0
1998-01-01,175,3,3,1.0
1998-01-01,176,3,3,1.0
1998-01-01,177,3,3,1.0
1998-01-01,178,3,3,1.0
1998-01-01,179,3,3,1.0
1998-01-01,180,3,3,1.0
1998-01-01,181,3,3,1.0
1998-01-01,182,3,3,1.0
1998-01-01,183,3,3,1.0
1998-01-01,184,3,3,1.0
1998-01-01,185,3,3,1.0
1998-01-01,186,3,3,1.0
1998-01-01,187,3,3,1.0
1998-01-01,188,3,3,1.0
1998-01-01,189,3,3,1.0
1998-01-01,190,3,3,1.0
1998-01-01,191,3,3,1.0
1998-01-01,192,3,3,1.0
1998-01-01,193,3,3,1.0
1998-01-01,194,3,3,1.0
1998-01-01,195,3,3,1.0
1998-01-01,196,3,3,1.0
1998-01-01,197,3,3,1.0
1998-01-01,198,3,3,1.0
1998-01-01,199,3,3,1.0
1998-01-01,200,3,3,1.0
1998-01-01,201,3,3,1.0
1998-01-01,202,3,3,1.0
1998-01-01,203,3,3,1.0
1998-01-01,204,3,3,1.0
1998-01-01,205,3,3,1.0
1998-01-01,206,3,3,1.0
1998-01-01,207,3,3,1.0
1998-01-01,208,3,3,1.0
1998-01-01,209,3,3,1.0
1998-01-01,210,3,3,1.0
1998-01-01,211,3,3,1.0
1998-01-01,212,3,3,1.0
1998-01-01,213,3,3,1.0
1998-01-01,214,3,3,1.0
1998-01-01,215,3,3,1.0
1998-01-01,216,3,3,1.0
1998-01-01,217,3,3,1.0
1998-01-01,218,3,3,1.0
1998-01-01,219,3,3,1.0
1998-01-01,220,3,3,1.0
1998-01-01,221,3,3,1.0
1998-01-01,222,3,3,1.0
1998-01-01,223,3,3,1.0
1998-01-01,224,3,3,1.0
1998-01-01,225,3,3,1.0
1998-01-01,226,3,3,1.0
1998-01-01,227,3,3,1.0
1998-01-01,228,3,3,1.0
1998-01-01,229,3,3,1.0
1998-01-01,230,3,3,1.0
1998-01-01,231,3,3,1.0
1998-01-01,232,3,3,1.0
1998-01-01,233,3,3,1.0
1998-01-01,234,3,3,1.0
1998-01-01,235,3,3,1.0
1998-01-01,236,3,3,1.0
1998-01-01,237,3,3,1.0
1998-01-01,238,3,3,1.0
1998-01-01,239,3,3,1.0
1998-01-01,240,3,3,1.0
1998-01-01,241,3,3,1.0
1998-01-01,242,3,3,1.0
1998-01-01,243,3,3,1.0
1998-01-01,244,3,3,1.0
1998-01-01,245,3,3,1.0
1998-01-01,246,3,3,1.0
1998-01-01,247,3,3,1.0
1998-01-01,248,3,3,1.0
1998-01-01,249,3,3,1.0
1998-01-01,250,3,3,1.0
1998-01-01,251,3,3,1.0
1998-01-01,252,3,3,1.0
1998-01-01,253,3,3,1.0
1998-01-01,254,3,3,1.0
1998-01-01,255,3,3,1.0
1998-01-01,256,3,3,1.0
1998-01-01,257,3,3,1.0
1998-01-01,258,3,3,1.0
1998-01-01,259,3,3,1.0
1998-01-01,260,3,3,1.0
1998-01-01,261,3,3,1.0
1998-02-01,143,2,3,0.6666666666666666
1998-02-01,144,2,3,0.6666666666666666
1998-02-01,145,2,3,0.6666666666666666
1998-02-01,146,2,3,0.6666666666666666
1998-02-01,147,2,3,0.6666666666666666
1998-02-01,148,2,3,0.6666666666666666
1998-02-01,149,2,3,0.6666666666666666
1998-02-01,150,2,3,0.6666666666666666
1998-02-01,151,2,3,0.6666666666666666
1998-02-01,152,2,3,0.6666666666666666
1998-02-01,153,2,3,0.6666666666666666
1998-02-01,154,2,3,0.6666666666666666
1998-02-01,155,2,3,0.6666666666666666
1998-02-01,156,2,3,0.6666666666666666
1998-02-01,157,2,3,0.6666666666666666
1998-02-01,158,2,3,0.6666666666666666
1998-02-01,159,2,3,0.6666666666666666
1998-02-01,160,2,3,0.6666666666666666
1998-02-01,161,2,3,0.6666666666666666
1998-02-01,162,2,3,0.6666666666666666
1998-02-01,163,2,3,0.6666666666666666
1998-02-01,164,2,3,0.6666666666666666
1998-02-01,165,2,3,0.6666666666666666
1998-02-01,166,2,3,0.6666666666666666
1998-02-01,167,2,3,0.6666666666666666
1998-02-01,168,2,3,0.6666666666666666
1998-02-01,169,2,3,0.6666666666666666
1998-02-01,170,2,3,0.6666666666666666
1998-02-01,171,2,3,0.6666666666666666
1998-02-01,172,2,3,0.6666666666666666
1998-02-01,173,2,3,0.6666666666666666
1998-02-01,174,2,3,0.6666666666666666
1998-02-01,175,2,3,0.6666666666666666
1998-02-01,176,2,3,0.6666666666666666
1998-02-01,177,2,3,0.6666666666666666
1998-02-01,178,2,3,0.6666666666666666
1998-02-01,179,2,3,0.6666666666666666
1998-02-01,180,2,3,0.6666666666666666
1998-02-01,181,2,3,0.6666666666666666
1998-02-01,182,2,3,0.6666666666666666
1998-02-01,183,2,3,0.6666666666666666
1998-02-01,184,2,3,0.6666666666666666
1998-02-01,185,2,3,0.6666666666666666
1998-02-01,186,2,3,0.6666666666666666
1998-02-01,187,2,3,0.6666666666666666
1998-02-01,188,2,3,0.6666666666666666
1998-02-01,189,2,3,0.6666666666666666
1998-02-01,190,2,3,0.6666666666666666
1998-02-01,191,2,3,0.6666666666666666
1998-02-01,192,2,3,0.6666666666666666
1998-02-01,193,2,3,0.6666666666666666
1998-02-01,194,2,3,0.6666666666666666
1998-02-01,195,2,3,0.6666666666666666
1998-02-01,196,2,3,0.6666666666666666
1998-02-01,197,2,3,0.6666666666666666
1998-02-01,198,2,3,0.6666666666666666
1998-02-01,199,2,3,0.6666666666666666
1998-02-01,200,2,3,0.6666666666666666
1998-02-01,201,2,3,0.6666666666666666
1998-02-01,202,2,3,0.6666666666666666
1998-02-01,203,2,3,0.6666666666666666
1998-02-01,204,2,3,0.6666666666666666
1998-02-01,205,2,3,0.6666666666666666
1998-02-01,206,2,3,0.6666666666666666
1998-02-01,207,2,3,0.6666666666666666
1998-02-01,208,2,3,0.6666666666666666
1998-02-01,209,2,3,0.6666666666666666
1998-02-01,210,2,3,0.6666666666666666
1998-02-01,211,2,3,0.6666666666666666
1998-02-01,212,2,3,0.6666666666666666
1998-02-01,213,2,3,0.6666666666666666
1998-02-01,214,2,3,0.6666666666666666
1998-02-01,215,2,3,0.6666666666666666
1998-02-01,216,2,3,0.6666666666666666
1998-02-01,217,2,3,0.6666666666666666
1998-02-01,218,2,3,0.6666666666666666
1998-02-01,219,2,3,0.6666666666666666
1998-02-01,220,2,3,0.6666666666666666
1998-02-01,221,2,3,0.6666666666666666
1998-02-01,222,2,3,0.6666666666666666
1998-02-01,223,2,3,0.6666666666666666
1998-02-01,224,2,3,0.6666666666666666
1998-02-01,225,2,3,0.6666666666666666
1998-02-01,226,2,3,0.6666666666666666
1998-02-01,227,2,3,0.6666666666666666
1998-02-01,228,2,3,0.6666666666666666
1998-02-01,229,2,3,0.6666666666666666
1998-02-01,230,2,3,0.6666666666666666
1998-02-01,231,2,3,0.6666666666666666
1998-02-01,232,2,3,0.6666666666666666
1998-02-01,233,2,3,0.6666666666666666
1998-02-01,234,2,3,0.6666666666666666
1998-02-01,235,2,3,0.6666666666666666
1998-02-01,236,2,3,0.6666666666666666
1998-02-01,237,2,3,0.6666666666666666
1998-02-01,238,2,3,0.6666666666666666
1998-02-01,239,2,3,0.6666666666666666
1998-02-01,240,2,3,0.6666666666666666
1998-02-01,241,2,3,0.6666666666666666
1998-02-01,242,2,3,0.6666666666666666
1998-02-01,243,2,3,0.6666666666666666
1998-02-01,244,2,3,0.6666666666666666
1998-02-01,245,2,3,0.6666666666666666
1998-02-01,246,2,3,0.6666666666666666
1998-02-01,247,2,3,0.6666666666666666
1998-02-01,248,2,3,0.6666666666666666
1998-02-01,249,2,3,0.6666666666666666
1998-02-01,250,2,3,0.6666666666666666
1998-02-01,251,2,3,0.6666666666666666
1998-02-01,252,2,3,0.6666666666666666
1998-02-01,253,2,3,0.6666666666666666
1998-02-01,254,2,3,0.6666666666666666
1998-02-01,255,2,3,0.6666666666666666
1998-02-01,256,2,3,0.6666666666666666
1998-02-01,257,2,3,0.6666666666666666
1998-02-01,258,2,3,0.6666666666666666
1998-02-01,259,2,3,0.6666666666666666
1998-02-01,260,2,3,0.6666666666666666
1998-03-01,142,1,1,1.0
1998-03-01,143,1,1,1.0
1998-03-01,144,1,1,1.0
1998-03-01,145,1,1,1.0
1998-03-01,146,1,1,1.0
1998-03-01,147,1,1,1.0
1998-03-01,148,1,1,1.0
1998-03-01,149,1,1,1.0
1998-03-01,150,1,1,1.0
1998-03-01,151,1,1,1.0
1998-03-01,152,1,1,1.0
1998-03-01,153,1,1,1.0
1998-03-01,154,1,1,1.0
1998-03-01,155,1,1,1.0
1998-03-01,156,1,1,1.0
1998-03-01,157,1,1,1.0
1998-03-01,158,1,1,1.0
1998-03-01,159,1,1,1.0
1998-03-01,160,1,1,1.0
1998-03-01,161,1,1,1.0
1998-03-01,162,1,1,1.0
1998-03-01,163,1,1,1.0
1998-03-01,164,1,1,1.0
1998-03-01,165,1,1,1.0
1998-03-01,166,1,1,1.0
1998-03-01,167,1,1,1.0
1998-03-01,168,1,1,1.0
1998-03-01,169,1,1,1.0
1998-03-01,170,1,1,1.0
1998-03-01,171,1,1,1.0
1998-03-01,172,1,1,1.0
1998-03-01,173,1,1,1.0
1998-03-01,174,1,1,1.0
1998-03-01,175,1,1,1.0
1998-03-01,176,1,1,1.0
1998-03-01,177,1,1,1.0
1998-03-01,178,1,1,1.0
1998-03-01,179,1,1,1.0
1998-03-01,180,1,1,1.0
1998-03-01,181,1,1,1.0
1998-03-01,182,1,1,1.0
1998-03-01,183,1,1,1.0
1998-03-01,184,1,1,1.0
1998-03-01,185,1,1,1.0
1998-03-01,186,1,1,1.0
1998-03-01,187,1,1,1.0
1998-03-01,188,1,1,1.0
1998-03-01,189,1,1,1.0
1998-03-01,190,1,1,1.0
1998-03-01,191,1,1,1.0
1998-03-01,192,1,1,1.0
1998-03-01,193,1,1,1.0
1998-03-01,194,1,1,1.0
1998-03-01,195,1,1,1.0
1998-03-01,196,1,1,1.0
1998-03-01,197,1,1,1.0
1998-03-01,198,1,1,1.0
1998-03-01,199,1,1,1.0
1998-03-01,200,1,1,1.0
1998-03-01,201,1,1,1.0
1998-03-01,202,1,1,1.0
1998-03-01,203,1,1,1.0
1998-03-01,204,1,1,1.0
1998-03-01,205,1,1,1.0
1998-03-01,206,1,1,1.0
1998-03-01,207,1,1,1.0
1998-03-01,208,1,1,1.0
1998-03-01,209,1,1,1.0
1998-03-01,210,1,1,1.0
1998-03-01,211,1,1,1.0
1998-03-01,212,1,1,1.0
1998-03-01,213,1,1,1.0
1998-03-01,214,1,1,1.0
1998-03-01,215,1,1,1.0
1998-03-01,216,1,1,1.0
1998-03-01,217,1,1,1.0
1998-03-01,218,1,1,1.0
1998-03-01,219,1,1,1.0
1998-03-01,220,1,1,1.0
1998-03-01,221,1,1,1.0
1998-03-01,222,1,1,1.0
1998-03-01,223,1,1,1.0
1998-03-01,224,1,1,1.0
1998-03-01,225,1,1,1.0
1998-03-01,226,1,1,1.0
1998-03-01,227,1,1,1.0
1998-03-01,228,1,1,1.0
1998-03-01,229,1,1,1.0
1998-03-01,230,1,1,1.0
1998-03-01,231,1,1,1.0
1998-03-01,232,1,1,1.0
1998-03-01,233,1,1,1.0
1998-03-01,234,1,1,1.0
1998-03-01,235,1,1,1.0
1998-03-01,236,1,1,1.0
1998-03-01,237,1,1,1.0
1998-03-01,238,1,1,1.0
1998-03-01,239,1,1,1.0
1998-03-01,240,1,1,1.0
1998-03-01,241,1,1,1.0
1998-03-01,242,1,1,1.0
1998-03-01,243,1,1,1.0
1998-03-01,244,1,1,1.0
1998-03-01,245,1,1,1.0
1998-03-01,246,1,1,1.0
1998-03-01,247,1,1,1.0
1998-03-01,248,1,1,1.0
1998-03-01,249,1,1,1.0
1998-03-01,250,1,1,1.0
1998-03-01,251,1,1,1.0
1998-03-01,252,1,1,1.0
1998-03-01,253,1,1,1.0
1998-03-01,254,1,1,1.0
1998-03-01,255,1,1,1.0
1998-03-01,256,1,1,1.0
1998-03-01,257,1,1,1.0
1998-03-01,258,1,1,1.0
1998-03-01,259,1,1,1.0
1998-04-01,141,2,3,0.6666666666666666
1998-04-01,142,2,3,0.6666666666666666
1998-04-01,143,2,3,0.6666666666666666
1998-04-01,144,2,3,0.6666666666666666
1998-04-01,145,2,3,0.6666666666666666
1998-04-01,146,2,3,0.6666666666666666
1998-04-01,147,2,3,0.6666666666666666
1998-04-01,148,2,3,0.6666666666666666
1998-04-01,149,2,3,0.6666666666666666
1998-04-01,150,2,3,0.6666666666666666
1998-04-01,151,2,3,0.6666666666666666
1998-04-01,152,2,3,0.6666666666666666
1998-04-01,153,2,3,0.6666666666666666
1998-04-01,154,2,3,0.6666666666666666
1998-04-01,155,2,3,0.6666666666666666
1998-04-01,156,2,3,0.6666666666666666
1998-04-01,157,2,3,0.6666666666666666
1998-04-01,158,2,3,0.6666666666666666
1998-04-01,159,2,3,0.6666666666666666
1998-04-01,160,2,3,0.6666666666666666
1998-04-01,161,2,3,0.6666666666666666
1998-04-01,162,2,3,0.6666666666666666
1998-04-01,163,2,3,0.6666666666666666
1998-04-01,164,2,3,0.6666666666666666
1998-04-01,165,2,3,0.6666666666666666
1998-04-01,166,2,3,0.6666666666666666
1998-04-01,167,2,3,0.6666666666666666
1998-04-01,168,2,3,0.6666666666666666
1998-04-01,169,2,3,0.6666666666666666
1998-04-01,170,2,3,0.6666666666666666
1998-04-01,171,2,3,0.6666666666666666
1998-04-01,172,2,3,0.6666666666666666
1998-04-01,173,2,3,0.6666666666666666
1998-04-01,174,2,3,0.6666666666666666
1998-04-01,175,2,3,0.6666666666666666
1998-04-01,176,2,3,0.6666666666666666
1998-04-01,177,2,3,0.6666666666666666
1998-04-01,178,2,3,0.6666666666666666
1998-04-01,179,2,3,0.6666666666666666
1998-04-01,180,2,3,0.6666666666666666
1998-04-01,181,2,3,0.6666666666666666
1998-04-01,182,2,3,0.6666666666666666
1998-04-01,183,2,3,0.6666666666666666
1998-04-01,184,2,3,0.6666666666666666
1998-04-01,185,2,3,0.6666666666666666
1998-04-01,186,2,3,0.6666666666666666
1998-04-01,187,2,3,0.6666666666666666
1998-04-01,188,2,3,0.6666666666666666
1998-04-01,189,2,3,0.6666666666666666
1998-04-01,190,2,3,0.6666666666666666
1998-04-01,191,2,3,0.6666666666666666
1998-04-01,192,2,3,0.6666666666666666
1998-04-01,193,2,3,0.6666666666666666
1998-04-01,194,2,3,0.6666666666666666
1998-04-01,195,2,3,0.6666666666666666
1998-04-01,196,2,3,0.6666666666666666
1998-04-01,197,2,3,0.6666666666666666
1998-04-01,198,2,3,0.6666666666666666
1998-04-01,199,2,3,0.6666666666666666
1998-04-01,200,2,3,0.6666666666666666
1998-04-01,201,2,3,0.6666666666666666
1998-04-01,202,2,3,0.6666666666666666
1998-04-01,203,2,3,0.6666666666666666
1998-04-01,204,2,3,0.6666666666666666
1998-04-01,205,2,3,0.6666666666666666
1998-04-01,206,2,3,0.6666666666666666
1998-04-01,207,2,3,0.6666666666666666
1998-04-01,208,2,3,0.6666666666666666
1998-04-01,209,2,3,0.6666666666666666
1998-04-01,210,2,3,0.6666666666666666
1998-04-01,211,2,3,0.6666666666666666
1998-04-01,212,2,3,0.6666666666666666
1998-04-01,213,2,3,0.6666666666666666
1998-04-01,214,2,3,0.6666666666666666
1998-04-01,215,2,3,0.6666666666666666
1998-04-01,216,2,3,0.6666666666666666
1998-04-01,217,2,3,0.6666666666666666
1998-04-01,218,2,3,0.6666666666666666
1998-04-01,219,2,3,0.6666666666666666
1998-04-01,220,2,3,0.6666666666666666
1998-04-01,221,2,3,0.6666666666666666
1998-04-01,222,2,3,0.6666666666666666
1998-04-01,223,2,3,0.6666666666666666
1998-04-01,224,2,3,0.6666666666666666
1998-04-01,225,2,3,0.6666666666666666
1998-04-01,226,2,3,0.6666666666666666
1998-04-01,227,2,3,0.6666666666666666
1998-04-01,228,2,3,0.6666666666666666
1998-04-01,229,2,3,0.6666666666666666
1998-04-01,230,2,3,0.6666666666666666
1998-04-01,231,2,3,0.6666666666666666
1998-04-01,232,2,3,0.6666666666666666
1998-04-01,233,2,3,0.6666666666666666
1998-04-01,234,2,3,0.6666666666666666
1998-04-01,235,2,3,0.6666666666666666
1998-04-01,236,2,3,0.6666666666666666
1998-04-01,237,2,3,0.6666666666666666
1998-04-01,238,2,3,0.6666666666666666
1998-04-01,239,2,3,0.6666666666666666
1998-04-01,240,2,3,0.6666666666666666
1998-04-01,241,2,3,0.6666666666666666
1998-04-01,242,2,3,0.6666666666666666
1998-04-01,243,2,3,0.6666666666666666
1998-04-01,244,2,3,0.6666666666666666
1998-04-01,245,2,3,0.6666666666666666
1998-04-01,246,2,3,0.6666666666666666
1998-04-01,247,2,3,0.6666666666666666
1998-04-01,248,2,3,0.6666666666666666
1998-04-01,249,2,3,0.6666666666666666
1998-04-01,250,2,3,0.6666666666666666
1998-04-01,251,2,3,0.6666666666666666
1998-04-01,252,2,3,0.6666666666666666
1998-04-01,253,2,3,0.6666666666666666
1998-04-01,254,2,3,0.6666666666666666
1998-04-01,255,2,3,0.6666666666666666
1998-04-01,256,2,3,0.6666666666666666
1998-04-01,257,2,3,0.6666666666666666
1998-04-01,258,2,3,0.6666666666666666
1998-05-01,140,5,5,1.0
1998-05-01,141,5,5,1.0
1998-05-01,142,5,5,1.0
1998-05-01,143,5,5,1.0
1998-05-01,144,5,5,1.0
1998-05-01,145,5,5,1.0
1998-05-01,146,5,5,1.0
1998-05-01,147,5,5,1.0
1998-05-01,148,5,5,1.0
1998-05-01,149,5,5,1.0
1998-05-01,150,5,5,1.0
1998-05-01,151,5,5,1.0
1998-05-01,152,5,5,1.0
1998-05-01,153,5,5,1.0
1998-05-01,154,5,5,1.0
1998-05-01,155,5,5,1.0
1998-05-01,156,5,5,1.0
1998-05-01,157,5,5,1.0
1998-05-01,158,5,5,1.0
1998-05-01,159,5,5,1.0
1998-05-01,160,5,5,1.0
1998-05-01,161,5,5,1.0
1998-05-01,162,5,5,1.0
1998-05-01,163,5,5,1.0
1998-05-01,164,5,5,1.0
1998-05-01,165,5,5,1.0
1998-05-01,166,5,5,1.0
1998-05-01,167,5,5,1.0
1998-05-01,168,5,5,1.0
1998-05-01,169,5,5,1.0
1998-05-01,170,5,5,1.0
1998-05-01,171,5,5,1.0
1998-05-01,172,5,5,1.0
1998-05-01,173,5,5,1.0
1998-05-01,174,5,5,1.0
1998-05-01,175,5,5,1.0
1998-05-01,176,5,5,1.0
1998-05-01,177,5,5,1.0
1998-05-01,178,5,5,1.0
1998-05-01,179,5,5,1.0
1998-05-01,180,5,5,1.0
1998-05-01,181,5,5,1.0
1998-05-01,182,5,5,1.0
1998-05-01,183,5,5,1.0
1998-05-01,184,5,5,1.0
1998-05-01,185,5,5,1.0
1998-05-01,186,5,5,1.0
1998-05-01,187,5,5,1.0
1998-05-01,188,5,5,1.0
1998-05-01,189,5,5,1.0
1998-05-01,190,5,5,1.0
1998-05-01,191,5,5,1.0
1998-05-01,192,5,5,1.0
1998-05-01,193,5,5,1.0
1998-05-01,194,5,5,1.0
1998-05-01,195,5,5,1.0
1998-05-01,196,5,5,1.0
1998-05-01,197,4,5,0.8
1998-05-01,198,4,5,0.8
1998-05-01,199,4,5,0.8
1998-05-01,200,4,5,0.8
1998-05-01,201,4,5,0.8
1998-05-01,202,4,5,0.8
1998-05-01,203,4,5,0.8
1998-05-01,204,4,5,0.8
1998-05-01,205,4,5,0.8
1998-05-01,206,4,5,0.8
1998-05-01,207,4,5,0.8
1998-05-01,208,4,5,0.8
1998-05-01,209,4,5,0.8
1998-05-01,210,4,5,0.8
1998-05-01,211,4,5,0.8
1998-05-01,212,4,5,0.8
1998-05-01,213,4,5,0.8
1998-05-01,214,4,5,0.8
1998-05-01,215,4,5,0.8
1998-05-01,216,4,5,0.8
1998-05-01,217,4,5,0.8
1998-05-01,218,4,5,0.8
1998-05-01,219,4,5,0.8
1998-05-01,220,4,5,0.8
1998-05-01,221,4,5,0.8
1998-05-01,222,4,5,0.8
1998-05-01,223,4,5,0.8
1998-05-01,224,4,5,0.8
1998-05-01,225,4,5,0.8
1998-05-01,226,4,5,0.8
1998-05-01,227,4,5,0.8
1998-05-01,228,4,5,0.8
1998-05-01,229,4,5,0.8
1998-05-01,230,4,5,0.8
1998-05-01,231,4,5,0.8
1998-05-01,232,4,5,0.8
1998-05-01,233,4,5,0.8
1998-05-01,234,4,5,0.8
1998-05-01,235,4,5,0.8
1998-05-01,236,4,5,0.8
1998-05-01,237,4,5,0.8
1998-05-01,238,4,5,0.8
1998-05-01,239,4,5,0.8
1998-05-01,240,4,5,0.8
1998-05-01,241,4,5,0.8
1998-05-01,242,4,5,0.8
1998-05-01,243,4,5,0.8
1998-05-01,244,4,5,0.8
1998-05-01,245,4,5,0.8
1998-05-01,246,4,5,0.8
1998-05-01,247,4,5,0.8
1998-05-01,248,4,5,0.8
1998-05-01,249,4,5,0.8
1998-05-01,250,4,5,0.8
1998-05-01,251,4,5,0.8
1998-05-01,252,4,5,0.8
1998-05-01,253,4,5,0.8
1998-05-01,254,4,5,0.8
1998-05-01,255,4,5,0.8
1998-05-01,256,4,5,0.8
1998-05-01,257,4,5,0.8
1998-06-01,139,2,3,0.6666666666666666
1998-06-01,140,2,3,0.6666666666666666
1998-06-01,141,2,3,0.6666666666666666
1998-06-01,142,2,3,0.6666666666666666
1998-06-01,143,2,3,0.6666666666666666
1998-06-01,144,2,3,0.6666666666666666
1998-06-01,145,2,3,0.6666666666666666
1998-06-01,146,2,3,0.6666666666666666
1998-06-01,147,2,3,0.6666666666666666
1998-06-01,148,2,3,0.6666666666666666
1998-06-01,149,2,3,0.6666666666666666
1998-06-01,150,2,3,0.6666666666666666
1998-06-01,151,2,3,0.6666666666666666
1998-06-01,152,2,3,0.6666666666666666
1998-06-01,153,2,3,0.6666666666666666
1998-06-01,154,2,3,0.6666666666666666
1998-06-01,155,2,3,0.6666666666666666
1998-06-01,156,2,3,0.6666666666666666
1998-06-01,157,2,3,0.6666666666666666
1998-06-01,158,2,3,0.6666666666666666
1998-06-01,159,2,3,0.6666666666666666
1998-06-01,160,2,3,0.6666666666666666
1998-06-01,161,2,3,0.6666666666666666
1998-06-01,162,2,3,0.6666666666666666
1998-06-01,163,2,3,0.6666666666666666
1998-06-01,164,2,3,0.6666666666666666
1998-06-01,165,2,3,0.6666666666666666
1998-06-01,166,2,3,0.6666666666666666
1998-06-01,167,2,3,0.6666666666666666
1998-06-01,168,2,3,0.6666666666666666
1998-06-01,169,2,3,0.6666666666666666
1998-06-01,170,2,3,0.6666666666666666
1998-06-01,171,2,3,0.6666666666666666
1998-06-01,172,2,3,0.6666666666666666
1998-06-01,173,2,3,0.6666666666666666
1998-06-01,174,2,3,0.6666666666666666
1998-06-01,175,2,3,0.6666666666666666
1998-06-01,176,2,3,0.6666666666666666
1998-06-01,177,2,3,0.6666666666666666
1998-06-01,178,2,3,0.6666666666666666
1998-06-01,179,2,3,0.6666666666666666
1998-06-01,180,2,3,0.6666666666666666
1998-06-01,181,2,3,0.6666666666666666
1998-06-01,182,2,3,0.6666666666666666
1998-06-01,183,2,3,0.6666666666666666
1998-06-01,184,2,3,0.6666666666666666
1998-06-01,185,2,3,0.6666666666666666
1998-06-01,186,2,3,0.6666666666666666
1998-06-01,187,2,3,0.6666666666666666
1998-06-01,188,2,3,0.6666666666666666
1998-06-01,189,2,3,0.6666666666666666
1998-06-01,190,2,3,0.6666666666666666
1998-06-01,191,2,3,0.6666666666666666
1998-06-01,192,2,3,0.6666666666666666
1998-06-01,193,2,3,0.6666666666666666
1998-06-01,194,2,3,0.6666666666666666
1998-06-01,195,2,3,0.6666666666666666
1998-06-01,196,2,3,0.6666666666666666
1998-06-01,197,2,3,0.6666666666666666
1998-06-01,198,2,3,0.6666666666666666
1998-06-01,199,2,3,0.6666666666666666
1998-06-01,200,2,3,0.6666666666666666
1998-06-01,201,2,3,0.6666666666666666
1998-06-01,202,2,3,0.6666666666666666
1998-06-01,203,2,3,0.6666666666666666
1998-06-01,204,2,3,0.6666666666666666
1998-06-01,205,2,3,0.6666666666666666
1998-06-01,206,2,3,0.6666666666666666
1998-06-01,207,2,3,0.6666666666666666
1998-06-01,208,2,3,0.6666666666666666
1998-06-01,209,2,3,0.6666666666666666
1998-06-01,210,2,3,0.6666666666666666
1998-06-01,211,2,3,0.6666666666666666
1998-06-01,212,2,3,0.6666666666666666
1998-06-01,213,2,3,0.6666666666666666
1998-06-01,214,2,3,0.6666666666666666
1998-06-01,215,2,3,0.6666666666666666
1998-06-01,216,2,3,0.6666666666666666
1998-06-01,217,2,3,0.6666666666666666
1998-06-01,218,2,3,0.6666666666666666
1998-06-01,219,2,3,0.6666666666666666
1998-06-01,220,2,3,0.6666666666666666
1998-06-01,221,2,3,0.6666666666666666
1998-06-01,222,2,3,0.6666666666666666
1998-06-01,223,2,3,0.6666666666666666
1998-06-01,224,2,3,0.6666666666666666
1998-06-01,225,2,3,0.6666666666666666
1998-06-01,226,2,3,0.6666666666666666
1998-06-01,227,2,3,0.6666666666666666
1998-06-01,228,2,3,0.6666666666666666
1998-06-01,229,2,3,0.6666666666666666
1998-06-01,230,2,3,0.6666666666666666
1998-06-01,231,2,3,0.6666666666666666
1998-06-01,232,2,3,0.6666666666666666
1998-06-01,233,2,3,0.6666666666666666
1998-06-01,234,2,3,0.6666666666666666
1998-06-01,235,2,3,0.6666666666666666
1998-06-01,236,2,3,0.6666666666666666
1998-06-01,237,2,3,0.6666666666666666
1998-06-01,238,2,3,0.6666666666666666
1998-06-01,239,2,3,0.6666666666666666
1998-06-01,240,2,3,0.6666666666666666
1998-06-01,241,2,3,0.6666666666666666
1998-06-01,242,2,3,0.6666666666666666
1998-06-01,243,2,3,0.6666666666666666
1998-06-01,244,2,3,0.6666666666666666
1998-06-01,245,2,3,0.6666666666666666
1998-06-01,246,2,3,0.6666666666666666
1998-06-01,247,2,3,0.6666666666666666
1998-06-01,248,2,3,0.6666666666666666
1998-06-01,249,2,3,0.6666666666666666
1998-06-01,250,2,3,0.6666666666666666
1998-06-01,251,2,3,0.6666666666666666
1998-06-01,252,2,3,0.6666666666666666
1998-06-01,253,2,3,0.6666666666666666
1998-06-01,254,2,3,0.6666666666666666
1998-06-01,255,2,3,0.6666666666666666
1998-06-01,256,2,3,0.6666666666666666
1998-07-01,138,4,5,0.8
1998-07-01,139,4,5,0.8
1998-07-01,140,4,5,0.8
1998-07-01,141,4,5,0.8
1998-07-01,142,4,5,0.8
1998-07-01,143,4,5,0.8
1998-07-01,144,4,5,0.8
1998-07-01,145,4,5,0.8
1998-07-01,146,4,5,0.8
1998-07-01,147,4,5,0.8
1998-07-01,148,4,5,0.8
1998-07-01,149,4,5,0.8
1998-07-01,150,4,5,0.8
1998-07-01,151,4,5,0.8
1998-07-01,152,4,5,0.8
1998-07-01,153,4,5,0.8
1998-07-01,154,4,5,0.8
1998-07-01,155,4,5,0.8
1998-07-01,156,4,5,0.8
1998-07-01,157,4,5,0.8
1998-07-01,158,4,5,0.8
1998-07-01,159,5,5,1.0
1998-07-01,160,5,5,1.0
1998-07-01,161,5,5,1.0
1998-07-01,162,5,5,1.0
1998-07-01,163,5,5,1.0
1998-07-01,164,5,5,1.0
1998-07-01,165,5,5,1.0
1998-07-01,166,5,5,1.0
1998-07-01,167,5,5,1.0
1998-07-01,168,5,5,1.0
1998-07-01,169,5,5,1.0
1998-07-01,170,5,5,1.0
1998-07-01,171,5,5,1.0
1998-07-01,172,5,5,1.0
1998-07-01,173,5,5,1.0
1998-07-01,174,5,5,1.0
1998-07-01,175,5,5,1.0
1998-07-01,176,5,5,1.0
1998-07-01,177,5,5,1.0
1998-07-01,178,5,5,1.0
1998-07-01,179,5,5,1.0
1998-07-01,180,5,5,1.0
1998-07-01,181,5,5,1.0
1998-07-01,182,5,5,1.0
1998-07-01,183,5,5,1.0
1998-07-01,184,5,5,1.0
1998-07-01,185,5,5,1.0
1998-07-01,186,5,5,1.0
1998-07-01,187,5,5,1.0
1998-07-01,188,5,5,1.0
1998-07-01,189,5,5,1.0
1998-07-01,190,5,5,1.0
1998-07-01,191,5,5,1.0
1998-07-01,192,5,5,1.0
1998-07-01,193,5,5,1.0
1998-07-01,194,5,5,1.0
1998-07-01,195,5,5,1.0
1998-07-01,196,5,5,1.0
1998-07-01,197,5,5,1.0
1998-07-01,198,5,5,1.0
1998-07-01,199,5,5,1.0
1998-07-01,200,5,5,1.0
1998-07-01,201,5,5,1.0
1998-07-01,202,5,5,1.0
1998-07-01,203,5,5,1.0
1998-07-01,204,5,5,1.0
1998-07-01,205,5,5,1.0
1998-07-01,206,5,5,1.0
1998-07-01,207,5,5,1.0
1998-07-01,208,5,5,1.0
1998-07-01,209,5,5,1.0
1998-07-01,210,5,5,1.0
1998-07-01,211,5,5,1.0
1998-07-01,212,5,5,1.0
1998-07-01,213,5,5,1.0
1998-07-01,214,5,5,1.0
1998-07-01,215,5,5,1.0
1998-07-01,216,5,5,1.0
1998-07-01,217,5,5,1.0
1998-07-01,218,5,5,1.0
1998-07-01,219,5,5,1.0
1998-07-01,220,5,5,1.0
1998-07-01,221,5,5,1.0
1998-07-01,222,5,5,1.0
1998-07-01,223,5,5,1.0
1998-07-01,224,5,5,1.0
1998-07-01,225,5,5,1.0
1998-07-01,226,5,5,1.0
1998-07-01,227,5,5,1.0
1998-07-01,228,5,5,1.0
1998-07-01,229,5,5,1.0
1998-07-01,230,5,5,1.0
1998-07-01,231,5,5,1.0
1998-07-01,232,5,5,1.0
1998-07-01,233,5,5,1.0
1998-07-01,234,5,5,1.0
1998-07-01,235,5,5,1.0
1998-07-01,236,5,5,1.0
1998-07-01,237,5,5,1.0
1998-07-01,238,5,5,1.0
1998-07-01,239,5,5,1.0
1998-07-01,240,5,5,1.0
1998-07-01,241,5,5,1.0
1998-07-01,242,5,5,1.0
1998-07-01,243,5,5,1.0
1998-07-01,244,5,5,1.0
1998-07-01,245,5,5,1.0
1998-07-01,246,5,5,1.0
1998-07-01,247,5,5,1.0
1998-07-01,248,5,5,1.0
1998-07-01,249,5,5,1.0
1998-07-01,250,5,5,1.0
1998-07-01,251,5,5,1.0
1998-07-01,252,5,5,1.0
1998-07-01,253,5,5,1.0
1998-07-01,254,5,5,1.0
1998-07-01,255,5,5,1.0
1998-08-01,137,2,2,1.0
1998-08-01,138,2,2,1.0
1998-08-01,139,2,2,1.0
1998-08-01,140,2,2,1.0
1998-08-01,141,2,2,1.0
1998-08-01,142,2,2,1.0
1998-08-01,143,2,2,1.0
1998-08-01,144,2,2,1.0
1998-08-01,145,2,2,1.0
1998-08-01,146,2,2,1.0
1998-08-01,147,2,2,1.0
1998-08-01,148,2,2,1.0
1998-08-01,149,2,2,1.0
1998-08-01,150,2,2,1.0
1998-08-01,151,2,2,1.0
1998-08-01,152,2,2,1.0
1998-08-01,153,2,2,1.0
1998-08-01,154,2,2,1.0
1998-08-01,155,2,2,1.0
1998-08-01,156,2,2,1.0
1998-08-01,157,2,2,1.0
1998-08-01,158,2,2,1.0
1998-08-01,159,2,2,1.0
1998-08-01,160,2,2,1.0
1998-08-01,161,2,2,1.0
1998-08-01,162,2,2,1.0
1998-08-01,163,2,2,1.0
1998-08-01,164,2,2,1.0
1998-08-01,165,2,2,1.0
1998-08-01,166,2,2,1.0
1998-08-01,167,2,2,1.0
1998-08-01,168,2,2,1.0
1998-08-01,169,2,2,1.0
1998-08-01,170,2,2,1.0
1998-08-01,171,2,2,1.0
1998-08-01,172,2,2,1.0
1998-08-01,173,2,2,1.0
1998-08-01,174,2,2,1.0
1998-08-01,175,2,2,1.0
1998-08-01,176,2,2,1.0
1998-08-01,177,2,2,1.0
1998-08-01,178,2,2,1.0
1998-08-01,179,2,2,1.0
1998-08-01,180,2,2,1.0
1998-08-01,181,2,2,1.0
1998-08-01,182,2,2,1.0
1998-08-01,183,2,2,1.0
1998-08-01,184,2,2,1.0
1998-08-01,185,2,2,1.0
1998-08-01,186,2,2,1.0
1998-08-01,187,2,2,1.0
1998-08-01,188,2,2,1.0
1998-08-01,189,2,2,1.0
1998-08-01,190,2,2,1.0
1998-08-01,191,2,2,1.0
1998-08-01,192,2,2,1.0
1998-08-01,193,2,2,1.0
1998-08-01,194,2,2,1.0
1998-08-01,195,2,2,1.0
1998-08-01,196,2,2,1.0
1998-08-01,197,2,2,1.0
1998-08-01,198,2,2,1.0
1998-08-01,199,2,2,1.0
1998-08-01,200,2,2,1.0
1998-08-01,201,2,2,1.0
1998-08-01,202,2,2,1.0
1998-08-01,203,2,2,1.0
1998-08-01,204,2,2,1.0
1998-08-01,205,2,2,1.0
1998-08-01,206,2,2,1.0
1998-08-01,207,2,2,1.0
1998-08-01,208,2,2,1.0
1998-08-01,209,2,2,1.0
1998-08-01,210,2,2,1.0
1998-08-01,211,2,2,1.0
1998-08-01,212,2,2,1.0
1998-08-01,213,2,2,1.0
1998-08-01,214,2,2,1.0
1998-08-01,215,2,2,1.0
1998-08-01,216,2,2,1.0
1998-08-01,217,2,2,1.0
1998-08-01,218,2,2,1.0
1998-08-01,219,2,2,1.0
1998-08-01,220,2,2,1.0
1998-08-01,221,2,2,1.0
1998-08-01,222,2,2,1.0
1998-08-01,223,2,2,1.0
1998-08-01,224,2,2,1.0
1998-08-01,225,2,2,1.0
1998-08-01,226,2,2,1.0
1998-08-01,227,2,2,1.0
1998-08-01,228,2,2,1.0
1998-08-01,229,2,2,1.0
1998-08-01,230,2,2,1.0
1998-08-01,231,2,2,1.0
1998-08-01,232,2,2,1.0
1998-08-01,233,2,2,1.0
1998-08-01,234,2,2,1.0
1998-08-01,235,2,2,1.0
1998-08-01,236,2,2,1.0
1998-08-01,237,2,2,1.0
1998-08-01,238,2,2,1.0
1998-08-01,239,2,2,1.0
1998-08-01,240,2,2,1.0
1998-08-01,241,2,2,1.0
1998-08-01,242,2,2,1.0
1998-08-01,243,2,2,1.0
1998-08-01,244,2,2,1.0
1998-08-01,245,2,2,1.0
1998-08-01,246,2,2,1.0
1998-08-01,247,2,2,1.0
1998-08-01,248,2,2,1.0
1998-08-01,249,2,2,1.0
1998-08-01,250,2,2,1.0
1998-08-01,251,2,2,1.0
1998-08-01,252,2,2,1.0
1998-08-01,253,2,2,1.0
1998-08-01,254,2,2,1.0
1998-09-01,136,4,4,1.0
1998-09-01,137,4,4,1.0
1998-09-01,138,4,4,1.0
1998-09-01,139,4,4,1.0
1998-09-01,140,4,4,1.0
1998-09-01,141,4,4,1.0
1998-09-01,142,4,4,1.0
1998-09-01,143,4,4,1.0
1998-09-01,144,4,4,1.0
1998-09-01,145,4,4,1.0
1998-09-01,146,4,4,1.0
1998-09-01,147,4,4,1.0
1998-09-01,148,4,4,1.0
1998-09-01,149,4,4,1.0
1998-09-01,150,4,4,1.0
1998-09-01,151,4,4,1.0
1998-09-01,152,4,4,1.0
1998-09-01,153,4,4,1.0
1998-09-01,154,4,4,1.0
1998-09-01,155,4,4,1.0
1998-09-01,156,4,4,1.0
1998-09-01,157,4,4,1.0
1998-09-01,158,4,4,1.0
1998-09-01,159,4,4,1.0
1998-09-01,160,4,4,1.0
1998-09-01,161,4,4,1.0
1998-09-01,162,4,4,1.0
1998-09-01,163,4,4,1.0
1998-09-01,164,4,4,1.0
1998-09-01,165,4,4,1.0
1998-09-01,166,4,4,1.0
1998-09-01,167,4,4,1.0
1998-09-01,168,4,4,1.0
1998-09-01,169,4,4,1.0
1998-09-01,170,4,4,1.0
1998-09-01,171,4,4,1.0
1998-09-01,172,4,4,1.0
1998-09-01,173,4,4,1.0
1998-09-01,174,4,4,1.0
1998-09-01,175,4,4,1.0
1998-09-01,176,4,4,1.0
1998-09-01,177,4,4,1.0
1998-09-01,178,4,4,1.0
1998-09-01,179,4,4,1.0
1998-09-01,180,4,4,1.0
1998-09-01,181,4,4,1.0
1998-09-01,182,4,4,1.0
1998-09-01,183,4,4,1.0
1998-09-01,184,4,4,1.0
1998-09-01,185,4,4,1.0
1998-09-01,186,4,4,1.0
1998-09-01,187,4,4,1.0
1998-09-01,188,4,4,1.0
1998-09-01,189,4,4,1.0
1998-09-01,190,4,4,1.0
1998-09-01,191,4,4,1.0
1998-09-01,192,4,4,1.0
1998-09-01,193,4,4,1.0
1998-09-01,194,4,4,1.0
1998-09-01,195,4,4,1.0
1998-09-01,196,4,4,1.0
1998-09-01,197,4,4,1.0
1998-09-01,198,4,4,1.0
1998-09-01,199,4,4,1.0
1998-09-01,200,4,4,1.0
1998-09-01,201,4,4,1.0
1998-09-01,202,4,4,1.0
1998-09-01,203,4,4,1.0
1998-09-01,204,4,4,1.0
1998-09-01,205,4,4,1.0
1998-09-01,206,4,4,1.0
1998-09-01,207,4,4,1.0
1998-09-01,208,4,4,1.0
1998-09-01,209,4,4,1.0
1998-09-01,210,4,4,1.0
1998-09-01,211,4,4,1.0
1998-09-01,212,4,4,1.0
1998-09-01,213,4,4,1.0
1998-09-01,214,4,4,1.0
1998-09-01,215,4,4,1.0
1998-09-01,216,4,4,1.0
1998-09-01,217,4,4,1.0
1998-09-01,218,4,4,1.0
1998-09-01,219,4,4,1.0
1998-09-01,220,4,4,1.0
1998-09-01,221,4,4,1.0
1998-09-01,222,4,4,1.0
1998-09-01,223,4,4,1.0
1998-09-01,224,4,4,1.0
1998-09-01,225,4,4,1.0
1998-09-01,226,4,4,1.0
1998-09-01,227,4,4,1.0
1998-09-01,228,4,4,1.0
1998-09-01,229,4,4,1.0
1998-09-01,230,4,4,1.0
1998-09-01,231,4,4,1.0
1998-09-01,232,4,4,1.0
1998-09-01,233,4,4,1.0
1998-09-01,234,4,4,1.0
1998-09-01,235,4,4,1.0
1998-09-01,236,4,4,1.0
1998-09-01,237,4,4,1.0
1998-09-01,238,4,4,1.0
1998-09-01,239,4,4,1.0
1998-09-01,240,4,4,1.0
1998-09-01,241,4,4,1.0
1998-09-01,242,4,4,1.0
1998-09-01,243,4,4,1.0
1998-09-01,244,4,4,1.0
1998-09-01,245,4,4,1.0
1998-09-01,246,4,4,1.0
1998-09-01,247,4,4,1.0
1998-09-01,248,4,4,1.0
1998-09-01,249,4,4,1.0
1998-09-01,250,4,4,1.0
1998-09-01,251,4,4,1.0
1998-09-01,252,4,4,1.0
1998-09-01,253,4,4,1.0
1998-10-01,135,7,7,1.0
1998-10-01,136,7,7,1.0
1998-10-01,137,7,7,1.0
1998-10-01,138,7,7,1.0
1998-10-01,139,7,7,1.0
1998-10-01,140,7,7,1.0
1998-10-01,141,7,7,1.0
1998-10-01,142,7,7,1.0
1998-10-01,143,7,7,1.0
1998-10-01,144,7,7,1.0
1998-10-01,145,7,7,1.0
1998-10-01,146,7,7,1.0
1998-10-01,147,7,7,1.0
1998-10-01,148,7,7,1.0
1998-10-01,149,7,7,1.0
1998-10-01,150,7,7,1.0
1998-10-01,151,7,7,1.0
1998-10-01,152,7,7,1.0
1998-10-01,153,7,7,1.0
1998-10-01,154,7,7,1.0
1998-10-01,155,7,7,1.0
1998-10-01,156,7,7,1.0
1998-10-01,157,7,7,1.0
1998-10-01,158,7,7,1.0
1998-10-01,159,7,7,1.0
1998-10-01,160,7,7,1.0
1998-10-01,161,7,7,1.0
1998-10-01,162,7,7,1.0
1998-10-01,163,7,7,1.0
1998-10-01,164,7,7,1.0
1998-10-01,165,7,7,1.0
1998-10-01,166,7,7,1.0
1998-10-01,167,7,7,1.0
1998-10-01,168,7,7,1.0
1998-10-01,169,7,7,1.0
1998-10-01,170,7,7,1.0
1998-10-01,171,7,7,1.0
1998-10-01,172,7,7,1.0
1998-10-01,173,7,7,1.0
1998-10-01,174,7,7,1.0
1998-10-01,175,7,7,1.0
1998-10-01,176,7,7,1.0
1998-10-01,177,7,7,1.0
1998-10-01,178,7,7,1.0
1998-10-01,179,7,7,1.0
1998-10-01,180,7,7,1.0
1998-10-01,181,7,7,1.0
1998-10-01,182,7,7,1.0
1998-10-01,183,7,7,1.0
1998-10-01,184,7,7,1.0
1998-10-01,185,7,7,1.0
1998-10-01,186,7,7,1.0
1998-10-01,187,7,7,1.0
1998-10-01,188,7,7,1.0
1998-10-01,189,7,7,1.0
1998-10-01,190,7,7,1.0
1998-10-01,191,7,7,1.0
1998-10-01,192,7,7,1.0
1998-10-01,193,7,7,1.0
1998-10-01,194,7,7,1.0
1998-10-01,195,7,7,1.0
1998-10-01,196,7,7,1.0
1998-10-01,197,7,7,1.0
1998-10-01,198,7,7,1.0
1998-10-01,199,7,7,1.0
1998-10-01,200,7,7,1.0
1998-10-01,201,7,7,1.0
1998-10-01,202,7,7,1.0
1998-10-01,203,7,7,1.0
1998-10-01,204,7,7,1.0
1998-10-01,205,7,7,1.0
1998-10-01,206,7,7,1.0
1998-10-01,207,7,7,1.0
1998-10-01,208,7,7,1.0
1998-10-01,209,7,7,1.0
1998-10-01,210,7,7,1.0
1998-10-01,211,7,7,1.0
1998-10-01,212,7,7,1.0
1998-10-01,213,7,7,1.0
1998-10-01,214,7,7,1.0
1998-10-01,215,7,7,1.0
1998-10-01,216,7,7,1.0
1998-10-01,217,7,7,1.0
1998-10-01,218,7,7,1.0
1998-10-01,219,7,7,1.0
1998-10-01,220,7,7,1.0
1998-10-01,221,7,7,1.0
1998-10-01,222,7,7,1.0
1998-10-01,223,7,7,1.0
1998-10-01,224,7,7,1.0
1998-10-01,225,7,7,1.0
1998-10-01,226,7,7,1.0
1998-10-01,227,7,7,1.0
1998-10-01,228,7,7,1.0
1998-10-01,229,7,7,1.0
1998-10-01,230,7,7,1.0
1998-10-01,231,7,7,1.0
1998-10-01,232,7,7,1.0
1998-10-01,233,7,7,1.0
1998-10-01,234,7,7,1.0
1998-10-01,235,7,7,1.0
1998-10-01,236,7,7,1.0
1998-10-01,237,7,7,1.0
1998-10-01,238,7,7,1.0
1998-10-01,239,7,7,1.0
1998-10-01,240,7,7,1.0
1998-10-01,241,7,7,1.0
1998-10-01,242,7,7,1.0
1998-10-01,243,7,7,1.0
1998-10-01,244,7,7,1.0
1998-10-01,245,7,7,1.0
1998-10-01,246,7,7,1.0
1998-10-01,247,7,7,1.0
1998-10-01,248,7,7,1.0
1998-10-01,249,7,7,1.0
1998-10-01,250,7,7,1.0
1998-10-01,251,7,7,1.0
1998-10-01,252,7,7,1.0
1998-11-01,134,1,1,1.0
1998-11-01,135,1,1,1.0
1998-11-01,136,1,1,1.0
1998-11-01,137,1,1,1.0
1998-11-01,138,1,1,1.0
1998-11-01,139,1,1,1.0
1998-11-01,140,1,1,1.0
1998-11-01,141,1,1,1.0
1998-11-01,142,1,1,1.0
1998-11-01,143,1,1,1.0
1998-11-01,144,1,1,1.0
1998-11-01,145,1,1,1.0
1998-11-01,146,1,1,1.0
1998-11-01,147,1,1,1.0
1998-11-01,148,1,1,1.0
1998-11-01,149,1,1,1.0
1998-11-01,150,1,1,1.0
1998-11-01,151,1,1,1.0
1998-11-01,152,1,1,1.0
1998-11-01,153,1,1,1.0
1998-11-01,154,1,1,1.0
1998-11-01,155,1,1,1.0
1998-11-01,156,1,1,1.0
1998-11-01,157,1,1,1.0
1998-11-01,158,1,1,1.0
1998-11-01,159,1,1,1.0
1998-11-01,160,1,1,1.0
1998-11-01,161,1,1,1.0
1998-11-01,162,1,1,1.0
1998-11-01,163,1,1,1.0
1998-11-01,164,1,1,1.0
1998-11-01,165,1,1,1.0
1998-11-01,166,1,1,1.0
1998-11-01,167,1,1,1.0
1998-11-01,168,1,1,1.0
1998-11-01,169,1,1,1.0
1998-11-01,170,1,1,1.0
1998-11-01,171,1,1,1.0
1998-11-01,172,1,1,1.0
1998-11-01,173,1,1,1.0
1998-11-01,174,1,1,1.0
1998-11-01,175,1,1,1.0
1998-11-01,176,1,1,1.0
1998-11-01,177,1,1,1.0
1998-11-01,178,1,1,1.0
1998-11-01,179,1,1,1.0
1998-11-01,180,1,1,1.0
1998-11-01,181,1,1,1.0
1998-11-01,182,1,1,1.0
1998-11-01,183,1,1,1.0
1998-11-01,184,1,1,1.0
1998-11-01,185,1,1,1.0
1998-11-01,186,1,1,1.0
1998-11-01,187,1,1,1.0
1998-11-01,188,1,1,1.0
1998-11-01,189,1,1,1.0
1998-11-01,190,1,1,1.0
1998-11-01,191,1,1,1.0
1998-11-01,192,1,1,1.0
1998-11-01,193,1,1,1.0
1998-11-01,194,1,1,1.0
1998-11-01,195,1,1,1.0
1998-11-01,196,1,1,1.0
1998-11-01,197,1,1,1.0
1998-11-01,198,1,1,1.0
1998-11-01,199,1,1,1.0
1998-11-01,200,1,1,1.0
1998-11-01,201,1,1,1.0
1998-11-01,202,1,1,1.0
1998-11-01,203,1,1,1.0
1998-11-01,204,1,1,1.0
1998-11-01,205,1,1,1.0
1998-11-01,206,1,1,1.0
1998-11-01,207,1,1,1.0
1998-11-01,208,1,1,1.0
1998-11-01,209,1,1,1.0
1998-11-01,210,1,1,1.0
1998-11-01,211,1,1,1.0
1998-11-01,212,1,1,1.0
1998-11-01,213,1,1,1.0
1998-11-01,214,1,1,1.0
1998-11-01,215,1,1,1.0
1998-11-01,216,1,1,1.0
1998-11-01,217,1,1,1.0
1998-11-01,218,1,1,1.0
1998-11-01,219,1,1,1.0
1998-11-01,220,1,1,1.0
1998-11-01,221,1,1,1.0
1998-11-01,222,1,1,1.0
1998-11-01,223,1,1,1.0
1998-11-01,224,1,1,1.0
1998-11-01,225,1,1,1.0
1998-11-01,226,1,1,1.0
1998-11-01,227,1,1,1.0
1998-11-01,228,1,1,1.0
1998-11-01,229,1,1,1.0
1998-11-01,230,1,1,1.0
1998-11-01,231,1,1,1.0
1998-11-01,232,1,1,1.0
1998-11-01,233,1,1,1.0
1998-11-01,234,1,1,1.0
1998-11-01,235,1,1,1.0
1998-11-01,236,1,1,1.0
1998-11-01,237,1,1,1.0
1998-11-01,238,1,1,1.0
1998-11-01,239,1,1,1.0
1998-11-01,240,1,1,1.0
1998-11-01,241,1,1,1.0
1998-11-01,242,1,1,1.0
1998-11-01,243,1,1,1.0
1998-11-01,244,1,1,1.0
1998-11-01,245,1,1,1.0
1998-11-01,246,1,1,1.0
1998-11-01,247,1,1,1.0
1998-11-01,248,1,1,1.0
1998-11-01,249,1,1,1.0
1998-11-01,250,1,1,1.0
1998-11-01,251,1,1,1.0
1998-12-01,133,2,2,1.0
1998-12-01,134,2,2,1.0
1998-12-01,135,2,2,1.0
1998-12-01,136,2,2,1.0
1998-12-01,137,2,2,1.0
1998-12-01,138,2,2,1.0
1998-12-01,139,2,2,1.0
1998-12-01,140,2,2,1.0
1998-12-01,141,2,2,1.0
1998-12-01,142,2,2,1.0
1998-12-01,143,2,2,1.0
1998-12-01,144,2,2,1.0
1998-12-01,145,2,2,1.0
1998-12-01,146,2,2,1.0
1998-12-01,147,2,2,1.0
1998-12-01,148,2,2,1.0
1998-12-01,149,2,2,1.0
1998-12-01,150,2,2,1.0
1998-12-01,151,2,2,1.0
1998-12-01,152,2,2,1.0
1998-12-01,153,2,2,1.0
1998-12-01,154,2,2,1.0
1998-12-01,155,2,2,1.0
1998-12-01,156,2,2,1.0
1998-12-01,157,2,2,1.0
1998-12-01,158,2,2,1.0
1998-12-01,159,2,2,1.0
1998-12-01,160,2,2,1.0
1998-12-01,161,2,2,1.0
1998-12-01,162,2,2,1.0
1998-12-01,163,2,2,1.0
1998-12-01,164,2,2,1.0
1998-12-01,165,2,2,1.0
1998-12-01,166,2,2,1.0
1998-12-01,167,2,2,1.0
1998-12-01,168,2,2,1.0
1998-12-01,169,2,2,1.0
1998-12-01,170,2,2,1.0
1998-12-01,171,2,2,1.0
1998-12-01,172,2,2,1.0
1998-12-01,173,2,2,1.0
1998-12-01,174,2,2,1.0
1998-12-01,175,2,2,1.0
1998-12-01,176,2,2,1.0
1998-12-01,177,2,2,1.0
1998-12-01,178,2,2,1.0
1998-12-01,179,2,2,1.0
1998-12-01,180,2,2,1.0
1998-12-01,181,2,2,1.0
1998-12-01,182,2,2,1.0
1998-12-01,183,2,2,1.0
1998-12-01,184,2,2,1.0
1998-12-01,185,2,2,1.0
1998-12-01,186,2,2,1.0
1998-12-01,187,2,2,1.0
1998-12-01,188,2,2,1.0
1998-12-01,189,2,2,1.0
1998-12-01,190,2,2,1.0
1998-12-01,191,2,2,1.0
1998-12-01,192,2,2,1.0
1998-12-01,193,2,2,1.0
1998-12-01,194,2,2,1.0
1998-12-01,195,2,2,1.0
1998-12-01,196,2,2,1.0
1998-12-01,197,2,2,1.0
1998-12-01,198,2,2,1.0
1998-12-01,199,2,2,1.0
1998-12-01,200,2,2,1.0
1998-12-01,201,2,2,1.0
1998-12-01,202,2,2,1.0
1998-12-01,203,2,2,1.0
1998-12-01,204,2,2,1.0
1998-12-01,205,2,2,1.0
1998-12-01,206,2,2,1.0
1998-12-01,207,2,2,1.0
1998-12-01,208,2,2,1.0
1998-12-01,209,2,2,1.0
1998-12-01,210,2,2,1.0
1998-12-01,211,2,2,1.0
1998-12-01,212,2,2,1.0
1998-12-01,213,2,2,1.0
1998-12-01,214,2,2,1.0
1998-12-01,215,2,2,1.0
1998-12-01,216,2,2,1.0
1998-12-01,217,2,2,1.0
1998-12-01,218,2,2,1.0
1998-12-01,219,2,2,1.0
1998-12-01,220,2,2,1.0
1998-12-01,221,2,2,1.0
1998-12-01,222,2,2,1.0
1998-12-01,223,2,2,1.0
1998-12-01,224,2,2,1.0
1998-12-01,225,2,2,1.0
1998-12-01,226,2,2,1.0
1998-12-01,227,2,2,1.0
1998-12-01,228,2,2,1.0
1998-12-01,229,2,2,1.0
1998-12-01,230,2,2,1.0
1998-12-01,231,2,2,1.0
1998-12-01,232,2,2,1.0
1998-12-01,233,2,2,1.0
1998-12-01,234,2,2,1.0
1998-12-01,235,2,2,1.0
1998-12-01,236,2,2,1.0
1998-12-01,237,2,2,1.0
1998-12-01,238,2,2,1.0
1998-12-01,239,2,2,1.0
1998-12-01,240,2,2,1.0
1998-12-01,241,2,2,1.0
1998-12-01,242,2,2,1.0
1998-12-01,243,2,2,1.0
1998-12-01,244,2,2,1.0
1998-12-01,245,2,2,1.0
1998-12-01,246,2,2,1.0
1998-12-01,247,2,2,1.0
1998-12-01,248,2,2,1.0
1998-12-01,249,2,2,1.0
1998-12-01,250,2,2,1.0
1999-01-01,132,3,3,1.0
1999-01-01,133,3,3,1.0
1999-01-01,134,3,3,1.0
1999-01-01,135,3,3,1.0
1999-01-01,136,3,3,1.0
1999-01-01,137,3,3,1.0
1999-01-01,138,3,3,1.0
1999-01-01,139,3,3,1.0
1999-01-01,140,3,3,1.0
1999-01-01,141,3,3,1.0
1999-01-01,142,3,3,1.0
1999-01-01,143,3,3,1.0
1999-01-01,144,3,3,1.0
1999-01-01,145,3,3,1.0
1999-01-01,146,3,3,1.0
1999-01-01,147,3,3,1.0
1999-01-01,148,3,3,1.0
1999-01-01,149,3,3,1.0
1999-01-01,150,3,3,1.0
1999-01-01,151,3,3,1.0
1999-01-01,152,3,3,1.0
1999-01-01,153,3,3,1.0
1999-01-01,154,3,3,1.0
1999-01-01,155,3,3,1.0
1999-01-01,156,3,3,1.0
1999-01-01,157,3,3,1.0
1999-01-01,158,3,3,1.0
1999-01-01,159,3,3,1.0
1999-01-01,160,3,3,1.0
1999-01-01,161,3,3,1.0
1999-01-01,162,3,3,1.0
1999-01-01,163,3,3,1.0
1999-01-01,164,3,3,1.0
1999-01-01,165,3,3,1.0
1999-01-01,166,3,3,1.0
1999-01-01,167,3,3,1.0
1999-01-01,168,3,3,1.0
1999-01-01,169,3,3,1.0
1999-01-01,170,3,3,1.0
1999-01-01,171,3,3,1.0
1999-01-01,172,3,3,1.0
1999-01-01,173,3,3,1.0
1999-01-01,174,3,3,1.0
1999-01-01,175,3,3,1.0
1999-01-01,176,3,3,1.0
1999-01-01,177,3,3,1.0
1999-01-01,178,3,3,1.0
1999-01-01,179,3,3,1.0
1999-01-01,180,3,3,1.0
1999-01-01,181,3,3,1.0
1999-01-01,182,3,3,1.0
1999-01-01,183,3,3,1.0
1999-01-01,184,3,3,1.0
1999-01-01,185,3,3,1.0
1999-01-01,186,3,3,1.0
1999-01-01,187,3,3,1.0
1999-01-01,188,3,3,1.0
1999-01-01,189,3,3,1.0
1999-01-01,190,3,3,1.0
1999-01-01,191,3,3,1.0
1999-01-01,192,3,3,1.0
1999-01-01,193,3,3,1.0
1999-01-01,194,3,3,1.0
1999-01-01,195,3,3,1.0
1999-01-01,196,3,3,1.0
1999-01-01,197,3,3,1.0
1999-01-01,198,3,3,1.0
1999-01-01,199,3,3,1.0
1999-01-01,200,3,3,1.0
1999-01-01,201,3,3,1.0
1999-01-01,202,3,3,1.0
1999-01-01,203,3,3,1.0
1999-01-01,204,3,3,1.0
1999-01-01,205,3,3,1.0
1999-01-01,206,3,3,1.0
1999-01-01,207,3,3,1.0
1999-01-01,208,3,3,1.0
1999-01-01,209,3,3,1.0
1999-01-01,210,3,3,1.0
1999-01-01,211,3,3,1.0
1999-01-01,212,3,3,1.0
1999-01-01,213,3,3,1.0
1999-01-01,214,3,3,1.0
1999-01-01,215,3,3,1.0
1999-01-01,216,3,3,1.0
1999-01-01,217,3,3,1.0
1999-01-01,218,3,3,1.0
1999-01-01,219,3,3,1.0
1999-01-01,220,3,3,1.0
1999-01-01,221,3,3,1.0
1999-01-01,222,3,3,1.0
1999-01-01,223,3,3,1.0
1999-01-01,224,3,3,1.0
1999-01-01,225,3,3,1.0
1999-01-01,226,3,3,1.0
1999-01-01,227,3,3,1.0
1999-01-01,228,3,3,1.0
1999-01-01,229,3,3,1.0
1999-01-01,230,3,3,1.0
1999-01-01,231,3,3,1.0
1999-01-01,232,3,3,1.0
1999-01-01,233,3,3,1.0
1999-01-01,234,3,3,1.0
1999-01-01,235,3,3,1.0
1999-01-01,236,3,3,1.0
1999-01-01,237,3,3,1.0
1999-01-01,238,3,3,1.0
1999-01-01,239,3,3,1.0
1999-01-01,240,3,3,1.0
1999-01-01,241,3,3,1.0
1999-01-01,242,3,3,1.0
1999-01-01,243,3,3,1.0
1999-01-01,244,3,3,1.0
1999-01-01,245,3,3,1.0
1999-01-01,246,3,3,1.0
1999-01-01,247,3,3,1.0
1999-01-01,248,3,3,1.0
1999-01-01,249,3,3,1.0
1999-02-01,131,7,8,0.875
1999-02-01,132,7,8,0.875
1999-02-01,133,7,8,0.875
1999-02-01,134,7,8,0.875
1999-02-01,135,7,8,0.875
1999-02-01,136,7,8,0.875
1999-02-01,137,7,8,0.875
1999-02-01,138,7,8,0.875
1999-02-01,139,7,8,0.875
1999-02-01,140,7,8,0.875
1999-02-01,141,7,8,0.875
1999-02-01,142,7,8,0.875
1999-02-01,143,7,8,0.875
1999-02-01,144,7,8,0.875
1999-02-01,145,7,8,0.875
1999-02-01,146,7,8,0.875
1999-02-01,147,7,8,0.875
1999-02-01,148,7,8,0.875
1999-02-01,149,7,8,0.875
1999-02-01,150,7,8,0.875
1999-02-01,151,7,8,0.875
1999-02-01,152,7,8,0.875
1999-02-01,153,7,8,0.875
1999-02-01,154,7,8,0.875
1999-02-01,155,7,8,0.875
1999-02-01,156,7,8,0.875
1999-02-01,157,7,8,0.875
1999-02-01,158,7,8,0.875
1999-02-01,159,7,8,0.875
1999-02-01,160,7,8,0.875
1999-02-01,161,7,8,0.875
1999-02-01,162,7,8,0.875
1999-02-01,163,7,8,0.875
1999-02-01,164,7,8,0.875
1999-02-01,165,7,8,0.875
1999-02-01,166,7,8,0.875
1999-02-01,167,7,8,0.875
1999-02-01,168,7,8,0.875
1999-02-01,169,7,8,0.875
1999-02-01,170,7,8,0.875
1999-02-01,171,7,8,0.875
1999-02-01,172,7,8,0.875
1999-02-01,173,7,8,0.875
1999-02-01,174,7,8,0.875
1999-02-01,175,7,8,0.875
1999-02-01,176,7,8,0.875
1999-02-01,177,7,8,0.875
1999-02-01,178,7,8,0.875
1999-02-01,179,7,8,0.875
1999-02-01,180,7,8,0.875
1999-02-01,181,7,8,0.875
1999-02-01,182,7,8,0.875
1999-02-01,183,7,8,0.875
1999-02-01,184,7,8,0.875
1999-02-01,185,7,8,0.875
1999-02-01,186,7,8,0.875
1999-02-01,187,7,8,0.875
1999-02-01,188,7,8,0.875
1999-02-01,189,7,8,0.875
1999-02-01,190,7,8,0.875
1999-02-01,191,7,8,0.875
1999-02-01,192,7,8,0.875
1999-02-01,193,7,8,0.875
1999-02-01,194,7,8,0.875
1999-02-01,195,7,8,0.875
1999-02-01,196,7,8,0.875
1999-02-01,197,7,8,0.875
1999-02-01,198,7,8,0.875
1999-02-01,199,7,8,0.875
1999-02-01,200,7,8,0.875
1999-02-01,201,7,8,0.875
1999-02-01,202,7,8,0.875
1999-02-01,203,7,8,0.875
1999-02-01,204,7,8,0.875
1999-02-01,205,7,8,0.875
1999-02-01,206,7,8,0.875
1999-02-01,207,7,8,0.875
1999-02-01,208,7,8,0.875
1999-02-01,209,7,8,0.875
1999-02-01,210,7,8,0.875
1999-02-01,211,7,8,0.875
1999-02-01,212,7,8,0.875
1999-02-01,213,7,8,0.875
1999-02-01,214,7,8,0.875
1999-02-01,215,7,8,0.875
1999-02-01,216,7,8,0.875
1999-02-01,217,7,8,0.875
1999-02-01,218,7,8,0.875
1999-02-01,219,7,8,0.875
1999-02-01,220,7,8,0.875
1999-02-01,221,7,8,0.875
1999-02-01,222,7,8,0.875
1999-02-01,223,7,8,0.875
1999-02-01,224,7,8,0.875
1999-02-01,225,7,8,0.875
1999-02-01,226,7,8,0.875
1999-02-01,227,7,8,0.875
1999-02-01,228,7,8,0.875
1999-02-01,229,7,8,0.875
1999-02-01,230,7,8,0.875
1999-02-01,231,7,8,0.875
1999-02-01,232,7,8,0.875
1999-02-01,233,7,8,0.875
1999-02-01,234,7,8,0.875
1999-02-01,235,7,8,0.875
1999-02-01,236,7,8,0.875
1999-02-01,237,7,8,0.875
1999-02-01,238,7,8,0.875
1999-02-01,239,7,8,0.875
1999-02-01,240,7,8,0.875
1999-02-01,241,7,8,0.875
1999-02-01,242,7,8,0.875
1999-02-01,243,7,8,0.875
1999-02-01,244,7,8,0.875
1999-02-01,245,7,8,0.875
1999-02-01,246,7,8,0.875
1999-02-01,247,7,8,0.875
1999-02-01,248,7,8,0.875
1999-03-01,130,2,3,0.6666666666666666
1999-03-01,131,2,3,0.6666666666666666
1999-03-01,132,2,3,0.6666666666666666
1999-03-01,133,2,3,0.6666666666666666
1999-03-01,134,2,3,0.6666666666666666
1999-03-01,135,2,3,0.6666666666666666
1999-03-01,136,2,3,0.6666666666666666
1999-03-01,137,2,3,0.6666666666666666
1999-03-01,138,2,3,0.6666666666666666
1999-03-01,139,2,3,0.6666666666666666
1999-03-01,140,2,3,0.6666666666666666
1999-03-01,141,2,3,0.6666666666666666
1999-03-01,142,2,3,0.6666666666666666
1999-03-01,143,2,3,0.6666666666666666
1999-03-01,144,2,3,0.6666666666666666
1999-03-01,145,2,3,0.6666666666666666
1999-03-01,146,2,3,0.6666666666666666
1999-03-01,147,2,3,0.6666666666666666
1999-03-01,148,2,3,0.6666666666666666
1999-03-01,149,2,3,0.6666666666666666
1999-03-01,150,2,3,0.6666666666666666
1999-03-01,151,3,3,1.0
1999-03-01,152,3,3,1.0
1999-03-01,153,3,3,1.0
1999-03-01,154,3,3,1.0
1999-03-01,155,3,3,1.0
1999-03-01,156,3,3,1.0
1999-03-01,157,3,3,1.0
1999-03-01,158,3,3,1.0
1999-03-01,159,3,3,1.0
1999-03-01,160,3,3,1.0
1999-03-01,161,3,3,1.0
1999-03-01,162,3,3,1.0
1999-03-01,163,3,3,1.0
1999-03-01,164,3,3,1.0
1999-03-01,165,3,3,1.0
1999-03-01,166,3,3,1.0
1999-03-01,167,3,3,1.0
1999-03-01,168,3,3,1.0
1999-03-01,169,3,3,1.0
1999-03-01,170,3,3,1.0
1999-03-01,171,3,3,1.0
1999-03-01,172,3,3,1.0
1999-03-01,173,3,3,1.0
1999-03-01,174,3,3,1.0
1999-03-01,175,3,3,1.0
1999-03-01,176,3,3,1.0
1999-03-01,177,3,3,1.0
1999-03-01,178,3,3,1.0
1999-03-01,179,3,3,1.0
1999-03-01,180,3,3,1.0
1999-03-01,181,3,3,1.0
1999-03-01,182,3,3,1.0
1999-03-01,183,3,3,1.0
1999-03-01,184,3,3,1.0
1999-03-01,185,3,3,1.0
1999-03-01,186,3,3,1.0
1999-03-01,187,3,3,1.0
1999-03-01,188,3,3,1.0
1999-03-01,189,3,3,1.0
1999-03-01,190,3,3,1.0
1999-03-01,191,3,3,1.0
1999-03-01,192,3,3,1.0
1999-03-01,193,3,3,1.0
1999-03-01,194,3,3,1.0
1999-03-01,195,3,3,1.0
1999-03-01,196,3,3,1.0
1999-03-01,197,3,3,1.0
1999-03-01,198,3,3,1.0
1999-03-01,199,3,3,1.0
1999-03-01,200,3,3,1.0
1999-03-01,201,3,3,1.0
1999-03-01,202,3,3,1.0
1999-03-01,203,2,3,0.6666666666666666
1999-03-01,204,2,3,0.6666666666666666
1999-03-01,205,2,3,0.6666666666666666
1999-03-01,206,2,3,0.6666666666666666
1999-03-01,207,2,3,0.6666666666666666
1999-03-01,208,2,3,0.6666666666666666
1999-03-01,209,2,3,0.6666666666666666
1999-03-01,210,2,3,0.6666666666666666
1999-03-01,211,2,3,0.6666666666666666
1999-03-01,212,2,3,0.6666666666666666
1999-03-01,213,2,3,0.6666666666666666
1999-03-01,214,2,3,0.6666666666666666
1999-03-01,215,2,3,0.6666666666666666
1999-03-01,216,2,3,0.6666666666666666
1999-03-01,217,2,3,0.6666666666666666
1999-03-01,218,2,3,0.6666666666666666
1999-03-01,219,2,3,0.6666666666666666
1999-03-01,220,2,3,0.6666666666666666
1999-03-01,221,2,3,0.6666666666666666
1999-03-01,222,2,3,0.6666666666666666
1999-03-01,223,2,3,0.6666666666666666
1999-03-01,224,2,3,0.6666666666666666
1999-03-01,225,2,3,0.6666666666666666
1999-03-01,226,2,3,0.6666666666666666
1999-03-01,227,2,3,0.6666666666666666
1999-03-01,228,2,3,0.6666666666666666
1999-03-01,229,2,3,0.6666666666666666
1999-03-01,230,2,3,0.6666666666666666
1999-03-01,231,3,3,1.0
1999-03-01,232,3,3,1.0
1999-03-01,233,3,3,1.0
1999-03-01,234,3,3,1.0
1999-03-01,235,3,3,1.0
1999-03-01,236,3,3,1.0
1999-03-01,237,3,3,1.0
1999-03-01,238,3,3,1.0
1999-03-01,239,3,3,1.0
1999-03-01,240,3,3,1.0
1999-03-01,241,3,3,1.0
1999-03-01,242,3,3,1.0
1999-03-01,243,3,3,1.0
1999-03-01,244,3,3,1.0
1999-03-01,245,3,3,1.0
1999-03-01,246,3,3,1.0
1999-03-01,247,3,3,1.0
1999-04-01,129,3,3,1.0
1999-04-01,130,3,3,1.0
1999-04-01,131,3,3,1.0
1999-04-01,132,3,3,1.0
1999-04-01,133,3,3,1.0
1999-04-01,134,3,3,1.0
1999-04-01,135,3,3,1.0
1999-04-01,136,3,3,1.0
1999-04-01,137,3,3,1.0
1999-04-01,138,3,3,1.0
1999-04-01,139,3,3,1.0
1999-04-01,140,3,3,1.0
1999-04-01,141,3,3,1.0
1999-04-01,142,3,3,1.0
1999-04-01,143,3,3,1.0
1999-04-01,144,3,3,1.0
1999-04-01,145,3,3,1.0
1999-04-01,146,3,3,1.0
1999-04-01,147,3,3,1.0
1999-04-01,148,3,3,1.0
1999-04-01,149,3,3,1.0
1999-04-01,150,3,3,1.0
1999-04-01,151,3,3,1.0
1999-04-01,152,3,3,1.0
1999-04-01,153,3,3,1.0
1999-04-01,154,3,3,1.0
1999-04-01,155,3,3,1.0
1999-04-01,156,3,3,1.0
1999-04-01,157,3,3,1.0
1999-04-01,158,3,3,1.0
1999-04-01,159,3,3,1.0
1999-04-01,160,3,3,1.0
1999-04-01,161,3,3,1.0
1999-04-01,162,3,3,1.0
1999-04-01,163,3,3,1.0
1999-04-01,164,3,3,1.0
1999-04-01,165,3,3,1.0
1999-04-01,166,3,3,1.0
1999-04-01,167,3,3,1.0
1999-04-01,168,3,3,1.0
1999-04-01,169,3,3,1.0
1999-04-01,170,3,3,1.0
1999-04-01,171,3,3,1.0
1999-04-01,172,3,3,1.0
1999-04-01,173,3,3,1.0
1999-04-01,174,3,3,1.0
1999-04-01,175,3,3,1.0
1999-04-01,176,3,3,1.0
1999-04-01,177,3,3,1.0
1999-04-01,178,3,3,1.0
1999-04-01,179,3,3,1.0
1999-04-01,180,3,3,1.0
1999-04-01,181,3,3,1.0
1999-04-01,182,3,3,1.0
1999-04-01,183,3,3,1.0
1999-04-01,184,3,3,1.0
1999-04-01,185,3,3,1.0
1999-04-01,186,3,3,1.0
1999-04-01,187,3,3,1.0
1999-04-01,188,3,3,1.0
1999-04-01,189,3,3,1.0
1999-04-01,190,3,3,1.0
1999-04-01,191,3,3,1.0
1999-04-01,192,3,3,1.0
1999-04-01,193,3,3,1.0
1999-04-01,194,3,3,1.0
1999-04-01,195,3,3,1.0
1999-04-01,196,3,3,1.0
1999-04-01,197,3,3,1.0
1999-04-01,198,3,3,1.0
1999-04-01,199,3,3,1.0
1999-04-01,200,3,3,1.0
1999-04-01,201,3,3,1.0
1999-04-01,202,3,3,1.0
1999-04-01,203,3,3,1.0
1999-04-01,204,3,3,1.0
1999-04-01,205,3,3,1.0
1999-04-01,206,3,3,1.0
1999-04-01,207,3,3,1.0
1999-04-01,208,3,3,1.0
1999-04-01,209,3,3,1.0
1999-04-01,210,3,3,1.0
1999-04-01,211,3,3,1.0
1999-04-01,212,3,3,1.0
1999-04-01,213,3,3,1.0
1999-04-01,214,3,3,1.0
1999-04-01,215,3,3,1.0
1999-04-01,216,3,3,1.0
1999-04-01,217,3,3,1.0
1999-04-01,218,3,3,1.0
1999-04-01,219,3,3,1.0
1999-04-01,220,3,3,1.0
1999-04-01,221,3,3,1.0
1999-04-01,222,3,3,1.0
1999-04-01,223,3,3,1.0
1999-04-01,224,3,3,1.0
1999-04-01,225,3,3,1.0
1999-04-01,226,3,3,1.0
1999-04-01,227,3,3,1.0
1999-04-01,228,3,3,1.0
1999-04-01,229,3,3,1.0
1999-04-01,230,3,3,1.0
1999-04-01,231,3,3,1.0
1999-04-01,232,3,3,1.0
1999-04-01,233,3,3,1.0
1999-04-01,234,3,3,1.0
1999-04-01,235,3,3,1.0
1999-04-01,236,3,3,1.0
1999-04-01,237,3,3,1.0
1999-04-01,238,3,3,1.0
1999-04-01,239,3,3,1.0
1999-04-01,240,3,3,1.0
1999-04-01,241,3,3,1.0
1999-04-01,242,3,3,1.0
1999-04-01,243,3,3,1.0
1999-04-01,244,3,3,1.0
1999-04-01,245,3,3,1.0
1999-04-01,246,3,3,1.0
1999-05-01,128,3,4,0.75
1999-05-01,129,3,4,0.75
1999-05-01,130,3,4,0.75
1999-05-01,131,3,4,0.75
1999-05-01,132,3,4,0.75
1999-05-01,133,3,4,0.75
1999-05-01,134,3,4,0.75
1999-05-01,135,3,4,0.75
1999-05-01,136,3,4,0.75
1999-05-01,137,3,4,0.75
1999-05-01,138,3,4,0.75
1999-05-01,139,3,4,0.75
1999-05-01,140,3,4,0.75
1999-05-01,141,3,4,0.75
1999-05-01,142,3,4,0.75
1999-05-01,143,3,4,0.75
1999-05-01,144,3,4,0.75
1999-05-01,145,3,4,0.75
1999-05-01,146,3,4,0.75
1999-05-01,147,3,4,0.75
1999-05-01,148,3,4,0.75
1999-05-01,149,3,4,0.75
1999-05-01,150,3,4,0.75
1999-05-01,151,3,4,0.75
1999-05-01,152,3,4,0.75
1999-05-01,153,3,4,0.75
1999-05-01,154,3,4,0.75
1999-05-01,155,3,4,0.75
1999-05-01,156,3,4,0.75
1999-05-01,157,3,4,0.75
1999-05-01,158,3,4,0.75
1999-05-01,159,3,4,0.75
1999-05-01,160,3,4,0.75
1999-05-01,161,3,4,0.75
1999-05-01,162,3,4,0.75
1999-05-01,163,3,4,0.75
1999-05-01,164,3,4,0.75
1999-05-01,165,3,4,0.75
1999-05-01,166,3,4,0.75
1999-05-01,167,3,4,0.75
1999-05-01,168,3,4,0.75
1999-05-01,169,3,4,0.75
1999-05-01,170,3,4,0.75
1999-05-01,171,3,4,0.75
1999-05-01,172,3,4,0.75
1999-05-01,173,3,4,0.75
1999-05-01,174,3,4,0.75
1999-05-01,175,3,4,0.75
1999-05-01,176,3,4,0.75
1999-05-01,177,3,4,0.75
1999-05-01,178,3,4,0.75
1999-05-01,179,3,4,0.75
1999-05-01,180,3,4,0.75
1999-05-01,181,3,4,0.75
1999-05-01,182,3,4,0.75
1999-05-01,183,3,4,0.75
1999-05-01,184,3,4,0.75
1999-05-01,185,3,4,0.75
1999-05-01,186,3,4,0.75
1999-05-01,187,3,4,0.75
1999-05-01,188,3,4,0.75
1999-05-01,189,3,4,0.75
1999-05-01,190,3,4,0.75
1999-05-01,191,3,4,0.75
1999-05-01,192,3,4,0.75
1999-05-01,193,3,4,0.75
1999-05-01,194,3,4,0.75
1999-05-01,195,3,4,0.75
1999-05-01,196,3,4,0.75
1999-05-01,197,3,4,0.75
1999-05-01,198,3,4,0.75
1999-05-01,199,3,4,0.75
1999-05-01,200,3,4,0.75
1999-05-01,201,3,4,0.75
1999-05-01,202,3,4,0.75
1999-05-01,203,3,4,0.75
1999-05-01,204,3,4,0.75
1999-05-01,205,3,4,0.75
1999-05-01,206,3,4,0.75
1999-05-01,207,3,4,0.75
1999-05-01,208,3,4,0.75
1999-05-01,209,3,4,0.75
1999-05-01,210,3,4,0.75
1999-05-01,211,3,4,0.75
1999-05-01,212,3,4,0.75
1999-05-01,213,3,4,0.75
1999-05-01,214,3,4,0.75
1999-05-01,215,3,4,0.75
1999-05-01,216,3,4,0.75
1999-05-01,217,3,4,0.75
1999-05-01,218,3,4,0.75
1999-05-01,219,3,4,0.75
1999-05-01,220,3,4,0.75
1999-05-01,221,3,4,0.75
1999-05-01,222,3,4,0.75
1999-05-01,223,3,4,0.75
1999-05-01,224,3,4,0.75
1999-05-01,225,3,4,0.75
1999-05-01,226,3,4,0.75
1999-05-01,227,3,4,0.75
1999-05-01,228,3,4,0.75
1999-05-01,229,3,4,0.75
1999-05-01,230,3,4,0.75
1999-05-01,231,3,4,0.75
1999-05-01,232,3,4,0.75
1999-05-01,233,3,4,0.75
1999-05-01,234,3,4,0.75
1999-05-01,235,3,4,0.75
1999-05-01,236,3,4,0.75
1999-05-01,237,3,4,0.75
1999-05-01,238,3,4,0.75
1999-05-01,239,3,4,0.75
1999-05-01,240,3,4,0.75
1999-05-01,241,3,4,0.75
1999-05-01,242,3,4,0.75
1999-05-01,243,3,4,0.75
1999-05-01,244,3,4,0.75
1999-05-01,245,3,4,0.75
1999-06-01,127,5,5,1.0
1999-06-01,128,5,5,1.0
1999-06-01,129,5,5,1.0
1999-06-01,130,5,5,1.0
1999-06-01,131,5,5,1.0
1999-06-01,132,5,5,1.0
1999-06-01,133,5,5,1.0
1999-06-01,134,5,5,1.0
1999-06-01,135,5,5,1.0
1999-06-01,136,5,5,1.0
1999-06-01,137,5,5,1.0
1999-06-01,138,5,5,1.0
1999-06-01,139,5,5,1.0
1999-06-01,140,5,5,1.0
1999-06-01,141,5,5,1.0
1999-06-01,142,5,5,1.0
1999-06-01,143,5,5,1.0
1999-06-01,144,5,5,1.0
1999-06-01,145,5,5,1.0
1999-06-01,146,5,5,1.0
1999-06-01,147,5,5,1.0
1999-06-01,148,5,5,1.0
1999-06-01,149,5,5,1.0
1999-06-01,150,5,5,1.0
1999-06-01,151,5,5,1.0
1999-06-01,152,5,5,1.0
1999-06-01,153,5,5,1.0
1999-06-01,154,5,5,1.0
1999-06-01,155,5,5,1.0
1999-06-01,156,5,5,1.0
1999-06-01,157,5,5,1.0
1999-06-01,158,5,5,1.0
1999-06-01,159,5,5,1.0
1999-06-01,160,5,5,1.0
1999-06-01,161,5,5,1.0
1999-06-01,162,5,5,1.0
1999-06-01,163,5,5,1.0
1999-06-01,164,5,5,1.0
1999-06-01,165,5,5,1.0
1999-06-01,166,5,5,1.0
1999-06-01,167,5,5,1.0
1999-06-01,168,5,5,1.0
1999-06-01,169,5,5,1.0
1999-06-01,170,5,5,1.0
1999-06-01,171,5,5,1.0
1999-06-01,172,5,5,1.0
1999-06-01,173,5,5,1.0
1999-06-01,174,5,5,1.0
1999-06-01,175,5,5,1.0
1999-06-01,176,5,5,1.0
1999-06-01,177,5,5,1.0
1999-06-01,178,5,5,1.0
1999-06-01,179,5,5,1.0
1999-06-01,180,5,5,1.0
1999-06-01,181,5,5,1.0
1999-06-01,182,5,5,1.0
1999-06-01,183,5,5,1.0
1999-06-01,184,5,5,1.0
1999-06-01,185,5,5,1.0
1999-06-01,186,5,5,1.0
1999-06-01,187,5,5,1.0
1999-06-01,188,5,5,1.0
1999-06-01,189,5,5,1.0
1999-06-01,190,5,5,1.0
1999-06-01,191,5,5,1.0
1999-06-01,192,5,5,1.0
1999-06-01,193,5,5,1.0
1999-06-01,194,5,5,1.0
1999-06-01,195,5,5,1.0
1999-06-01,196,5,5,1.0
1999-06-01,197,5,5,1.0
1999-06-01,198,5,5,1.0
1999-06-01,199,5,5,1.0
1999-06-01,200,5,5,1.0
1999-06-01,201,5,5,1.0
1999-06-01,202,5,5,1.0
1999-06-01,203,5,5,1.0
1999-06-01,204,5,5,1.0
1999-06-01,205,5,5,1.0
1999-06-01,206,5,5,1.0
1999-06-01,207,5,5,1.0
1999-06-01,208,5,5,1.0
1999-06-01,209,5,5,1.0
1999-06-01,210,5,5,1.0
1999-06-01,211,5,5,1.0
1999-06-01,212,5,5,1.0
1999-06-01,213,5,5,1.0
1999-06-01,214,5,5,1.0
1999-06-01,215,5,5,1.0
1999-06-01,216,5,5,1.0
1999-06-01,217,5,5,1.0
1999-06-01,218,5,5,1.0
1999-06-01,219,5,5,1.0
1999-06-01,220,5,5,1.0
1999-06-01,221,5,5,1.0
1999-06-01,222,5,5,1.0
1999-06-01,223,5,5,1.0
1999-06-01,224,5,5,1.0
1999-06-01,225,5,5,1.0
1999-06-01,226,5,5,1.0
1999-06-01,227,5,5,1.0
1999-06-01,228,5,5,1.0
1999-06-01,229,5,5,1.0
1999-06-01,230,5,5,1.0
1999-06-01,231,5,5,1.0
1999-06-01,232,5,5,1.0
1999-06-01,233,5,5,1.0
1999-06-01,234,5,5,1.0
1999-06-01,235,5,5,1.0
1999-06-01,236,5,5,1.0
1999-06-01,237,5,5,1.0
1999-06-01,238,5,5,1.0
1999-06-01,239,5,5,1.0
1999-06-01,240,5,5,1.0
1999-06-01,241,5,5,1.0
1999-06-01,242,5,5,1.0
1999-06-01,243,5,5,1.0
1999-06-01,244,5,5,1.0
1999-07-01,126,1,2,0.5
1999-07-01,127,1,2,0.5
1999-07-01,128,1,2,0.5
1999-07-01,129,1,2,0.5
1999-07-01,130,1,2,0.5
1999-07-01,131,1,2,0.5
1999-07-01,132,1,2,0.5
1999-07-01,133,1,2,0.5
1999-07-01,134,1,2,0.5
1999-07-01,135,1,2,0.5
1999-07-01,136,1,2,0.5
1999-07-01,137,1,2,0.5
1999-07-01,138,1,2,0.5
1999-07-01,139,1,2,0.5
1999-07-01,140,1,2,0.5
1999-07-01,141,1,2,0.5
1999-07-01,142,1,2,0.5
1999-07-01,143,1,2,0.5
1999-07-01,144,1,2,0.5
1999-07-01,145,1,2,0.5
1999-07-01,146,1,2,0.5
1999-07-01,147,1,2,0.5
1999-07-01,148,1,2,0.5
1999-07-01,149,1,2,0.5
1999-07-01,150,1,2,0.5
1999-07-01,151,1,2,0.5
1999-07-01,152,1,2,0.5
1999-07-01,153,1,2,0.5
1999-07-01,154,1,2,0.5
1999-07-01,155,1,2,0.5
1999-07-01,156,1,2,0.5
1999-07-01,157,1,2,0.5
1999-07-01,158,1,2,0.5
1999-07-01,159,1,2,0.5
1999-07-01,160,1,2,0.5
1999-07-01,161,1,2,0.5
1999-07-01,162,1,2,0.5
1999-07-01,163,1,2,0.5
1999-07-01,164,1,2,0.5
1999-07-01,165,1,2,0.5
1999-07-01,166,1,2,0.5
1999-07-01,167,1,2,0.5
1999-07-01,168,1,2,0.5
1999-07-01,169,1,2,0.5
1999-07-01,170,1,2,0.5
1999-07-01,171,1,2,0.5
1999-07-01,172,1,2,0.5
1999-07-01,173,1,2,0.5
1999-07-01,174,1,2,0.5
1999-07-01,175,1,2,0.5
1999-07-01,176,1,2,0.5
1999-07-01,177,1,2,0.5
1999-07-01,178,1,2,0.5
1999-07-01,179,1,2,0.5
1999-07-01,180,1,2,0.5
1999-07-01,181,1,2,0.5
1999-07-01,182,1,2,0.5
1999-07-01,183,1,2,0.5
1999-07-01,184,1,2,0.5
1999-07-01,185,1,2,0.5
1999-07-01,186,1,2,0.5
1999-07-01,187,1,2,0.5
1999-07-01,188,1,2,0.5
1999-07-01,189,1,2,0.5
1999-07-01,190,1,2,0.5
1999-07-01,191,1,2,0.5
1999-07-01,192,1,2,0.5
1999-07-01,193,1,2,0.5
1999-07-01,194,1,2,0.5
1999-07-01,195,1,2,0.5
1999-07-01,196,1,2,0.5
1999-07-01,197,1,2,0.5
1999-07-01,198,1,2,0.5
1999-07-01,199,1,2,0.5
1999-07-01,200,1,2,0.5
1999-07-01,201,1,2,0.5
1999-07-01,202,1,2,0.5
1999-07-01,203,1,2,0.5
1999-07-01,204,1,2,0.5
1999-07-01,205,1,2,0.5
1999-07-01,206,1,2,0.5
1999-07-01,207,1,2,0.5
1999-07-01,208,1,2,0.5
1999-07-01,209,1,2,0.5
1999-07-01,210,1,2,0.5
1999-07-01,211,1,2,0.5
1999-07-01,212,1,2,0.5
1999-07-01,213,1,2,0.5
1999-07-01,214,1,2,0.5
1999-07-01,215,1,2,0.5
1999-07-01,216,1,2,0.5
1999-07-01,217,1,2,0.5
1999-07-01,218,1,2,0.5
1999-07-01,219,1,2,0.5
1999-07-01,220,1,2,0.5
1999-07-01,221,1,2,0.5
1999-07-01,222,1,2,0.5
1999-07-01,223,1,2,0.5
1999-07-01,224,1,2,0.5
1999-07-01,225,1,2,0.5
1999-07-01,226,1,2,0.5
1999-07-01,227,1,2,0.5
1999-07-01,228,1,2,0.5
1999-07-01,229,1,2,0.5
1999-07-01,230,1,2,0.5
1999-07-01,231,1,2,0.5
1999-07-01,232,1,2,0.5
1999-07-01,233,1,2,0.5
1999-07-01,234,1,2,0.5
1999-07-01,235,1,2,0.5
1999-07-01,236,1,2,0.5
1999-07-01,237,1,2,0.5
1999-07-01,238,1,2,0.5
1999-07-01,239,1,2,0.5
1999-07-01,240,1,2,0.5
1999-07-01,241,1,2,0.5
1999-07-01,242,1,2,0.5
1999-07-01,243,1,2,0.5
1999-08-01,125,3,4,0.75
1999-08-01,126,3,4,0.75
1999-08-01,127,3,4,0.75
1999-08-01,128,3,4,0.75
1999-08-01,129,3,4,0.75
1999-08-01,130,3,4,0.75
1999-08-01,131,3,4,0.75
1999-08-01,132,3,4,0.75
1999-08-01,133,3,4,0.75
1999-08-01,134,3,4,0.75
1999-08-01,135,3,4,0.75
1999-08-01,136,3,4,0.75
1999-08-01,137,3,4,0.75
1999-08-01,138,3,4,0.75
1999-08-01,139,3,4,0.75
1999-08-01,140,3,4,0.75
1999-08-01,141,3,4,0.75
1999-08-01,142,3,4,0.75
1999-08-01,143,3,4,0.75
1999-08-01,144,3,4,0.75
1999-08-01,145,3,4,0.75
1999-08-01,146,3,4,0.75
1999-08-01,147,3,4,0.75
1999-08-01,148,3,4,0.75
1999-08-01,149,3,4,0.75
1999-08-01,150,3,4,0.75
1999-08-01,151,3,4,0.75
1999-08-01,152,3,4,0.75
1999-08-01,153,3,4,0.75
1999-08-01,154,3,4,0.75
1999-08-01,155,3,4,0.75
1999-08-01,156,3,4,0.75
1999-08-01,157,3,4,0.75
1999-08-01,158,3,4,0.75
1999-08-01,159,3,4,0.75
1999-08-01,160,3,4,0.75
1999-08-01,161,3,4,0.75
1999-08-01,162,3,4,0.75
1999-08-01,163,3,4,0.75
1999-08-01,164,3,4,0.75
1999-08-01,165,3,4,0.75
1999-08-01,166,3,4,0.75
1999-08-01,167,3,4,0.75
1999-08-01,168,3,4,0.75
1999-08-01,169,3,4,0.75
1999-08-01,170,3,4,0.75
1999-08-01,171,3,4,0.75
1999-08-01,172,3,4,0.75
1999-08-01,173,3,4,0.75
1999-08-01,174,3,4,0.75
1999-08-01,175,3,4,0.75
1999-08-01,176,3,4,0.75
1999-08-01,177,3,4,0.75
1999-08-01,178,3,4,0.75
1999-08-01,179,3,4,0.75
1999-08-01,180,3,4,0.75
1999-08-01,181,3,4,0.75
1999-08-01,182,3,4,0.75
1999-08-01,183,3,4,0.75
1999-08-01,184,3,4,0.75
1999-08-01,185,3,4,0.75
1999-08-01,186,3,4,0.75
1999-08-01,187,3,4,0.75
1999-08-01,188,3,4,0.75
1999-08-01,189,3,4,0.75
1999-08-01,190,3,4,0.75
1999-08-01,191,3,4,0.75
1999-08-01,192,3,4,0.75
1999-08-01,193,3,4,0.75
1999-08-01,194,3,4,0.75
1999-08-01,195,3,4,0.75
1999-08-01,196,3,4,0.75
1999-08-01,197,3,4,0.75
1999-08-01,198,3,4,0.75
1999-08-01,199,3,4,0.75
1999-08-01,200,3,4,0.75
1999-08-01,201,3,4,0.75
1999-08-01,202,3,4,0.75
1999-08-01,203,3,4,0.75
1999-08-01,204,3,4,0.75
1999-08-01,205,3,4,0.75
1999-08-01,206,3,4,0.75
1999-08-01,207,3,4,0.75
1999-08-01,208,3,4,0.75
1999-08-01,209,3,4,0.75
1999-08-01,210,3,4,0.75
1999-08-01,211,3,4,0.75
1999-08-01,212,3,4,0.75
1999-08-01,213,3,4,0.75
1999-08-01,214,3,4,0.75
1999-08-01,215,3,4,0.75
1999-08-01,216,3,4,0.75
1999-08-01,217,3,4,0.75
1999-08-01,218,3,4,0.75
1999-08-01,219,3,4,0.75
1999-08-01,220,3,4,0.75
1999-08-01,221,3,4,0.75
1999-08-01,222,3,4,0.75
1999-08-01,223,3,4,0.75
1999-08-01,224,3,4,0.75
1999-08-01,225,3,4,0.75
1999-08-01,226,3,4,0.75
1999-08-01,227,3,4,0.75
1999-08-01,228,3,4,0.75
1999-08-01,229,3,4,0.75
1999-08-01,230,3,4,0.75
1999-08-01,231,3,4,0.75
1999-08-01,232,3,4,0.75
1999-08-01,233,3,4,0.75
1999-08-01,234,3,4,0.75
1999-08-01,235,3,4,0.75
1999-08-01,236,3,4,0.75
1999-08-01,237,3,4,0.75
1999-08-01,238,3,4,0.75
1999-08-01,239,3,4,0.75
1999-08-01,240,3,4,0.75
1999-08-01,241,3,4,0.75
1999-08-01,242,3,4,0.75
1999-09-01,124,4,5,0.8
1999-09-01,125,4,5,0.8
1999-09-01,126,4,5,0.8
1999-09-01,127,4,5,0.8
1999-09-01,128,4,5,0.8
1999-09-01,129,4,5,0.8
1999-09-01,130,4,5,0.8
1999-09-01,131,4,5,0.8
1999-09-01,132,4,5,0.8
1999-09-01,133,4,5,0.8
1999-09-01,134,4,5,0.8
1999-09-01,135,4,5,0.8
1999-09-01,136,4,5,0.8
1999-09-01,137,4,5,0.8
1999-09-01,138,4,5,0.8
1999-09-01,139,4,5,0.8
1999-09-01,140,4,5,0.8
1999-09-01,141,4,5,0.8
1999-09-01,142,4,5,0.8
1999-09-01,143,4,5,0.8
1999-09-01,144,4,5,0.8
1999-09-01,145,4,5,0.8
1999-09-01,146,4,5,0.8
1999-09-01,147,4,5,0.8
1999-09-01,148,4,5,0.8
1999-09-01,149,4,5,0.8
1999-09-01,150,4,5,0.8
1999-09-01,151,4,5,0.8
1999-09-01,152,4,5,0.8
1999-09-01,153,4,5,0.8
1999-09-01,154,4,5,0.8
1999-09-01,155,4,5,0.8
1999-09-01,156,4,5,0.8
1999-09-01,157,4,5,0.8
1999-09-01,158,4,5,0.8
1999-09-01,159,4,5,0.8
1999-09-01,160,4,5,0.8
1999-09-01,161,4,5,0.8
1999-09-01,162,4,5,0.8
1999-09-01,163,4,5,0.8
1999-09-01,164,4,5,0.8
1999-09-01,165,4,5,0.8
1999-09-01,166,4,5,0.8
1999-09-01,167,4,5,0.8
1999-09-01,168,4,5,0.8
1999-09-01,169,4,5,0.8
1999-09-01,170,4,5,0.8
1999-09-01,171,4,5,0.8
1999-09-01,172,4,5,0.8
1999-09-01,173,4,5,0.8
1999-09-01,174,4,5,0.8
1999-09-01,175,4,5,0.8
1999-09-01,176,4,5,0.8
1999-09-01,177,4,5,0.8
1999-09-01,178,4,5,0.8
1999-09-01,179,4,5,0.8
1999-09-01,180,4,5,0.8
1999-09-01,181,4,5,0.8
1999-09-01,182,4,5,0.8
1999-09-01,183,4,5,0.8
1999-09-01,184,4,5,0.8
1999-09-01,185,4,5,0.8
1999-09-01,186,4,5,0.8
1999-09-01,187,4,5,0.8
1999-09-01,188,4,5,0.8
1999-09-01,189,4,5,0.8
1999-09-01,190,4,5,0.8
1999-09-01,191,4,5,0.8
1999-09-01,192,4,5,0.8
1999-09-01,193,4,5,0.8
1999-09-01,194,4,5,0.8
1999-09-01,195,4,5,0.8
1999-09-01,196,4,5,0.8
1999-09-01,197,4,5,0.8
1999-09-01,198,4,5,0.8
1999-09-01,199,4,5,0.8
1999-09-01,200,4,5,0.8
1999-09-01,201,4,5,0.8
1999-09-01,202,4,5,0.8
1999-09-01,203,4,5,0.8
1999-09-01,204,4,5,0.8
1999-09-01,205,4,5,0.8
1999-09-01,206,4,5,0.8
1999-09-01,207,4,5,0.8
1999-09-01,208,4,5,0.8
1999-09-01,209,4,5,0.8
1999-09-01,210,4,5,0.8
1999-09-01,211,4,5,0.8
1999-09-01,212,4,5,0.8
1999-09-01,213,4,5,0.8
1999-09-01,214,4,5,0.8
1999-09-01,215,4,5,0.8
1999-09-01,216,4,5,0.8
1999-09-01,217,4,5,0.8
1999-09-01,218,4,5,0.8
1999-09-01,219,4,5,0.8
1999-09-01,220,4,5,0.8
1999-09-01,221,4,5,0.8
1999-09-01,222,4,5,0.8
1999-09-01,223,4,5,0.8
1999-09-01,224,4,5,0.8
1999-09-01,225,4,5,0.8
1999-09-01,226,4,5,0.8
1999-09-01,227,4,5,0.8
1999-09-01,228,4,5,0.8
1999-09-01,229,4,5,0.8
1999-09-01,230,4,5,0.8
1999-09-01,231,4,5,0.8
1999-09-01,232,4,5,0.8
1999-09-01,233,4,5,0.8
1999-09-01,234,4,5,0.8
1999-09-01,235,4,5,0.8
1999-09-01,236,4,5,0.8
1999-09-01,237,4,5,0.8
1999-09-01,238,4,5,0.8
1999-09-01,239,4,5,0.8
1999-09-01,240,4,5,0.8
1999-09-01,241,4,5,0.8
1999-10-01,123,2,3,0.6666666666666666
1999-10-01,124,2,3,0.6666666666666666
1999-10-01,125,2,3,0.6666666666666666
1999-10-01,126,2,3,0.6666666666666666
1999-10-01,127,2,3,0.6666666666666666
1999-10-01,128,2,3,0.6666666666666666
1999-10-01,129,2,3,0.6666666666666666
1999-10-01,130,2,3,0.6666666666666666
1999-10-01,131,2,3,0.6666666666666666
1999-10-01,132,2,3,0.6666666666666666
1999-10-01,133,2,3,0.6666666666666666
1999-10-01,134,2,3,0.6666666666666666
1999-10-01,135,2,3,0.6666666666666666
1999-10-01,136,2,3,0.6666666666666666
1999-10-01,137,2,3,0.6666666666666666
1999-10-01,138,2,3,0.6666666666666666
1999-10-01,139,2,3,0.6666666666666666
1999-10-01,140,2,3,0.6666666666666666
1999-10-01,141,2,3,0.6666666666666666
1999-10-01,142,2,3,0.6666666666666666
1999-10-01,143,2,3,0.6666666666666666
1999-10-01,144,2,3,0.6666666666666666
1999-10-01,145,2,3,0.6666666666666666
1999-10-01,146,2,3,0.6666666666666666
1999-10-01,147,2,3,0.6666666666666666
1999-10-01,148,2,3,0.6666666666666666
1999-10-01,149,2,3,0.6666666666666666
1999-10-01,150,2,3,0.6666666666666666
1999-10-01,151,2,3,0.6666666666666666
1999-10-01,152,2,3,0.6666666666666666
1999-10-01,153,2,3,0.6666666666666666
1999-10-01,154,2,3,0.6666666666666666
1999-10-01,155,2,3,0.6666666666666666
1999-10-01,156,2,3,0.6666666666666666
1999-10-01,157,2,3,0.6666666666666666
1999-10-01,158,2,3,0.6666666666666666
1999-10-01,159,2,3,0.6666666666666666
1999-10-01,160,2,3,0.6666666666666666
1999-10-01,161,2,3,0.6666666666666666
1999-10-01,162,2,3,0.6666666666666666
1999-10-01,163,2,3,0.6666666666666666
1999-10-01,164,2,3,0.6666666666666666
1999-10-01,165,2,3,0.6666666666666666
1999-10-01,166,2,3,0.6666666666666666
1999-10-01,167,2,3,0.6666666666666666
1999-10-01,168,2,3,0.6666666666666666
1999-10-01,169,2,3,0.6666666666666666
1999-10-01,170,2,3,0.6666666666666666
1999-10-01,171,2,3,0.6666666666666666
1999-10-01,172,2,3,0.6666666666666666
1999-10-01,173,2,3,0.6666666666666666
1999-10-01,174,2,3,0.6666666666666666
1999-10-01,175,2,3,0.6666666666666666
1999-10-01,176,2,3,0.6666666666666666
1999-10-01,177,2,3,0.6666666666666666
1999-10-01,178,2,3,0.6666666666666666
1999-10-01,179,2,3,0.6666666666666666
1999-10-01,180,2,3,0.6666666666666666
1999-10-01,181,2,3,0.6666666666666666
1999-10-01,182,2,3,0.6666666666666666
1999-10-01,183,2,3,0.6666666666666666
1999-10-01,184,2,3,0.6666666666666666
1999-10-01,185,2,3,0.6666666666666666
1999-10-01,186,2,3,0.6666666666666666
1999-10-01,187,2,3,0.6666666666666666
1999-10-01,188,2,3,0.6666666666666666
1999-10-01,189,2,3,0.6666666666666666
1999-10-01,190,2,3,0.6666666666666666
1999-10-01,191,2,3,0.6666666666666666
1999-10-01,192,2,3,0.6666666666666666
1999-10-01,193,2,3,0.6666666666666666
1999-10-01,194,2,3,0.6666666666666666
1999-10-01,195,2,3,0.6666666666666666
1999-10-01,196,2,3,0.6666666666666666
1999-10-01,197,2,3,0.6666666666666666
1999-10-01,198,2,3,0.6666666666666666
1999-10-01,199,2,3,0.6666666666666666
1999-10-01,200,2,3,0.6666666666666666
1999-10-01,201,2,3,0.6666666666666666
1999-10-01,202,2,3,0.6666666666666666
1999-10-01,203,2,3,0.6666666666666666
1999-10-01,204,2,3,0.6666666666666666
1999-10-01,205,2,3,0.6666666666666666
1999-10-01,206,2,3,0.6666666666666666
1999-10-01,207,2,3,0.6666666666666666
1999-10-01,208,2,3,0.6666666666666666
1999-10-01,209,2,3,0.6666666666666666
1999-10-01,210,2,3,0.6666666666666666
1999-10-01,211,2,3,0.6666666666666666
1999-10-01,212,2,3,0.6666666666666666
1999-10-01,213,2,3,0.6666666666666666
1999-10-01,214,2,3,0.6666666666666666
1999-10-01,215,2,3,0.6666666666666666
1999-10-01,216,2,3,0.6666666666666666
1999-10-01,217,2,3,0.6666666666666666
1999-10-01,218,2,3,0.6666666666666666
1999-10-01,219,2,3,0.6666666666666666
1999-10-01,220,2,3,0.6666666666666666
1999-10-01,221,2,3,0.6666666666666666
1999-10-01,222,2,3,0.6666666666666666
1999-10-01,223,2,3,0.6666666666666666
1999-10-01,224,2,3,0.6666666666666666
1999-10-01,225,2,3,0.6666666666666666
1999-10-01,226,2,3,0.6666666666666666
1999-10-01,227,2,3,0.6666666666666666
1999-10-01,228,2,3,0.6666666666666666
1999-10-01,229,2,3,0.6666666666666666
1999-10-01,230,2,3,0.6666666666666666
1999-10-01,231,2,3,0.6666666666666666
1999-10-01,232,2,3,0.6666666666666666
1999-10-01,233,2,3,0.6666666666666666
1999-10-01,234,2,3,0.6666666666666666
1999-10-01,235,2,3,0.6666666666666666
1999-10-01,236,2,3,0.6666666666666666
1999-10-01,237,2,3,0.6666666666666666
1999-10-01,238,2,3,0.6666666666666666
1999-10-01,239,2,3,0.6666666666666666
1999-10-01,240,2,3,0.6666666666666666
1999-11-01,122,3,4,0.75
1999-11-01,123,3,4,0.75
1999-11-01,124,3,4,0.75
1999-11-01,125,3,4,0.75
1999-11-01,126,3,4,0.75
1999-11-01,127,3,4,0.75
1999-11-01,128,3,4,0.75
1999-11-01,129,3,4,0.75
1999-11-01,130,3,4,0.75
1999-11-01,131,3,4,0.75
1999-11-01,132,3,4,0.75
1999-11-01,133,3,4,0.75
1999-11-01,134,3,4,0.75
1999-11-01,135,3,4,0.75
1999-11-01,136,3,4,0.75
1999-11-01,137,3,4,0.75
1999-11-01,138,3,4,0.75
1999-11-01,139,4,4,1.0
1999-11-01,140,4,4,1.0
1999-11-01,141,4,4,1.0
1999-11-01,142,4,4,1.0
1999-11-01,143,4,4,1.0
1999-11-01,144,4,4,1.0
1999-11-01,145,4,4,1.0
1999-11-01,146,4,4,1.0
1999-11-01,147,4,4,1.0
1999-11-01,148,4,4,1.0
1999-11-01,149,4,4,1.0
1999-11-01,150,4,4,1.0
1999-11-01,151,4,4,1.0
1999-11-01,152,4,4,1.0
1999-11-01,153,4,4,1.0
1999-11-01,154,4,4,1.0
1999-11-01,155,4,4,1.0
1999-11-01,156,4,4,1.0
1999-11-01,157,4,4,1.0
1999-11-01,158,4,4,1.0
1999-11-01,159,4,4,1.0
1999-11-01,160,4,4,1.0
1999-11-01,161,4,4,1.0
1999-11-01,162,4,4,1.0
1999-11-01,163,4,4,1.0
1999-11-01,164,4,4,1.0
1999-11-01,165,4,4,1.0
1999-11-01,166,4,4,1.0
1999-11-01,167,4,4,1.0
1999-11-01,168,4,4,1.0
1999-11-01,169,4,4,1.0
1999-11-01,170,4,4,1.0
1999-11-01,171,4,4,1.0
1999-11-01,172,4,4,1.0
1999-11-01,173,4,4,1.0
1999-11-01,174,4,4,1.0
1999-11-01,175,4,4,1.0
1999-11-01,176,4,4,1.0
1999-11-01,177,4,4,1.0
1999-11-01,178,4,4,1.0
1999-11-01,179,4,4,1.0
1999-11-01,180,4,4,1.0
1999-11-01,181,4,4,1.0
1999-11-01,182,4,4,1.0
1999-11-01,183,4,4,1.0
1999-11-01,184,4,4,1.0
1999-11-01,185,4,4,1.0
1999-11-01,186,4,4,1.0
1999-11-01,187,4,4,1.0
1999-11-01,188,4,4,1.0
1999-11-01,189,4,4,1.0
1999-11-01,190,4,4,1.0
1999-11-01,191,4,4,1.0
1999-11-01,192,4,4,1.0
1999-11-01,193,4,4,1.0
1999-11-01,194,4,4,1.0
1999-11-01,195,4,4,1.0
1999-11-01,196,4,4,1.0
1999-11-01,197,4,4,1.0
1999-11-01,198,4,4,1.0
1999-11-01,199,4,4,1.0
1999-11-01,200,4,4,1.0
1999-11-01,201,4,4,1.0
1999-11-01,202,4,4,1.0
1999-11-01,203,4,4,1.0
1999-11-01,204,4,4,1.0
1999-11-01,205,4,4,1.0
1999-11-01,206,4,4,1.0
1999-11-01,207,4,4,1.0
1999-11-01,208,4,4,1.0
1999-11-01,209,4,4,1.0
1999-11-01,210,4,4,1.0
1999-11-01,211,4,4,1.0
1999-11-01,212,4,4,1.0
1999-11-01,213,4,4,1.0
1999-11-01,214,4,4,1.0
1999-11-01,215,4,4,1.0
1999-11-01,216,4,4,1.0
1999-11-01,217,4,4,1.0
1999-11-01,218,4,4,1.0
1999-11-01,219,4,4,1.0
1999-11-01,220,4,4,1.0
1999-11-01,221,4,4,1.0
1999-11-01,222,4,4,1.0
1999-11-01,223,4,4,1.0
1999-11-01,224,4,4,1.0
1999-11-01,225,4,4,1.0
1999-11-01,226,4,4,1.0
1999-11-01,227,4,4,1.0
1999-11-01,228,4,4,1.0
1999-11-01,229,4,4,1.0
1999-11-01,230,4,4,1.0
1999-11-01,231,4,4,1.0
1999-11-01,232,4,4,1.0
1999-11-01,233,4,4,1.0
1999-11-01,234,4,4,1.0
1999-11-01,235,4,4,1.0
1999-11-01,236,4,4,1.0
1999-11-01,237,4,4,1.0
1999-11-01,238,4,4,1.0
1999-11-01,239,4,4,1.0
1999-12-01,121,7,7,1.0
1999-12-01,122,7,7,1.0
1999-12-01,123,7,7,1.0
1999-12-01,124,7,7,1.0
1999-12-01,125,7,7,1.0
1999-12-01,126,7,7,1.0
1999-12-01,127,7,7,1.0
1999-12-01,128,7,7,1.0
1999-12-01,129,7,7,1.0
1999-12-01,130,7,7,1.0
1999-12-01,131,7,7,1.0
1999-12-01,132,7,7,1.0
1999-12-01,133,7,7,1.0
1999-12-01,134,7,7,1.0
1999-12-01,135,7,7,1.0
1999-12-01,136,7,7,1.0
1999-12-01,137,7,7,1.0
1999-12-01,138,7,7,1.0
1999-12-01,139,7,7,1.0
1999-12-01,140,7,7,1.0
1999-12-01,141,7,7,1.0
1999-12-01,142,7,7,1.0
1999-12-01,143,7,7,1.0
1999-12-01,144,7,7,1.0
1999-12-01,145,7,7,1.0
1999-12-01,146,7,7,1.0
1999-12-01,147,7,7,1.0
1999-12-01,148,7,7,1.0
1999-12-01,149,7,7,1.0
1999-12-01,150,7,7,1.0
1999-12-01,151,7,7,1.0
1999-12-01,152,7,7,1.0
1999-12-01,153,7,7,1.0
1999-12-01,154,7,7,1.0
1999-12-01,155,7,7,1.0
1999-12-01,156,7,7,1.0
1999-12-01,157,7,7,1.0
1999-12-01,158,7,7,1.0
1999-12-01,159,7,7,1.0
1999-12-01,160,7,7,1.0
1999-12-01,161,7,7,1.0
1999-12-01,162,7,7,1.0
1999-12-01,163,7,7,1.0
1999-12-01,164,7,7,1.0
1999-12-01,165,7,7,1.0
1999-12-01,166,7,7,1.0
1999-12-01,167,7,7,1.0
1999-12-01,168,7,7,1.0
1999-12-01,169,7,7,1.0
1999-12-01,170,7,7,1.0
1999-12-01,171,7,7,1.0
1999-12-01,172,7,7,1.0
1999-12-01,173,7,7,1.0
1999-12-01,174,7,7,1.0
1999-12-01,175,7,7,1.0
1999-12-01,176,7,7,1.0
1999-12-01,177,7,7,1.0
1999-12-01,178,7,7,1.0
1999-12-01,179,7,7,1.0
1999-12-01,180,7,7,1.0
1999-12-01,181,7,7,1.0
1999-12-01,182,7,7,1.0
1999-12-01,183,7,7,1.0
1999-12-01,184,7,7,1.0
1999-12-01,185,7,7,1.0
1999-12-01,186,7,7,1.0
1999-12-01,187,7,7,1.0
1999-12-01,188,7,7,1.0
1999-12-01,189,7,7,1.0
1999-12-01,190,7,7,1.0
1999-12-01,191,7,7,1.0
1999-12-01,192,7,7,1.0
1999-12-01,193,7,7,1.0
1999-12-01,194,7,7,1.0
1999-12-01,195,7,7,1.0
1999-12-01,196,7,7,1.0
1999-12-01,197,7,7,1.0
1999-12-01,198,7,7,1.0
1999-12-01,199,7,7,1.0
1999-12-01,200,7,7,1.0
1999-12-01,201,7,7,1.0
1999-12-01,202,7,7,1.0
1999-12-01,203,7,7,1.0
1999-12-01,204,7,7,1.0
1999-12-01,205,7,7,1.0
1999-12-01,206,7,7,1.0
1999-12-01,207,7,7,1.0
1999-12-01,208,7,7,1.0
1999-12-01,209,7,7,1.0
1999-12-01,210,7,7,1.0
1999-12-01,211,7,7,1.0
1999-12-01,212,7,7,1.0
1999-12-01,213,7,7,1.0
1999-12-01,214,7,7,1.0
1999-12-01,215,7,7,1.0
1999-12-01,216,7,7,1.0
1999-12-01,217,7,7,1.0
1999-12-01,218,7,7,1.0
1999-12-01,219,7,7,1.0
1999-12-01,220,7,7,1.0
1999-12-01,221,7,7,1.0
1999-12-01,222,7,7,1.0
1999-12-01,223,7,7,1.0
1999-12-01,224,7,7,1.0
1999-12-01,225,7,7,1.0
1999-12-01,226,7,7,1.0
1999-12-01,227,7,7,1.0
1999-12-01,228,7,7,1.0
1999-12-01,229,7,7,1.0
1999-12-01,230,7,7,1.0
1999-12-01,231,7,7,1.0
1999-12-01,232,7,7,1.0
1999-12-01,233,7,7,1.0
1999-12-01,234,7,7,1.0
1999-12-01,235,7,7,1.0
1999-12-01,236,7,7,1.0
1999-12-01,237,7,7,1.0
1999-12-01,238,7,7,1.0
2000-01-01,120,5,5,1.0
2000-01-01,121,5,5,1.0
2000-01-01,122,5,5,1.0
2000-01-01,123,5,5,1.0
2000-01-01,124,5,5,1.0
2000-01-01,125,5,5,1.0
2000-01-01,126,5,5,1.0
2000-01-01,127,5,5,1.0
2000-01-01,128,5,5,1.0
2000-01-01,129,5,5,1.0
2000-01-01,130,5,5,1.0
2000-01-01,131,5,5,1.0
2000-01-01,132,5,5,1.0
2000-01-01,133,5,5,1.0
2000-01-01,134,5,5,1.0
2000-01-01,135,5,5,1.0
2000-01-01,136,5,5,1.0
2000-01-01,137,5,5,1.0
2000-01-01,138,5,5,1.0
2000-01-01,139,5,5,1.0
2000-01-01,140,5,5,1.0
2000-01-01,141,5,5,1.0
2000-01-01,142,5,5,1.0
2000-01-01,143,5,5,1.0
2000-01-01,144,5,5,1.0
2000-01-01,145,5,5,1.0
2000-01-01,146,5,5,1.0
2000-01-01,147,5,5,1.0
2000-01-01,148,5,5,1.0
2000-01-01,149,5,5,1.0
2000-01-01,150,5,5,1.0
2000-01-01,151,5,5,1.0
2000-01-01,152,5,5,1.0
2000-01-01,153,5,5,1.0
2000-01-01,154,5,5,1.0
2000-01-01,155,5,5,1.0
2000-01-01,156,5,5,1.0
2000-01-01,157,5,5,1.0
2000-01-01,158,5,5,1.0
2000-01-01,159,5,5,1.0
2000-01-01,160,5,5,1.0
2000-01-01,161,5,5,1.0
2000-01-01,162,5,5,1.0
2000-01-01,163,5,5,1.0
2000-01-01,164,5,5,1.0
2000-01-01,165,5,5,1.0
2000-01-01,166,5,5,1.0
2000-01-01,167,5,5,1.0
2000-01-01,168,5,5,1.0
2000-01-01,169,5,5,1.0
2000-01-01,170,5,5,1.0
2000-01-01,171,5,5,1.0
2000-01-01,172,5,5,1.0
2000-01-01,173,5,5,1.0
2000-01-01,174,5,5,1.0
2000-01-01,175,5,5,1.0
2000-01-01,176,5,5,1.0
2000-01-01,177,5,5,1.0
2000-01-01,178,5,5,1.0
2000-01-01,179,5,5,1.0
2000-01-01,180,5,5,1.0
2000-01-01,181,5,5,1.0
2000-01-01,182,5,5,1.0
2000-01-01,183,5,5,1.0
2000-01-01,184,5,5,1.0
2000-01-01,185,5,5,1.0
2000-01-01,186,5,5,1.0
2000-01-01,187,5,5,1.0
2000-01-01,188,5,5,1.0
2000-01-01,189,5,5,1.0
2000-01-01,190,5,5,1.0
2000-01-01,191,5,5,1.0
2000-01-01,192,5,5,1.0
2000-01-01,193,5,5,1.0
2000-01-01,194,5,5,1.0
2000-01-01,195,5,5,1.0
2000-01-01,196,5,5,1.0
2000-01-01,197,5,5,1.0
2000-01-01,198,5,5,1.0
2000-01-01,199,5,5,1.0
2000-01-01,200,5,5,1.0
2000-01-01,201,5,5,1.0
2000-01-01,202,5,5,1.0
2000-01-01,203,5,5,1.0
2000-01-01,204,5,5,1.0
2000-01-01,205,5,5,1.0
2000-01-01,206,5,5,1.0
2000-01-01,207,5,5,1.0
2000-01-01,208,5,5,1.0
2000-01-01,209,5,5,1.0
2000-01-01,210,5,5,1.0
2000-01-01,211,5,5,1.0
2000-01-01,212,5,5,1.0
2000-01-01,213,5,5,1.0
2000-01-01,214,5,5,1.0
2000-01-01,215,5,5,1.0
2000-01-01,216,5,5,1.0
2000-01-01,217,5,5,1.0
2000-01-01,218,5,5,1.0
2000-01-01,219,5,5,1.0
2000-01-01,220,5,5,1.0
2000-01-01,221,5,5,1.0
2000-01-01,222,5,5,1.0
2000-01-01,223,5,5,1.0
2000-01-01,224,5,5,1.0
2000-01-01,225,5,5,1.0
2000-01-01,226,5,5,1.0
2000-01-01,227,5,5,1.0
2000-01-01,228,5,5,1.0
2000-01-01,229,5,5,1.0
2000-01-01,230,5,5,1.0
2000-01-01,231,5,5,1.0
2000-01-01,232,5,5,1.0
2000-01-01,233,5,5,1.0
2000-01-01,234,5,5,1.0
2000-01-01,235,5,5,1.0
2000-01-01,236,5,5,1.0
2000-01-01,237,5,5,1.0
2000-02-01,119,7,10,0.7
2000-02-01,120,7,10,0.7
2000-02-01,121,7,10,0.7
2000-02-01,122,7,10,0.7
2000-02-01,123,7,10,0.7
2000-02-01,124,7,10,0.7
2000-02-01,125,7,10,0.7
2000-02-01,126,7,10,0.7
2000-02-01,127,7,10,0.7
2000-02-01,128,7,10,0.7
2000-02-01,129,7,10,0.7
2000-02-01,130,7,10,0.7
2000-02-01,131,7,10,0.7
2000-02-01,132,7,10,0.7
2000-02-01,133,7,10,0.7
2000-02-01,134,7,10,0.7
2000-02-01,135,7,10,0.7
2000-02-01,136,7,10,0.7
2000-02-01,137,7,10,0.7
2000-02-01,138,7,10,0.7
2000-02-01,139,7,10,0.7
2000-02-01,140,7,10,0.7
2000-02-01,141,7,10,0.7
2000-02-01,142,7,10,0.7
2000-02-01,143,7,10,0.7
2000-02-01,144,7,10,0.7
2000-02-01,145,7,10,0.7
2000-02-01,146,7,10,0.7
2000-02-01,147,7,10,0.7
2000-02-01,148,7,10,0.7
2000-02-01,149,7,10,0.7
2000-02-01,150,7,10,0.7
2000-02-01,151,7,10,0.7
2000-02-01,152,7,10,0.7
2000-02-01,153,7,10,0.7
2000-02-01,154,7,10,0.7
2000-02-01,155,7,10,0.7
2000-02-01,156,7,10,0.7
2000-02-01,157,7,10,0.7
2000-02-01,158,7,10,0.7
2000-02-01,159,7,10,0.7
2000-02-01,160,7,10,0.7
2000-02-01,161,7,10,0.7
2000-02-01,162,7,10,0.7
2000-02-01,163,7,10,0.7
2000-02-01,164,7,10,0.7
2000-02-01,165,7,10,0.7
2000-02-01,166,7,10,0.7
2000-02-01,167,7,10,0.7
2000-02-01,168,7,10,0.7
2000-02-01,169,7,10,0.7
2000-02-01,170,7,10,0.7
2000-02-01,171,7,10,0.7
2000-02-01,172,7,10,0.7
2000-02-01,173,7,10,0.7
2000-02-01,174,7,10,0.7
2000-02-01,175,7,10,0.7
2000-02-01,176,7,10,0.7
2000-02-01,177,7,10,0.7
2000-02-01,178,7,10,0.7
2000-02-01,179,7,10,0.7
2000-02-01,180,7,10,0.7
2000-02-01,181,7,10,0.7
2000-02-01,182,7,10,0.7
2000-02-01,183,7,10,0.7
2000-02-01,184,7,10,0.7
2000-02-01,185,7,10,0.7
2000-02-01,186,7,10,0.7
2000-02-01,187,7,10,0.7
2000-02-01,188,7,10,0.7
2000-02-01,189,7,10,0.7
2000-02-01,190,7,10,0.7
2000-02-01,191,7,10,0.7
2000-02-01,192,7,10,0.7
2000-02-01,193,7,10,0.7
2000-02-01,194,7,10,0.7
2000-02-01,195,7,10,0.7
2000-02-01,196,7,10,0.7
2000-02-01,197,7,10,0.7
2000-02-01,198,7,10,0.7
2000-02-01,199,7,10,0.7
2000-02-01,200,7,10,0.7
2000-02-01,201,7,10,0.7
2000-02-01,202,7,10,0.7
2000-02-01,203,7,10,0.7
2000-02-01,204,7,10,0.7
2000-02-01,205,7,10,0.7
2000-02-01,206,7,10,0.7
2000-02-01,207,7,10,0.7
2000-02-01,208,7,10,0.7
2000-02-01,209,7,10,0.7
2000-02-01,210,7,10,0.7
2000-02-01,211,7,10,0.7
2000-02-01,212,7,10,0.7
2000-02-01,213,7,10,0.7
2000-02-01,214,7,10,0.7
2000-02-01,215,7,10,0.7
2000-02-01,216,7,10,0.7
2000-02-01,217,7,10,0.7
2000-02-01,218,7,10,0.7
2000-02-01,219,7,10,0.7
2000-02-01,220,7,10,0.7
2000-02-01,221,7,10,0.7
2000-02-01,222,7,10,0.7
2000-02-01,223,7,10,0.7
2000-02-01,224,7,10,0.7
2000-02-01,225,7,10,0.7
2000-02-01,226,7,10,0.7
2000-02-01,227,7,10,0.7
2000-02-01,228,7,10,0.7
2000-02-01,229,7,10,0.7
2000-02-01,230,7,10,0.7
2000-02-01,231,7,10,0.7
2000-02-01,232,7,10,0.7
2000-02-01,233,7,10,0.7
2000-02-01,234,7,10,0.7
2000-02-01,235,7,10,0.7
2000-02-01,236,7,10,0.7
2000-03-01,118,2,3,0.6666666666666666
2000-03-01,119,2,3,0.6666666666666666
2000-03-01,120,2,3,0.6666666666666666
2000-03-01,121,2,3,0.6666666666666666
2000-03-01,122,2,3,0.6666666666666666
2000-03-01,123,2,3,0.6666666666666666
2000-03-01,124,2,3,0.6666666666666666
2000-03-01,125,2,3,0.6666666666666666
2000-03-01,126,2,3,0.6666666666666666
2000-03-01,127,2,3,0.6666666666666666
2000-03-01,128,2,3,0.6666666666666666
2000-03-01,129,2,3,0.6666666666666666
2000-03-01,130,2,3,0.6666666666666666
2000-03-01,131,2,3,0.6666666666666666
2000-03-01,132,2,3,0.6666666666666666
2000-03-01,133,2,3,0.6666666666666666
2000-03-01,134,2,3,0.6666666666666666
2000-03-01,135,2,3,0.6666666666666666
2000-03-01,136,2,3,0.6666666666666666
2000-03-01,137,2,3,0.6666666666666666
2000-03-01,138,2,3,0.6666666666666666
2000-03-01,139,2,3,0.6666666666666666
2000-03-01,140,2,3,0.6666666666666666
2000-03-01,141,2,3,0.6666666666666666
2000-03-01,142,2,3,0.6666666666666666
2000-03-01,143,2,3,0.6666666666666666
2000-03-01,144,2,3,0.6666666666666666
2000-03-01,145,2,3,0.6666666666666666
2000-03-01,146,2,3,0.6666666666666666
2000-03-01,147,2,3,0.6666666666666666
2000-03-01,148,2,3,0.6666666666666666
2000-03-01,149,2,3,0.6666666666666666
2000-03-01,150,2,3,0.6666666666666666
2000-03-01,151,2,3,0.6666666666666666
2000-03-01,152,2,3,0.6666666666666666
2000-03-01,153,2,3,0.6666666666666666
2000-03-01,154,2,3,0.6666666666666666
2000-03-01,155,2,3,0.6666666666666666
2000-03-01,156,2,3,0.6666666666666666
2000-03-01,157,2,3,0.6666666666666666
2000-03-01,158,2,3,0.6666666666666666
2000-03-01,159,2,3,0.6666666666666666
2000-03-01,160,2,3,0.6666666666666666
2000-03-01,161,2,3,0.6666666666666666
2000-03-01,162,2,3,0.6666666666666666
2000-03-01,163,2,3,0.6666666666666666
2000-03-01,164,2,3,0.6666666666666666
2000-03-01,165,2,3,0.6666666666666666
2000-03-01,166,2,3,0.6666666666666666
2000-03-01,167,2,3,0.6666666666666666
2000-03-01,168,2,3,0.6666666666666666
2000-03-01,169,2,3,0.6666666666666666
2000-03-01,170,2,3,0.6666666666666666
2000-03-01,171,2,3,0.6666666666666666
2000-03-01,172,2,3,0.6666666666666666
2000-03-01,173,2,3,0.6666666666666666
2000-03-01,174,2,3,0.6666666666666666
2000-03-01,175,2,3,0.6666666666666666
2000-03-01,176,2,3,0.6666666666666666
2000-03-01,177,2,3,0.6666666666666666
2000-03-01,178,2,3,0.6666666666666666
2000-03-01,179,2,3,0.6666666666666666
2000-03-01,180,2,3,0.6666666666666666
2000-03-01,181,2,3,0.6666666666666666
2000-03-01,182,2,3,0.6666666666666666
2000-03-01,183,2,3,0.6666666666666666
2000-03-01,184,2,3,0.6666666666666666
2000-03-01,185,2,3,0.6666666666666666
2000-03-01,186,2,3,0.6666666666666666
2000-03-01,187,2,3,0.6666666666666666
2000-03-01,188,2,3,0.6666666666666666
2000-03-01,189,2,3,0.6666666666666666
2000-03-01,190,2,3,0.6666666666666666
2000-03-01,191,2,3,0.6666666666666666
2000-03-01,192,2,3,0.6666666666666666
2000-03-01,193,2,3,0.6666666666666666
2000-03-01,194,2,3,0.6666666666666666
2000-03-01,195,2,3,0.6666666666666666
2000-03-01,196,2,3,0.6666666666666666
2000-03-01,197,2,3,0.6666666666666666
2000-03-01,198,2,3,0.6666666666666666
2000-03-01,199,2,3,0.6666666666666666
2000-03-01,200,2,3,0.6666666666666666
2000-03-01,201,2,3,0.6666666666666666
2000-03-01,202,2,3,0.6666666666666666
2000-03-01,203,2,3,0.6666666666666666
2000-03-01,204,2,3,0.6666666666666666
2000-03-01,205,2,3,0.6666666666666666
2000-03-01,206,2,3,0.6666666666666666
2000-03-01,207,2,3,0.6666666666666666
2000-03-01,208,2,3,0.6666666666666666
2000-03-01,209,2,3,0.6666666666666666
2000-03-01,210,2,3,0.6666666666666666
2000-03-01,211,2,3,0.6666666666666666
2000-03-01,212,2,3,0.6666666666666666
2000-03-01,213,2,3,0.6666666666666666
2000-03-01,214,2,3,0.6666666666666666
2000-03-01,215,2,3,0.6666666666666666
2000-03-01,216,2,3,0.6666666666666666
2000-03-01,217,2,3,0.6666666666666666
2000-03-01,218,2,3,0.6666666666666666
2000-03-01,219,2,3,0.6666666666666666
2000-03-01,220,2,3,0.6666666666666666
2000-03-01,221,2,3,0.6666666666666666
2000-03-01,222,2,3,0.6666666666666666
2000-03-01,223,2,3,0.6666666666666666
2000-03-01,224,2,3,0.6666666666666666
2000-03-01,225,2,3,0.6666666666666666
2000-03-01,226,2,3,0.6666666666666666
2000-03-01,227,2,3,0.6666666666666666
2000-03-01,228,2,3,0.6666666666666666
2000-03-01,229,2,3,0.6666666666666666
2000-03-01,230,2,3,0.6666666666666666
2000-03-01,231,2,3,0.6666666666666666
2000-03-01,232,2,3,0.6666666666666666
2000-03-01,233,2,3,0.6666666666666666
2000-03-01,234,2,3,0.6666666666666666
2000-03-01,235,2,3,0.6666666666666666
2000-04-01,117,6,6,1.0
2000-04-01,118,6,6,1.0
2000-04-01,119,6,6,1.0
2000-04-01,120,6,6,1.0
2000-04-01,121,6,6,1.0
2000-04-01,122,6,6,1.0
2000-04-01,123,6,6,1.0
2000-04-01,124,6,6,1.0
2000-04-01,125,6,6,1.0
2000-04-01,126,6,6,1.0
2000-04-01,127,6,6,1.0
2000-04-01,128,6,6,1.0
2000-04-01,129,6,6,1.0
2000-04-01,130,6,6,1.0
2000-04-01,131,6,6,1.0
2000-04-01,132,6,6,1.0
2000-04-01,133,6,6,1.0
2000-04-01,134,6,6,1.0
2000-04-01,135,6,6,1.0
2000-04-01,136,6,6,1.0
2000-04-01,137,6,6,1.0
2000-04-01,138,6,6,1.0
2000-04-01,139,6,6,1.0
2000-04-01,140,6,6,1.0
2000-04-01,141,6,6,1.0
2000-04-01,142,6,6,1.0
2000-04-01,143,6,6,1.0
2000-04-01,144,6,6,1.0
2000-04-01,145,6,6,1.0
2000-04-01,146,6,6,1.0
2000-04-01,147,6,6,1.0
2000-04-01,148,6,6,1.0
2000-04-01,149,6,6,1.0
2000-04-01,150,6,6,1.0
2000-04-01,151,6,6,1.0
2000-04-01,152,6,6,1.0
2000-04-01,153,6,6,1.0
2000-04-01,154,6,6,1.0
2000-04-01,155,6,6,1.0
2000-04-01,156,6,6,1.0
2000-04-01,157,6,6,1.0
2000-04-01,158,6,6,1.0
2000-04-01,159,6,6,1.0
2000-04-01,160,6,6,1.0
2000-04-01,161,6,6,1.0
2000-04-01,162,6,6,1.0
2000-04-01,163,6,6,1.0
2000-04-01,164,6,6,1.0
2000-04-01,165,6,6,1.0
2000-04-01,166,6,6,1.0
2000-04-01,167,6,6,1.0
2000-04-01,168,6,6,1.0
2000-04-01,169,6,6,1.0
2000-04-01,170,6,6,1.0
2000-04-01,171,6,6,1.0
2000-04-01,172,6,6,1.0
2000-04-01,173,6,6,1.0
2000-04-01,174,6,6,1.0
2000-04-01,175,6,6,1.0
2000-04-01,176,6,6,1.0
2000-04-01,177,6,6,1.0
2000-04-01,178,6,6,1.0
2000-04-01,179,6,6,1.0
2000-04-01,180,6,6,1.0
2000-04-01,181,6,6,1.0
2000-04-01,182,6,6,1.0
2000-04-01,183,6,6,1.0
2000-04-01,184,6,6,1.0
2000-04-01,185,6,6,1.0
2000-04-01,186,6,6,1.0
2000-04-01,187,6,6,1.0
2000-04-01,188,6,6,1.0
2000-04-01,189,6,6,1.0
2000-04-01,190,6,6,1.0
2000-04-01,191,6,6,1.0
2000-04-01,192,6,6,1.0
2000-04-01,193,6,6,1.0
2000-04-01,194,6,6,1.0
2000-04-01,195,6,6,1.0
2000-04-01,196,6,6,1.0
2000-04-01,197,6,6,1.0
2000-04-01,198,6,6,1.0
2000-04-01,199,6,6,1.0
2000-04-01,200,6,6,1.0
2000-04-01,201,6,6,1.0
2000-04-01,202,6,6,1.0
2000-04-01,203,6,6,1.0
2000-04-01,204,6,6,1.0
2000-04-01,205,6,6,1.0
2000-04-01,206,6,6,1.0
2000-04-01,207,6,6,1.0
2000-04-01,208,6,6,1.0
2000-04-01,209,6,6,1.0
2000-04-01,210,6,6,1.0
2000-04-01,211,6,6,1.0
2000-04-01,212,6,6,1.0
2000-04-01,213,6,6,1.0
2000-04-01,214,6,6,1.0
2000-04-01,215,5,6,0.8333333333333334
2000-04-01,216,5,6,0.8333333333333334
2000-04-01,217,5,6,0.8333333333333334
2000-04-01,218,5,6,0.8333333333333334
2000-04-01,219,5,6,0.8333333333333334
2000-04-01,220,5,6,0.8333333333333334
2000-04-01,221,5,6,0.8333333333333334
2000-04-01,222,5,6,0.8333333333333334
2000-04-01,223,5,6,0.8333333333333334
2000-04-01,224,5,6,0.8333333333333334
2000-04-01,225,5,6,0.8333333333333334
2000-04-01,226,5,6,0.8333333333333334
2000-04-01,227,5,6,0.8333333333333334
2000-04-01,228,5,6,0.8333333333333334
2000-04-01,229,5,6,0.8333333333333334
2000-04-01,230,5,6,0.8333333333333334
2000-04-01,231,5,6,0.8333333333333334
2000-04-01,232,5,6,0.8333333333333334
2000-04-01,233,5,6,0.8333333333333334
2000-04-01,234,5,6,0.8333333333333334
2000-05-01,116,4,4,1.0
2000-05-01,117,4,4,1.0
2000-05-01,118,4,4,1.0
2000-05-01,119,4,4,1.0
2000-05-01,120,4,4,1.0
2000-05-01,121,4,4,1.0
2000-05-01,122,4,4,1.0
2000-05-01,123,4,4,1.0
2000-05-01,124,4,4,1.0
2000-05-01,125,4,4,1.0
2000-05-01,126,4,4,1.0
2000-05-01,127,4,4,1.0
2000-05-01,128,4,4,1.0
2000-05-01,129,4,4,1.0
2000-05-01,130,4,4,1.0
2000-05-01,131,4,4,1.0
2000-05-01,132,4,4,1.0
2000-05-01,133,4,4,1.0
2000-05-01,134,4,4,1.0
2000-05-01,135,4,4,1.0
2000-05-01,136,4,4,1.0
2000-05-01,137,4,4,1.0
2000-05-01,138,4,4,1.0
2000-05-01,139,4,4,1.0
2000-05-01,140,4,4,1.0
2000-05-01,141,4,4,1.0
2000-05-01,142,4,4,1.0
2000-05-01,143,4,4,1.0
2000-05-01,144,4,4,1.0
2000-05-01,145,4,4,1.0
2000-05-01,146,4,4,1.0
2000-05-01,147,4,4,1.0
2000-05-01,148,4,4,1.0
2000-05-01,149,4,4,1.0
2000-05-01,150,4,4,1.0
2000-05-01,151,4,4,1.0
2000-05-01,152,4,4,1.0
2000-05-01,153,4,4,1.0
2000-05-01,154,4,4,1.0
2000-05-01,155,4,4,1.0
2000-05-01,156,4,4,1.0
2000-05-01,157,4,4,1.0
2000-05-01,158,4,4,1.0
2000-05-01,159,4,4,1.0
2000-05-01,160,4,4,1.0
2000-05-01,161,4,4,1.0
2000-05-01,162,4,4,1.0
2000-05-01,163,4,4,1.0
2000-05-01,164,4,4,1.0
2000-05-01,165,4,4,1.0
2000-05-01,166,4,4,1.0
2000-05-01,167,4,4,1.0
2000-05-01,168,4,4,1.0
2000-05-01,169,4,4,1.0
2000-05-01,170,4,4,1.0
2000-05-01,171,4,4,1.0
2000-05-01,172,4,4,1.0
2000-05-01,173,4,4,1.0
2000-05-01,174,4,4,1.0
2000-05-01,175,4,4,1.0
2000-05-01,176,4,4,1.0
2000-05-01,177,4,4,1.0
2000-05-01,178,4,4,1.0
2000-05-01,179,4,4,1.0
2000-05-01,180,4,4,1.0
2000-05-01,181,4,4,1.0
2000-05-01,182,4,4,1.0
2000-05-01,183,4,4,1.0
2000-05-01,184,4,4,1.0
2000-05-01,185,4,4,1.0
2000-05-01,186,4,4,1.0
2000-05-01,187,4,4,1.0
2000-05-01,188,4,4,1.0
2000-05-01,189,4,4,1.0
2000-05-01,190,4,4,1.0
2000-05-01,191,4,4,1.0
2000-05-01,192,4,4,1.0
2000-05-01,193,4,4,1.0
2000-05-01,194,4,4,1.0
2000-05-01,195,4,4,1.0
2000-05-01,196,4,4,1.0
2000-05-01,197,4,4,1.0
2000-05-01,198,4,4,1.0
2000-05-01,199,4,4,1.0
2000-05-01,200,4,4,1.0
2000-05-01,201,4,4,1.0
2000-05-01,202,4,4,1.0
2000-05-01,203,4,4,1.0
2000-05-01,204,4,4,1.0
2000-05-01,205,4,4,1.0
2000-05-01,206,4,4,1.0
2000-05-01,207,4,4,1.0
2000-05-01,208,4,4,1.0
2000-05-01,209,4,4,1.0
2000-05-01,210,4,4,1.0
2000-05-01,211,4,4,1.0
2000-05-01,212,4,4,1.0
2000-05-01,213,4,4,1.0
2000-05-01,214,4,4,1.0
2000-05-01,215,4,4,1.0
2000-05-01,216,4,4,1.0
2000-05-01,217,4,4,1.0
2000-05-01,218,4,4,1.0
2000-05-01,219,4,4,1.0
2000-05-01,220,4,4,1.0
2000-05-01,221,4,4,1.0
2000-05-01,222,4,4,1.0
2000-05-01,223,4,4,1.0
2000-05-01,224,4,4,1.0
2000-05-01,225,4,4,1.0
2000-05-01,226,4,4,1.0
2000-05-01,227,4,4,1.0
2000-05-01,228,4,4,1.0
2000-05-01,229,4,4,1.0
2000-05-01,230,4,4,1.0
2000-05-01,231,4,4,1.0
2000-05-01,232,4,4,1.0
2000-05-01,233,4,4,1.0
2000-06-01,115,6,6,1.0
2000-06-01,116,6,6,1.0
2000-06-01,117,6,6,1.0
2000-06-01,118,6,6,1.0
2000-06-01,119,6,6,1.0
2000-06-01,120,6,6,1.0
2000-06-01,121,6,6,1.0
2000-06-01,122,6,6,1.0
2000-06-01,123,6,6,1.0
2000-06-01,124,6,6,1.0
2000-06-01,125,6,6,1.0
2000-06-01,126,6,6,1.0
2000-06-01,127,6,6,1.0
2000-06-01,128,6,6,1.0
2000-06-01,129,6,6,1.0
2000-06-01,130,6,6,1.0
2000-06-01,131,6,6,1.0
2000-06-01,132,6,6,1.0
2000-06-01,133,6,6,1.0
2000-06-01,134,6,6,1.0
2000-06-01,135,6,6,1.0
2000-06-01,136,6,6,1.0
2000-06-01,137,6,6,1.0
2000-06-01,138,6,6,1.0
2000-06-01,139,6,6,1.0
2000-06-01,140,6,6,1.0
2000-06-01,141,6,6,1.0
2000-06-01,142,6,6,1.0
2000-06-01,143,6,6,1.0
2000-06-01,144,6,6,1.0
2000-06-01,145,6,6,1.0
2000-06-01,146,6,6,1.0
2000-06-01,147,6,6,1.0
2000-06-01,148,6,6,1.0
2000-06-01,149,6,6,1.0
2000-06-01,150,6,6,1.0
2000-06-01,151,6,6,1.0
2000-06-01,152,6,6,1.0
2000-06-01,153,6,6,1.0
2000-06-01,154,6,6,1.0
2000-06-01,155,6,6,1.0
2000-06-01,156,6,6,1.0
2000-06-01,157,6,6,1.0
2000-06-01,158,6,6,1.0
2000-06-01,159,6,6,1.0
2000-06-01,160,6,6,1.0
2000-06-01,161,6,6,1.0
2000-06-01,162,6,6,1.0
2000-06-01,163,6,6,1.0
2000-06-01,164,6,6,1.0
2000-06-01,165,6,6,1.0
2000-06-01,166,6,6,1.0
2000-06-01,167,6,6,1.0
2000-06-01,168,6,6,1.0
2000-06-01,169,6,6,1.0
2000-06-01,170,6,6,1.0
2000-06-01,171,6,6,1.0
2000-06-01,172,6,6,1.0
2000-06-01,173,6,6,1.0
2000-06-01,174,6,6,1.0
2000-06-01,175,6,6,1.0
2000-06-01,176,6,6,1.0
2000-06-01,177,6,6,1.0
2000-06-01,178,6,6,1.0
2000-06-01,179,6,6,1.0
2000-06-01,180,6,6,1.0
2000-06-01,181,6,6,1.0
2000-06-01,182,6,6,1.0
2000-06-01,183,6,6,1.0
2000-06-01,184,6,6,1.0
2000-06-01,185,6,6,1.0
2000-06-01,186,6,6,1.0
2000-06-01,187,6,6,1.0
2000-06-01,188,6,6,1.0
2000-06-01,189,6,6,1.0
2000-06-01,190,6,6,1.0
2000-06-01,191,6,6,1.0
2000-06-01,192,6,6,1.0
2000-06-01,193,6,6,1.0
2000-06-01,194,6,6,1.0
2000-06-01,195,6,6,1.0
2000-06-01,196,6,6,1.0
2000-06-01,197,6,6,1.0
2000-06-01,198,6,6,1.0
2000-06-01,199,6,6,1.0
2000-06-01,200,6,6,1.0
2000-06-01,201,6,6,1.0
2000-06-01,202,6,6,1.0
2000-06-01,203,6,6,1.0
2000-06-01,204,6,6,1.0
2000-06-01,205,6,6,1.0
2000-06-01,206,6,6,1.0
2000-06-01,207,6,6,1.0
2000-06-01,208,6,6,1.0
2000-06-01,209,6,6,1.0
2000-06-01,210,6,6,1.0
2000-06-01,211,6,6,1.0
2000-06-01,212,6,6,1.0
2000-06-01,213,6,6,1.0
2000-06-01,214,6,6,1.0
2000-06-01,215,6,6,1.0
2000-06-01,216,6,6,1.0
2000-06-01,217,6,6,1.0
2000-06-01,218,6,6,1.0
2000-06-01,219,6,6,1.0
2000-06-01,220,6,6,1.0
2000-06-01,221,6,6,1.0
2000-06-01,222,6,6,1.0
2000-06-01,223,6,6,1.0
2000-06-01,224,6,6,1.0
2000-06-01,225,6,6,1.0
2000-06-01,226,6,6,1.0
2000-06-01,227,6,6,1.0
2000-06-01,228,6,6,1.0
2000-06-01,229,6,6,1.0
2000-06-01,230,6,6,1.0
2000-06-01,231,6,6,1.0
2000-06-01,232,6,6,1.0
2000-07-01,114,5,6,0.8333333333333334
2000-07-01,115,5,6,0.8333333333333334
2000-07-01,116,5,6,0.8333333333333334
2000-07-01,117,5,6,0.8333333333333334
2000-07-01,118,5,6,0.8333333333333334
2000-07-01,119,5,6,0.8333333333333334
2000-07-01,120,5,6,0.8333333333333334
2000-07-01,121,5,6,0.8333333333333334
2000-07-01,122,5,6,0.8333333333333334
2000-07-01,123,5,6,0.8333333333333334
2000-07-01,124,5,6,0.8333333333333334
2000-07-01,125,5,6,0.8333333333333334
2000-07-01,126,5,6,0.8333333333333334
2000-07-01,127,5,6,0.8333333333333334
2000-07-01,128,5,6,0.8333333333333334
2000-07-01,129,5,6,0.8333333333333334
2000-07-01,130,5,6,0.8333333333333334
2000-07-01,131,5,6,0.8333333333333334
2000-07-01,132,5,6,0.8333333333333334
2000-07-01,133,5,6,0.8333333333333334
2000-07-01,134,5,6,0.8333333333333334
2000-07-01,135,5,6,0.8333333333333334
2000-07-01,136,5,6,0.8333333333333334
2000-07-01,137,5,6,0.8333333333333334
2000-07-01,138,5,6,0.8333333333333334
2000-07-01,139,5,6,0.8333333333333334
2000-07-01,140,5,6,0.8333333333333334
2000-07-01,141,5,6,0.8333333333333334
2000-07-01,142,5,6,0.8333333333333334
2000-07-01,143,5,6,0.8333333333333334
2000-07-01,144,5,6,0.8333333333333334
2000-07-01,145,5,6,0.8333333333333334
2000-07-01,146,5,6,0.8333333333333334
2000-07-01,147,5,6,0.8333333333333334
2000-07-01,148,5,6,0.8333333333333334
2000-07-01,149,5,6,0.8333333333333334
2000-07-01,150,5,6,0.8333333333333334
2000-07-01,151,5,6,0.8333333333333334
2000-07-01,152,5,6,0.8333333333333334
2000-07-01,153,5,6,0.8333333333333334
2000-07-01,154,5,6,0.8333333333333334
2000-07-01,155,5,6,0.8333333333333334
2000-07-01,156,5,6,0.8333333333333334
2000-07-01,157,5,6,0.8333333333333334
2000-07-01,158,5,6,0.8333333333333334
2000-07-01,159,5,6,0.8333333333333334
2000-07-01,160,5,6,0.8333333333333334
2000-07-01,161,5,6,0.8333333333333334
2000-07-01,162,5,6,0.8333333333333334
2000-07-01,163,5,6,0.8333333333333334
2000-07-01,164,5,6,0.8333333333333334
2000-07-01,165,5,6,0.8333333333333334
2000-07-01,166,5,6,0.8333333333333334
2000-07-01,167,5,6,0.8333333333333334
2000-07-01,168,5,6,0.8333333333333334
2000-07-01,169,5,6,0.8333333333333334
2000-07-01,170,5,6,0.8333333333333334
2000-07-01,171,5,6,0.8333333333333334
2000-07-01,172,5,6,0.8333333333333334
2000-07-01,173,5,6,0.8333333333333334
2000-07-01,174,5,6,0.8333333333333334
2000-07-01,175,5,6,0.8333333333333334
2000-07-01,176,5,6,0.8333333333333334
2000-07-01,177,5,6,0.8333333333333334
2000-07-01,178,5,6,0.8333333333333334
2000-07-01,179,5,6,0.8333333333333334
2000-07-01,180,5,6,0.8333333333333334
2000-07-01,181,5,6,0.8333333333333334
2000-07-01,182,5,6,0.8333333333333334
2000-07-01,183,5,6,0.8333333333333334
2000-07-01,184,5,6,0.8333333333333334
2000-07-01,185,5,6,0.8333333333333334
2000-07-01,186,5,6,0.8333333333333334
2000-07-01,187,5,6,0.8333333333333334
2000-07-01,188,5,6,0.8333333333333334
2000-07-01,189,5,6,0.8333333333333334
2000-07-01,190,5,6,0.8333333333333334
2000-07-01,191,5,6,0.8333333333333334
2000-07-01,192,5,6,0.8333333333333334
2000-07-01,193,5,6,0.8333333333333334
2000-07-01,194,5,6,0.8333333333333334
2000-07-01,195,5,6,0.8333333333333334
2000-07-01,196,5,6,0.8333333333333334
2000-07-01,197,5,6,0.8333333333333334
2000-07-01,198,5,6,0.8333333333333334
2000-07-01,199,5,6,0.8333333333333334
2000-07-01,200,5,6,0.8333333333333334
2000-07-01,201,5,6,0.8333333333333334
2000-07-01,202,5,6,0.8333333333333334
2000-07-01,203,5,6,0.8333333333333334
2000-07-01,204,5,6,0.8333333333333334
2000-07-01,205,5,6,0.8333333333333334
2000-07-01,206,5,6,0.8333333333333334
2000-07-01,207,5,6,0.8333333333333334
2000-07-01,208,5,6,0.8333333333333334
2000-07-01,209,5,6,0.8333333333333334
2000-07-01,210,5,6,0.8333333333333334
2000-07-01,211,5,6,0.8333333333333334
2000-07-01,212,5,6,0.8333333333333334
2000-07-01,213,5,6,0.8333333333333334
2000-07-01,214,5,6,0.8333333333333334
2000-07-01,215,5,6,0.8333333333333334
2000-07-01,216,5,6,0.8333333333333334
2000-07-01,217,5,6,0.8333333333333334
2000-07-01,218,5,6,0.8333333333333334
2000-07-01,219,5,6,0.8333333333333334
2000-07-01,220,5,6,0.8333333333333334
2000-07-01,221,5,6,0.8333333333333334
2000-07-01,222,5,6,0.8333333333333334
2000-07-01,223,5,6,0.8333333333333334
2000-07-01,224,5,6,0.8333333333333334
2000-07-01,225,5,6,0.8333333333333334
2000-07-01,226,5,6,0.8333333333333334
2000-07-01,227,5,6,0.8333333333333334
2000-07-01,228,5,6,0.8333333333333334
2000-07-01,229,5,6,0.8333333333333334
2000-07-01,230,5,6,0.8333333333333334
2000-07-01,231,5,6,0.8333333333333334
2000-08-01,113,1,1,1.0
2000-08-01,114,1,1,1.0
2000-08-01,115,1,1,1.0
2000-08-01,116,1,1,1.0
2000-08-01,117,1,1,1.0
2000-08-01,118,1,1,1.0
2000-08-01,119,1,1,1.0
2000-08-01,120,1,1,1.0
2000-08-01,121,1,1,1.0
2000-08-01,122,1,1,1.0
2000-08-01,123,1,1,1.0
2000-08-01,124,1,1,1.0
2000-08-01,125,1,1,1.0
2000-08-01,126,1,1,1.0
2000-08-01,127,1,1,1.0
2000-08-01,128,1,1,1.0
2000-08-01,129,1,1,1.0
2000-08-01,130,1,1,1.0
2000-08-01,131,1,1,1.0
2000-08-01,132,1,1,1.0
2000-08-01,133,1,1,1.0
2000-08-01,134,1,1,1.0
2000-08-01,135,1,1,1.0
2000-08-01,136,1,1,1.0
2000-08-01,137,1,1,1.0
2000-08-01,138,1,1,1.0
2000-08-01,139,1,1,1.0
2000-08-01,140,1,1,1.0
2000-08-01,141,1,1,1.0
2000-08-01,142,1,1,1.0
2000-08-01,143,1,1,1.0
2000-08-01,144,1,1,1.0
2000-08-01,145,1,1,1.0
2000-08-01,146,1,1,1.0
2000-08-01,147,1,1,1.0
2000-08-01,148,1,1,1.0
2000-08-01,149,1,1,1.0
2000-08-01,150,1,1,1.0
2000-08-01,151,1,1,1.0
2000-08-01,152,1,1,1.0
2000-08-01,153,1,1,1.0
2000-08-01,154,1,1,1.0
2000-08-01,155,1,1,1.0
2000-08-01,156,1,1,1.0
2000-08-01,157,1,1,1.0
2000-08-01,158,1,1,1.0
2000-08-01,159,1,1,1.0
2000-08-01,160,1,1,1.0
2000-08-01,161,1,1,1.0
2000-08-01,162,1,1,1.0
2000-08-01,163,1,1,1.0
2000-08-01,164,1,1,1.0
2000-08-01,165,1,1,1.0
2000-08-01,166,1,1,1.0
2000-08-01,167,1,1,1.0
2000-08-01,168,1,1,1.0
2000-08-01,169,1,1,1.0
2000-08-01,170,1,1,1.0
2000-08-01,171,1,1,1.0
2000-08-01,172,1,1,1.0
2000-08-01,173,1,1,1.0
2000-08-01,174,1,1,1.0
2000-08-01,175,1,1,1.0
2000-08-01,176,1,1,1.0
2000-08-01,177,1,1,1.0
2000-08-01,178,1,1,1.0
2000-08-01,179,1,1,1.0
2000-08-01,180,1,1,1.0
2000-08-01,181,1,1,1.0
2000-08-01,182,1,1,1.0
2000-08-01,183,1,1,1.0
2000-08-01,184,1,1,1.0
2000-08-01,185,1,1,1.0
2000-08-01,186,1,1,1.0
2000-08-01,187,1,1,1.0
2000-08-01,188,1,1,1.0
2000-08-01,189,1,1,1.0
2000-08-01,190,1,1,1.0
2000-08-01,191,1,1,1.0
2000-08-01,192,1,1,1.0
2000-08-01,193,1,1,1.0
2000-08-01,194,1,1,1.0
2000-08-01,195,1,1,1.0
2000-08-01,196,1,1,1.0
2000-08-01,197,1,1,1.0
2000-08-01,198,1,1,1.0
2000-08-01,199,1,1,1.0
2000-08-01,200,1,1,1.0
2000-08-01,201,1,1,1.0
2000-08-01,202,1,1,1.0
2000-08-01,203,1,1,1.0
2000-08-01,204,1,1,1.0
2000-08-01,205,1,1,1.0
2000-08-01,206,1,1,1.0
2000-08-01,207,1,1,1.0
2000-08-01,208,1,1,1.0
2000-08-01,209,1,1,1.0
2000-08-01,210,1,1,1.0
2000-08-01,211,1,1,1.0
2000-08-01,212,1,1,1.0
2000-08-01,213,1,1,1.0
2000-08-01,214,1,1,1.0
2000-08-01,215,1,1,1.0
2000-08-01,216,1,1,1.0
2000-08-01,217,1,1,1.0
2000-08-01,218,1,1,1.0
2000-08-01,219,1,1,1.0
2000-08-01,220,1,1,1.0
2000-08-01,221,1,1,1.0
2000-08-01,222,1,1,1.0
2000-08-01,223,1,1,1.0
2000-08-01,224,1,1,1.0
2000-08-01,225,1,1,1.0
2000-08-01,226,1,1,1.0
2000-08-01,227,1,1,1.0
2000-08-01,228,1,1,1.0
2000-08-01,229,1,1,1.0
2000-08-01,230,1,1,1.0
2000-09-01,112,3,3,1.0
2000-09-01,113,3,3,1.0
2000-09-01,114,3,3,1.0
2000-09-01,115,3,3,1.0
2000-09-01,116,3,3,1.0
2000-09-01,117,3,3,1.0
2000-09-01,118,3,3,1.0
2000-09-01,119,3,3,1.0
2000-09-01,120,3,3,1.0
2000-09-01,121,3,3,1.0
2000-09-01,122,3,3,1.0
2000-09-01,123,3,3,1.0
2000-09-01,124,3,3,1.0
2000-09-01,125,3,3,1.0
2000-09-01,126,3,3,1.0
2000-09-01,127,3,3,1.0
2000-09-01,128,3,3,1.0
2000-09-01,129,3,3,1.0
2000-09-01,130,3,3,1.0
2000-09-01,131,3,3,1.0
2000-09-01,132,3,3,1.0
2000-09-01,133,3,3,1.0
2000-09-01,134,3,3,1.0
2000-09-01,135,3,3,1.0
2000-09-01,136,3,3,1.0
2000-09-01,137,3,3,1.0
2000-09-01,138,3,3,1.0
2000-09-01,139,3,3,1.0
2000-09-01,140,3,3,1.0
2000-09-01,141,3,3,1.0
2000-09-01,142,3,3,1.0
2000-09-01,143,3,3,1.0
2000-09-01,144,3,3,1.0
2000-09-01,145,3,3,1.0
2000-09-01,146,3,3,1.0
2000-09-01,147,3,3,1.0
2000-09-01,148,3,3,1.0
2000-09-01,149,3,3,1.0
2000-09-01,150,3,3,1.0
2000-09-01,151,3,3,1.0
2000-09-01,152,3,3,1.0
2000-09-01,153,3,3,1.0
2000-09-01,154,3,3,1.0
2000-09-01,155,3,3,1.0
2000-09-01,156,3,3,1.0
2000-09-01,157,3,3,1.0
2000-09-01,158,3,3,1.0
2000-09-01,159,3,3,1.0
2000-09-01,160,3,3,1.0
2000-09-01,161,3,3,1.0
2000-09-01,162,3,3,1.0
2000-09-01,163,3,3,1.0
2000-09-01,164,3,3,1.0
2000-09-01,165,3,3,1.0
2000-09-01,166,3,3,1.0
2000-09-01,167,3,3,1.0
2000-09-01,168,3,3,1.0
2000-09-01,169,3,3,1.0
2000-09-01,170,3,3,1.0
2000-09-01,171,3,3,1.0
2000-09-01,172,3,3,1.0
2000-09-01,173,3,3,1.0
2000-09-01,174,3,3,1.0
2000-09-01,175,3,3,1.0
2000-09-01,176,3,3,1.0
2000-09-01,177,3,3,1.0
2000-09-01,178,3,3,1.0
2000-09-01,179,3,3,1.0
2000-09-01,180,3,3,1.0
2000-09-01,181,3,3,1.0
2000-09-01,182,3,3,1.0
2000-09-01,183,3,3,1.0
2000-09-01,184,3,3,1.0
2000-09-01,185,3,3,1.0
2000-09-01,186,3,3,1.0
2000-09-01,187,3,3,1.0
2000-09-01,188,3,3,1.0
2000-09-01,189,3,3,1.0
2000-09-01,190,3,3,1.0
2000-09-01,191,3,3,1.0
2000-09-01,192,3,3,1.0
2000-09-01,193,3,3,1.0
2000-09-01,194,3,3,1.0
2000-09-01,195,3,3,1.0
2000-09-01,196,3,3,1.0
2000-09-01,197,3,3,1.0
2000-09-01,198,3,3,1.0
2000-09-01,199,3,3,1.0
2000-09-01,200,3,3,1.0
2000-09-01,201,3,3,1.0
2000-09-01,202,3,3,1.0
2000-09-01,203,3,3,1.0
2000-09-01,204,3,3,1.0
2000-09-01,205,3,3,1.0
2000-09-01,206,3,3,1.0
2000-09-01,207,3,3,1.0
2000-09-01,208,3,3,1.0
2000-09-01,209,3,3,1.0
2000-09-01,210,3,3,1.0
2000-09-01,211,3,3,1.0
2000-09-01,212,3,3,1.0
2000-09-01,213,3,3,1.0
2000-09-01,214,3,3,1.0
2000-09-01,215,3,3,1.0
2000-09-01,216,3,3,1.0
2000-09-01,217,3,3,1.0
2000-09-01,218,3,3,1.0
2000-09-01,219,3,3,1.0
2000-09-01,220,3,3,1.0
2000-09-01,221,3,3,1.0
2000-09-01,222,3,3,1.0
2000-09-01,223,3,3,1.0
2000-09-01,224,3,3,1.0
2000-09-01,225,3,3,1.0
2000-09-01,226,3,3,1.0
2000-09-01,227,3,3,1.0
2000-09-01,228,3,3,1.0
2000-09-01,229,3,3,1.0
2000-10-01,111,5,5,1.0
2000-10-01,112,5,5,1.0
2000-10-01,113,5,5,1.0
2000-10-01,114,5,5,1.0
2000-10-01,115,5,5,1.0
2000-10-01,116,5,5,1.0
2000-10-01,117,5,5,1.0
2000-10-01,118,5,5,1.0
2000-10-01,119,5,5,1.0
2000-10-01,120,5,5,1.0
2000-10-01,121,5,5,1.0
2000-10-01,122,5,5,1.0
2000-10-01,123,5,5,1.0
2000-10-01,124,5,5,1.0
2000-10-01,125,5,5,1.0
2000-10-01,126,5,5,1.0
2000-10-01,127,5,5,1.0
2000-10-01,128,5,5,1.0
2000-10-01,129,5,5,1.0
2000-10-01,130,5,5,1.0
2000-10-01,131,5,5,1.0
2000-10-01,132,5,5,1.0
2000-10-01,133,5,5,1.0
2000-10-01,134,5,5,1.0
2000-10-01,135,5,5,1.0
2000-10-01,136,5,5,1.0
2000-10-01,137,5,5,1.0
2000-10-01,138,5,5,1.0
2000-10-01,139,5,5,1.0
2000-10-01,140,5,5,1.0
2000-10-01,141,5,5,1.0
2000-10-01,142,5,5,1.0
2000-10-01,143,5,5,1.0
2000-10-01,144,5,5,1.0
2000-10-01,145,5,5,1.0
2000-10-01,146,5,5,1.0
2000-10-01,147,5,5,1.0
2000-10-01,148,5,5,1.0
2000-10-01,149,5,5,1.0
2000-10-01,150,5,5,1.0
2000-10-01,151,5,5,1.0
2000-10-01,152,5,5,1.0
2000-10-01,153,5,5,1.0
2000-10-01,154,5,5,1.0
2000-10-01,155,5,5,1.0
2000-10-01,156,5,5,1.0
2000-10-01,157,5,5,1.0
2000-10-01,158,5,5,1.0
2000-10-01,159,5,5,1.0
2000-10-01,160,5,5,1.0
2000-10-01,161,5,5,1.0
2000-10-01,162,5,5,1.0
2000-10-01,163,5,5,1.0
2000-10-01,164,5,5,1.0
2000-10-01,165,5,5,1.0
2000-10-01,166,5,5,1.0
2000-10-01,167,5,5,1.0
2000-10-01,168,5,5,1.0
2000-10-01,169,5,5,1.0
2000-10-01,170,5,5,1.0
2000-10-01,171,5,5,1.0
2000-10-01,172,5,5,1.0
2000-10-01,173,5,5,1.0
2000-10-01,174,5,5,1.0
2000-10-01,175,5,5,1.0
2000-10-01,176,5,5,1.0
2000-10-01,177,5,5,1.0
2000-10-01,178,5,5,1.0
2000-10-01,179,5,5,1.0
2000-10-01,180,5,5,1.0
2000-10-01,181,5,5,1.0
2000-10-01,182,5,5,1.0
2000-10-01,183,5,5,1.0
2000-10-01,184,5,5,1.0
2000-10-01,185,5,5,1.0
2000-10-01,186,5,5,1.0
2000-10-01,187,5,5,1.0
2000-10-01,188,5,5,1.0
2000-10-01,189,5,5,1.0
2000-10-01,190,5,5,1.0
2000-10-01,191,5,5,1.0
2000-10-01,192,5,5,1.0
2000-10-01,193,5,5,1.0
2000-10-01,194,5,5,1.0
2000-10-01,195,5,5,1.0
2000-10-01,196,5,5,1.0
2000-10-01,197,5,5,1.0
2000-10-01,198,5,5,1.0
2000-10-01,199,5,5,1.0
2000-10-01,200,5,5,1.0
2000-10-01,201,5,5,1.0
2000-10-01,202,5,5,1.0
2000-10-01,203,5,5,1.0
2000-10-01,204,5,5,1.0
2000-10-01,205,5,5,1.0
2000-10-01,206,5,5,1.0
2000-10-01,207,5,5,1.0
2000-10-01,208,5,5,1.0
2000-10-01,209,5,5,1.0
2000-10-01,210,5,5,1.0
2000-10-01,211,5,5,1.0
2000-10-01,212,5,5,1.0
2000-10-01,213,5,5,1.0
2000-10-01,214,5,5,1.0
2000-10-01,215,5,5,1.0
2000-10-01,216,5,5,1.0
2000-10-01,217,5,5,1.0
2000-10-01,218,5,5,1.0
2000-10-01,219,5,5,1.0
2000-10-01,220,5,5,1.0
2000-10-01,221,5,5,1.0
2000-10-01,222,5,5,1.0
2000-10-01,223,5,5,1.0
2000-10-01,224,5,5,1.0
2000-10-01,225,5,5,1.0
2000-10-01,226,5,5,1.0
2000-10-01,227,5,5,1.0
2000-10-01,228,5,5,1.0
2000-11-01,110,4,4,1.0
2000-11-01,111,4,4,1.0
2000-11-01,112,4,4,1.0
2000-11-01,113,4,4,1.0
2000-11-01,114,4,4,1.0
2000-11-01,115,4,4,1.0
2000-11-01,116,4,4,1.0
2000-11-01,117,4,4,1.0
2000-11-01,118,4,4,1.0
2000-11-01,119,4,4,1.0
2000-11-01,120,4,4,1.0
2000-11-01,121,4,4,1.0
2000-11-01,122,4,4,1.0
2000-11-01,123,4,4,1.0
2000-11-01,124,4,4,1.0
2000-11-01,125,4,4,1.0
2000-11-01,126,4,4,1.0
2000-11-01,127,4,4,1.0
2000-11-01,128,4,4,1.0
2000-11-01,129,4,4,1.0
2000-11-01,130,4,4,1.0
2000-11-01,131,4,4,1.0
2000-11-01,132,4,4,1.0
2000-11-01,133,4,4,1.0
2000-11-01,134,4,4,1.0
2000-11-01,135,4,4,1.0
2000-11-01,136,4,4,1.0
2000-11-01,137,4,4,1.0
2000-11-01,138,4,4,1.0
2000-11-01,139,4,4,1.0
2000-11-01,140,4,4,1.0
2000-11-01,141,4,4,1.0
2000-11-01,142,4,4,1.0
2000-11-01,143,4,4,1.0
2000-11-01,144,4,4,1.0
2000-11-01,145,4,4,1.0
2000-11-01,146,4,4,1.0
2000-11-01,147,4,4,1.0
2000-11-01,148,4,4,1.0
2000-11-01,149,4,4,1.0
2000-11-01,150,4,4,1.0
2000-11-01,151,4,4,1.0
2000-11-01,152,4,4,1.0
2000-11-01,153,4,4,1.0
2000-11-01,154,4,4,1.0
2000-11-01,155,4,4,1.0
2000-11-01,156,4,4,1.0
2000-11-01,157,4,4,1.0
2000-11-01,158,4,4,1.0
2000-11-01,159,4,4,1.0
2000-11-01,160,4,4,1.0
2000-11-01,161,4,4,1.0
2000-11-01,162,4,4,1.0
2000-11-01,163,4,4,1.0
2000-11-01,164,4,4,1.0
2000-11-01,165,4,4,1.0
2000-11-01,166,4,4,1.0
2000-11-01,167,4,4,1.0
2000-11-01,168,4,4,1.0
2000-11-01,169,4,4,1.0
2000-11-01,170,4,4,1.0
2000-11-01,171,4,4,1.0
2000-11-01,172,4,4,1.0
2000-11-01,173,4,4,1.0
2000-11-01,174,4,4,1.0
2000-11-01,175,4,4,1.0
2000-11-01,176,4,4,1.0
2000-11-01,177,4,4,1.0
2000-11-01,178,4,4,1.0
2000-11-01,179,4,4,1.0
2000-11-01,180,4,4,1.0
2000-11-01,181,4,4,1.0
2000-11-01,182,4,4,1.0
2000-11-01,183,4,4,1.0
2000-11-01,184,4,4,1.0
2000-11-01,185,4,4,1.0
2000-11-01,186,4,4,1.0
2000-11-01,187,4,4,1.0
2000-11-01,188,4,4,1.0
2000-11-01,189,4,4,1.0
2000-11-01,190,4,4,1.0
2000-11-01,191,4,4,1.0
2000-11-01,192,4,4,1.0
2000-11-01,193,4,4,1.0
2000-11-01,194,4,4,1.0
2000-11-01,195,4,4,1.0
2000-11-01,196,4,4,1.0
2000-11-01,197,4,4,1.0
2000-11-01,198,4,4,1.0
2000-11-01,199,4,4,1.0
2000-11-01,200,4,4,1.0
2000-11-01,201,4,4,1.0
2000-11-01,202,4,4,1.0
2000-11-01,203,4,4,1.0
2000-11-01,204,4,4,1.0
2000-11-01,205,4,4,1.0
2000-11-01,206,4,4,1.0
2000-11-01,207,4,4,1.0
2000-11-01,208,4,4,1.0
2000-11-01,209,4,4,1.0
2000-11-01,210,4,4,1.0
2000-11-01,211,4,4,1.0
2000-11-01,212,4,4,1.0
2000-11-01,213,4,4,1.0
2000-11-01,214,4,4,1.0
2000-11-01,215,4,4,1.0
2000-11-01,216,4,4,1.0
2000-11-01,217,4,4,1.0
2000-11-01,218,4,4,1.0
2000-11-01,219,4,4,1.0
2000-11-01,220,4,4,1.0
2000-11-01,221,4,4,1.0
2000-11-01,222,4,4,1.0
2000-11-01,223,4,4,1.0
2000-11-01,224,4,4,1.0
2000-11-01,225,4,4,1.0
2000-11-01,226,4,4,1.0
2000-11-01,227,4,4,1.0
2000-12-01,109,2,3,0.6666666666666666
2000-12-01,110,2,3,0.6666666666666666
2000-12-01,111,2,3,0.6666666666666666
2000-12-01,112,2,3,0.6666666666666666
2000-12-01,113,2,3,0.6666666666666666
2000-12-01,114,2,3,0.6666666666666666
2000-12-01,115,2,3,0.6666666666666666
2000-12-01,116,2,3,0.6666666666666666
2000-12-01,117,2,3,0.6666666666666666
2000-12-01,118,2,3,0.6666666666666666
2000-12-01,119,2,3,0.6666666666666666
2000-12-01,120,2,3,0.6666666666666666
2000-12-01,121,2,3,0.6666666666666666
2000-12-01,122,2,3,0.6666666666666666
2000-12-01,123,2,3,0.6666666666666666
2000-12-01,124,2,3,0.6666666666666666
2000-12-01,125,2,3,0.6666666666666666
2000-12-01,126,2,3,0.6666666666666666
2000-12-01,127,2,3,0.6666666666666666
2000-12-01,128,2,3,0.6666666666666666
2000-12-01,129,2,3,0.6666666666666666
2000-12-01,130,2,3,0.6666666666666666
2000-12-01,131,2,3,0.6666666666666666
2000-12-01,132,2,3,0.6666666666666666
2000-12-01,133,2,3,0.6666666666666666
2000-12-01,134,2,3,0.6666666666666666
2000-12-01,135,2,3,0.6666666666666666
2000-12-01,136,2,3,0.6666666666666666
2000-12-01,137,2,3,0.6666666666666666
2000-12-01,138,2,3,0.6666666666666666
2000-12-01,139,2,3,0.6666666666666666
2000-12-01,140,2,3,0.6666666666666666
2000-12-01,141,2,3,0.6666666666666666
2000-12-01,142,2,3,0.6666666666666666
2000-12-01,143,2,3,0.6666666666666666
2000-12-01,144,2,3,0.6666666666666666
2000-12-01,145,2,3,0.6666666666666666
2000-12-01,146,2,3,0.6666666666666666
2000-12-01,147,2,3,0.6666666666666666
2000-12-01,148,2,3,0.6666666666666666
2000-12-01,149,2,3,0.6666666666666666
2000-12-01,150,2,3,0.6666666666666666
2000-12-01,151,2,3,0.6666666666666666
2000-12-01,152,2,3,0.6666666666666666
2000-12-01,153,2,3,0.6666666666666666
2000-12-01,154,2,3,0.6666666666666666
2000-12-01,155,2,3,0.6666666666666666
2000-12-01,156,2,3,0.6666666666666666
2000-12-01,157,2,3,0.6666666666666666
2000-12-01,158,2,3,0.6666666666666666
2000-12-01,159,2,3,0.6666666666666666
2000-12-01,160,2,3,0.6666666666666666
2000-12-01,161,2,3,0.6666666666666666
2000-12-01,162,2,3,0.6666666666666666
2000-12-01,163,2,3,0.6666666666666666
2000-12-01,164,2,3,0.6666666666666666
2000-12-01,165,2,3,0.6666666666666666
2000-12-01,166,2,3,0.6666666666666666
2000-12-01,167,2,3,0.6666666666666666
2000-12-01,168,2,3,0.6666666666666666
2000-12-01,169,2,3,0.6666666666666666
2000-12-01,170,2,3,0.6666666666666666
2000-12-01,171,2,3,0.6666666666666666
2000-12-01,172,2,3,0.6666666666666666
2000-12-01,173,2,3,0.6666666666666666
2000-12-01,174,2,3,0.6666666666666666
2000-12-01,175,2,3,0.6666666666666666
2000-12-01,176,2,3,0.6666666666666666
2000-12-01,177,2,3,0.6666666666666666
2000-12-01,178,2,3,0.6666666666666666
2000-12-01,179,2,3,0.6666666666666666
2000-12-01,180,2,3,0.6666666666666666
2000-12-01,181,2,3,0.6666666666666666
2000-12-01,182,2,3,0.6666666666666666
2000-12-01,183,2,3,0.6666666666666666
2000-12-01,184,2,3,0.6666666666666666
2000-12-01,185,2,3,0.6666666666666666
2000-12-01,186,2,3,0.6666666666666666
2000-12-01,187,2,3,0.6666666666666666
2000-12-01,188,2,3,0.6666666666666666
2000-12-01,189,2,3,0.6666666666666666
2000-12-01,190,2,3,0.6666666666666666
2000-12-01,191,2,3,0.6666666666666666
2000-12-01,192,2,3,0.6666666666666666
2000-12-01,193,2,3,0.6666666666666666
2000-12-01,194,2,3,0.6666666666666666
2000-12-01,195,2,3,0.6666666666666666
2000-12-01,196,2,3,0.6666666666666666
2000-12-01,197,2,3,0.6666666666666666
2000-12-01,198,2,3,0.6666666666666666
2000-12-01,199,2,3,0.6666666666666666
2000-12-01,200,2,3,0.6666666666666666
2000-12-01,201,2,3,0.6666666666666666
2000-12-01,202,2,3,0.6666666666666666
2000-12-01,203,2,3,0.6666666666666666
2000-12-01,204,2,3,0.6666666666666666
2000-12-01,205,2,3,0.6666666666666666
2000-12-01,206,2,3,0.6666666666666666
2000-12-01,207,2,3,0.6666666666666666
2000-12-01,208,2,3,0.6666666666666666
2000-12-01,209,2,3,0.6666666666666666
2000-12-01,210,2,3,0.6666666666666666
2000-12-01,211,2,3,0.6666666666666666
2000-12-01,212,2,3,0.6666666666666666
2000-12-01,213,2,3,0.6666666666666666
2000-12-01,214,2,3,0.6666666666666666
2000-12-01,215,2,3,0.6666666666666666
2000-12-01,216,2,3,0.6666666666666666
2000-12-01,217,2,3,0.6666666666666666
2000-12-01,218,2,3,0.6666666666666666
2000-12-01,219,2,3,0.6666666666666666
2000-12-01,220,2,3,0.6666666666666666
2000-12-01,221,2,3,0.6666666666666666
2000-12-01,222,2,3,0.6666666666666666
2000-12-01,223,2,3,0.6666666666666666
2000-12-01,224,2,3,0.6666666666666666
2000-12-01,225,2,3,0.6666666666666666
2000-12-01,226,2,3,0.6666666666666666
2001-01-01,108,7,7,1.0
2001-01-01,109,7,7,1.0
2001-01-01,110,7,7,1.0
2001-01-01,111,7,7,1.0
2001-01-01,112,7,7,1.0
2001-01-01,113,7,7,1.0
2001-01-01,114,7,7,1.0
2001-01-01,115,7,7,1.0
2001-01-01,116,7,7,1.0
2001-01-01,117,7,7,1.0
2001-01-01,118,7,7,1.0
2001-01-01,119,7,7,1.0
2001-01-01,120,7,7,1.0
2001-01-01,121,7,7,1.0
2001-01-01,122,7,7,1.0
2001-01-01,123,7,7,1.0
2001-01-01,124,7,7,1.0
2001-01-01,125,7,7,1.0
2001-01-01,126,7,7,1.0
2001-01-01,127,7,7,1.0
2001-01-01,128,7,7,1.0
2001-01-01,129,7,7,1.0
2001-01-01,130,7,7,1.0
2001-01-01,131,7,7,1.0
2001-01-01,132,7,7,1.0
2001-01-01,133,7,7,1.0
2001-01-01,134,7,7,1.0
2001-01-01,135,7,7,1.0
2001-01-01,136,7,7,1.0
2001-01-01,137,7,7,1.0
2001-01-01,138,7,7,1.0
2001-01-01,139,7,7,1.0
2001-01-01,140,7,7,1.0
2001-01-01,141,7,7,1.0
2001-01-01,142,7,7,1.0
2001-01-01,143,7,7,1.0
2001-01-01,144,7,7,1.0
2001-01-01,145,7,7,1.0
2001-01-01,146,7,7,1.0
2001-01-01,147,7,7,1.0
2001-01-01,148,7,7,1.0
2001-01-01,149,7,7,1.0
2001-01-01,150,7,7,1.0
2001-01-01,151,7,7,1.0
2001-01-01,152,7,7,1.0
2001-01-01,153,7,7,1.0
2001-01-01,154,7,7,1.0
2001-01-01,155,7,7,1.0
2001-01-01,156,7,7,1.0
2001-01-01,157,7,7,1.0
2001-01-01,158,7,7,1.0
2001-01-01,159,7,7,1.0
2001-01-01,160,7,7,1.0
2001-01-01,161,7,7,1.0
2001-01-01,162,7,7,1.0
2001-01-01,163,7,7,1.0
2001-01-01,164,7,7,1.0
2001-01-01,165,7,7,1.0
2001-01-01,166,7,7,1.0
2001-01-01,167,7,7,1.0
2001-01-01,168,7,7,1.0
2001-01-01,169,7,7,1.0
2001-01-01,170,7,7,1.0
2001-01-01,171,7,7,1.0
2001-01-01,172,7,7,1.0
2001-01-01,173,7,7,1.0
2001-01-01,174,7,7,1.0
2001-01-01,175,7,7,1.0
2001-01-01,176,7,7,1.0
2001-01-01,177,7,7,1.0
2001-01-01,178,7,7,1.0
2001-01-01,179,7,7,1.0
2001-01-01,180,7,7,1.0
2001-01-01,181,7,7,1.0
2001-01-01,182,7,7,1.0
2001-01-01,183,7,7,1.0
2001-01-01,184,7,7,1.0
2001-01-01,185,7,7,1.0
2001-01-01,186,7,7,1.0
2001-01-01,187,7,7,1.0
2001-01-01,188,7,7,1.0
2001-01-01,189,7,7,1.0
2001-01-01,190,7,7,1.0
2001-01-01,191,7,7,1.0
2001-01-01,192,7,7,1.0
2001-01-01,193,7,7,1.0
2001-01-01,194,7,7,1.0
2001-01-01,195,7,7,1.0
2001-01-01,196,7,7,1.0
2001-01-01,197,7,7,1.0
2001-01-01,198,7,7,1.0
2001-01-01,199,7,7,1.0
2001-01-01,200,7,7,1.0
2001-01-01,201,7,7,1.0
2001-01-01,202,7,7,1.0
2001-01-01,203,7,7,1.0
2001-01-01,204,7,7,1.0
2001-01-01,205,7,7,1.0
2001-01-01,206,7,7,1.0
2001-01-01,207,7,7,1.0
2001-01-01,208,7,7,1.0
2001-01-01,209,7,7,1.0
2001-01-01,210,7,7,1.0
2001-01-01,211,7,7,1.0
2001-01-01,212,7,7,1.0
2001-01-01,213,7,7,1.0
2001-01-01,214,7,7,1.0
2001-01-01,215,7,7,1.0
2001-01-01,216,7,7,1.0
2001-01-01,217,7,7,1.0
2001-01-01,218,7,7,1.0
2001-01-01,219,7,7,1.0
2001-01-01,220,7,7,1.0
2001-01-01,221,7,7,1.0
2001-01-01,222,7,7,1.0
2001-01-01,223,7,7,1.0
2001-01-01,224,7,7,1.0
2001-01-01,225,7,7,1.0
2001-02-01,107,6,9,0.6666666666666666
2001-02-01,108,6,9,0.6666666666666666
2001-02-01,109,6,9,0.6666666666666666
2001-02-01,110,6,9,0.6666666666666666
2001-02-01,111,6,9,0.6666666666666666
2001-02-01,112,6,9,0.6666666666666666
2001-02-01,113,6,9,0.6666666666666666
2001-02-01,114,6,9,0.6666666666666666
2001-02-01,115,6,9,0.6666666666666666
2001-02-01,116,6,9,0.6666666666666666
2001-02-01,117,6,9,0.6666666666666666
2001-02-01,118,6,9,0.6666666666666666
2001-02-01,119,6,9,0.6666666666666666
2001-02-01,120,6,9,0.6666666666666666
2001-02-01,121,6,9,0.6666666666666666
2001-02-01,122,6,9,0.6666666666666666
2001-02-01,123,6,9,0.6666666666666666
2001-02-01,124,6,9,0.6666666666666666
2001-02-01,125,6,9,0.6666666666666666
2001-02-01,126,6,9,0.6666666666666666
2001-02-01,127,6,9,0.6666666666666666
2001-02-01,128,6,9,0.6666666666666666
2001-02-01,129,6,9,0.6666666666666666
2001-02-01,130,6,9,0.6666666666666666
2001-02-01,131,6,9,0.6666666666666666
2001-02-01,132,6,9,0.6666666666666666
2001-02-01,133,6,9,0.6666666666666666
2001-02-01,134,6,9,0.6666666666666666
2001-02-01,135,6,9,0.6666666666666666
2001-02-01,136,6,9,0.6666666666666666
2001-02-01,137,6,9,0.6666666666666666
2001-02-01,138,6,9,0.6666666666666666
2001-02-01,139,6,9,0.6666666666666666
2001-02-01,140,6,9,0.6666666666666666
2001-02-01,141,6,9,0.6666666666666666
2001-02-01,142,6,9,0.6666666666666666
2001-02-01,143,6,9,0.6666666666666666
2001-02-01,144,6,9,0.6666666666666666
2001-02-01,145,6,9,0.6666666666666666
2001-02-01,146,6,9,0.6666666666666666
2001-02-01,147,6,9,0.6666666666666666
2001-02-01,148,6,9,0.6666666666666666
2001-02-01,149,6,9,0.6666666666666666
2001-02-01,150,6,9,0.6666666666666666
2001-02-01,151,6,9,0.6666666666666666
2001-02-01,152,6,9,0.6666666666666666
2001-02-01,153,6,9,0.6666666666666666
2001-02-01,154,6,9,0.6666666666666666
2001-02-01,155,6,9,0.6666666666666666
2001-02-01,156,6,9,0.6666666666666666
2001-02-01,157,6,9,0.6666666666666666
2001-02-01,158,6,9,0.6666666666666666
2001-02-01,159,6,9,0.6666666666666666
2001-02-01,160,6,9,0.6666666666666666
2001-02-01,161,6,9,0.6666666666666666
2001-02-01,162,6,9,0.6666666666666666
2001-02-01,163,6,9,0.6666666666666666
2001-02-01,164,6,9,0.6666666666666666
2001-02-01,165,6,9,0.6666666666666666
2001-02-01,166,6,9,0.6666666666666666
2001-02-01,167,6,9,0.6666666666666666
2001-02-01,168,6,9,0.6666666666666666
2001-02-01,169,6,9,0.6666666666666666
2001-02-01,170,6,9,0.6666666666666666
2001-02-01,171,6,9,0.6666666666666666
2001-02-01,172,6,9,0.6666666666666666
2001-02-01,173,6,9,0.6666666666666666
2001-02-01,174,6,9,0.6666666666666666
2001-02-01,175,6,9,0.6666666666666666
2001-02-01,176,6,9,0.6666666666666666
2001-02-01,177,6,9,0.6666666666666666
2001-02-01,178,6,9,0.6666666666666666
2001-02-01,179,6,9,0.6666666666666666
2001-02-01,180,6,9,0.6666666666666666
2001-02-01,181,6,9,0.6666666666666666
2001-02-01,182,6,9,0.6666666666666666
2001-02-01,183,6,9,0.6666666666666666
2001-02-01,184,6,9,0.6666666666666666
2001-02-01,185,6,9,0.6666666666666666
2001-02-01,186,6,9,0.6666666666666666
2001-02-01,187,6,9,0.6666666666666666
2001-02-01,188,6,9,0.6666666666666666
2001-02-01,189,6,9,0.6666666666666666
2001-02-01,190,6,9,0.6666666666666666
2001-02-01,191,6,9,0.6666666666666666
2001-02-01,192,6,9,0.6666666666666666
2001-02-01,193,6,9,0.6666666666666666
2001-02-01,194,6,9,0.6666666666666666
2001-02-01,195,6,9,0.6666666666666666
2001-02-01,196,6,9,0.6666666666666666
2001-02-01,197,6,9,0.6666666666666666
2001-02-01,198,6,9,0.6666666666666666
2001-02-01,199,6,9,0.6666666666666666
2001-02-01,200,6,9,0.6666666666666666
2001-02-01,201,6,9,0.6666666666666666
2001-02-01,202,6,9,0.6666666666666666
2001-02-01,203,6,9,0.6666666666666666
2001-02-01,204,6,9,0.6666666666666666
2001-02-01,205,6,9,0.6666666666666666
2001-02-01,206,6,9,0.6666666666666666
2001-02-01,207,6,9,0.6666666666666666
2001-02-01,208,6,9,0.6666666666666666
2001-02-01,209,6,9,0.6666666666666666
2001-02-01,210,6,9,0.6666666666666666
2001-02-01,211,6,9,0.6666666666666666
2001-02-01,212,6,9,0.6666666666666666
2001-02-01,213,6,9,0.6666666666666666
2001-02-01,214,6,9,0.6666666666666666
2001-02-01,215,6,9,0.6666666666666666
2001-02-01,216,6,9,0.6666666666666666
2001-02-01,217,6,9,0.6666666666666666
2001-02-01,218,6,9,0.6666666666666666
2001-02-01,219,6,9,0.6666666666666666
2001-02-01,220,6,9,0.6666666666666666
2001-02-01,221,6,9,0.6666666666666666
2001-02-01,222,6,9,0.6666666666666666
2001-02-01,223,6,9,0.6666666666666666
2001-02-01,224,6,9,0.6666666666666666
2001-03-01,106,10,10,1.0
2001-03-01,107,10,10,1.0
2001-03-01,108,10,10,1.0
2001-03-01,109,10,10,1.0
2001-03-01,110,10,10,1.0
2001-03-01,111,10,10,1.0
2001-03-01,112,10,10,1.0
2001-03-01,113,10,10,1.0
2001-03-01,114,10,10,1.0
2001-03-01,115,10,10,1.0
2001-03-01,116,10,10,1.0
2001-03-01,117,10,10,1.0
2001-03-01,118,10,10,1.0
2001-03-01,119,10,10,1.0
2001-03-01,120,10,10,1.0
2001-03-01,121,10,10,1.0
2001-03-01,122,10,10,1.0
2001-03-01,123,10,10,1.0
2001-03-01,124,10,10,1.0
2001-03-01,125,10,10,1.0
2001-03-01,126,10,10,1.0
2001-03-01,127,10,10,1.0
2001-03-01,128,10,10,1.0
2001-03-01,129,10,10,1.0
2001-03-01,130,10,10,1.0
2001-03-01,131,10,10,1.0
2001-03-01,132,10,10,1.0
2001-03-01,133,10,10,1.0
2001-03-01,134,10,10,1.0
2001-03-01,135,10,10,1.0
2001-03-01,136,10,10,1.0
2001-03-01,137,10,10,1.0
2001-03-01,138,10,10,1.0
2001-03-01,139,10,10,1.0
2001-03-01,140,10,10,1.0
2001-03-01,141,10,10,1.0
2001-03-01,142,10,10,1.0
2001-03-01,143,10,10,1.0
2001-03-01,144,10,10,1.0
2001-03-01,145,10,10,1.0
2001-03-01,146,10,10,1.0
2001-03-01,147,10,10,1.0
2001-03-01,148,10,10,1.0
2001-03-01,149,10,10,1.0
2001-03-01,150,10,10,1.0
2001-03-01,151,10,10,1.0
2001-03-01,152,10,10,1.0
2001-03-01,153,10,10,1.0
2001-03-01,154,10,10,1.0
2001-03-01,155,10,10,1.0
2001-03-01,156,10,10,1.0
2001-03-01,157,10,10,1.0
2001-03-01,158,10,10,1.0
2001-03-01,159,10,10,1.0
2001-03-01,160,10,10,1.0
2001-03-01,161,10,10,1.0
2001-03-01,162,10,10,1.0
2001-03-01,163,10,10,1.0
2001-03-01,164,10,10,1.0
2001-03-01,165,10,10,1.0
2001-03-01,166,10,10,1.0
2001-03-01,167,10,10,1.0
2001-03-01,168,10,10,1.0
2001-03-01,169,10,10,1.0
2001-03-01,170,10,10,1.0
2001-03-01,171,10,10,1.0
2001-03-01,172,10,10,1.0
2001-03-01,173,10,10,1.0
2001-03-01,174,10,10,1.0
2001-03-01,175,10,10,1.0
2001-03-01,176,10,10,1.0
2001-03-01,177,10,10,1.0
2001-03-01,178,10,10,1.0
2001-03-01,179,10,10,1.0
2001-03-01,180,10,10,1.0
2001-03-01,181,10,10,1.0
2001-03-01,182,10,10,1.0
2001-03-01,183,10,10,1.0
2001-03-01,184,10,10,1.0
2001-03-01,185,10,10,1.0
2001-03-01,186,10,10,1.0
2001-03-01,187,10,10,1.0
2001-03-01,188,10,10,1.0
2001-03-01,189,10,10,1.0
2001-03-01,190,10,10,1.0
2001-03-01,191,10,10,1.0
2001-03-01,192,10,10,1.0
2001-03-01,193,10,10,1.0
2001-03-01,194,10,10,1.0
2001-03-01,195,10,10,1.0
2001-03-01,196,10,10,1.0
2001-03-01,197,10,10,1.0
2001-03-01,198,10,10,1.0
2001-03-01,199,10,10,1.0
2001-03-01,200,10,10,1.0
2001-03-01,201,10,10,1.0
2001-03-01,202,10,10,1.0
2001-03-01,203,10,10,1.0
2001-03-01,204,10,10,1.0
2001-03-01,205,10,10,1.0
2001-03-01,206,10,10,1.0
2001-03-01,207,10,10,1.0
2001-03-01,208,10,10,1.0
2001-03-01,209,10,10,1.0
2001-03-01,210,10,10,1.0
2001-03-01,211,10,10,1.0
2001-03-01,212,10,10,1.0
2001-03-01,213,10,10,1.0
2001-03-01,214,10,10,1.0
2001-03-01,215,10,10,1.0
2001-03-01,216,10,10,1.0
2001-03-01,217,10,10,1.0
2001-03-01,218,10,10,1.0
2001-03-01,219,10,10,1.0
2001-03-01,220,10,10,1.0
2001-03-01,221,10,10,1.0
2001-03-01,222,10,10,1.0
2001-03-01,223,10,10,1.0
2001-04-01,105,10,11,0.9090909090909091
2001-04-01,106,10,11,0.9090909090909091
2001-04-01,107,10,11,0.9090909090909091
2001-04-01,108,10,11,0.9090909090909091
2001-04-01,109,10,11,0.9090909090909091
2001-04-01,110,10,11,0.9090909090909091
2001-04-01,111,10,11,0.9090909090909091
2001-04-01,112,10,11,0.9090909090909091
2001-04-01,113,10,11,0.9090909090909091
2001-04-01,114,10,11,0.9090909090909091
2001-04-01,115,10,11,0.9090909090909091
2001-04-01,116,10,11,0.9090909090909091
2001-04-01,117,10,11,0.9090909090909091
2001-04-01,118,10,11,0.9090909090909091
2001-04-01,119,10,11,0.9090909090909091
2001-04-01,120,10,11,0.9090909090909091
2001-04-01,121,10,11,0.9090909090909091
2001-04-01,122,10,11,0.9090909090909091
2001-04-01,123,10,11,0.9090909090909091
2001-04-01,124,10,11,0.9090909090909091
2001-04-01,125,10,11,0.9090909090909091
2001-04-01,126,10,11,0.9090909090909091
2001-04-01,127,10,11,0.9090909090909091
2001-04-01,128,10,11,0.9090909090909091
2001-04-01,129,10,11,0.9090909090909091
2001-04-01,130,10,11,0.9090909090909091
2001-04-01,131,10,11,0.9090909090909091
2001-04-01,132,10,11,0.9090909090909091
2001-04-01,133,10,11,0.9090909090909091
2001-04-01,134,10,11,0.9090909090909091
2001-04-01,135,10,11,0.9090909090909091
2001-04-01,136,10,11,0.9090909090909091
2001-04-01,137,10,11,0.9090909090909091
2001-04-01,138,10,11,0.9090909090909091
2001-04-01,139,10,11,0.9090909090909091
2001-04-01,140,10,11,0.9090909090909091
2001-04-01,141,10,11,0.9090909090909091
2001-04-01,142,10,11,0.9090909090909091
2001-04-01,143,10,11,0.9090909090909091
2001-04-01,144,10,11,0.9090909090909091
2001-04-01,145,10,11,0.9090909090909091
2001-04-01,146,10,11,0.9090909090909091
2001-04-01,147,10,11,0.9090909090909091
2001-04-01,148,10,11,0.9090909090909091
2001-04-01,149,10,11,0.9090909090909091
2001-04-01,150,10,11,0.9090909090909091
2001-04-01,151,10,11,0.9090909090909091
2001-04-01,152,10,11,0.9090909090909091
2001-04-01,153,10,11,0.9090909090909091
2001-04-01,154,10,11,0.9090909090909091
2001-04-01,155,10,11,0.9090909090909091
2001-04-01,156,10,11,0.9090909090909091
2001-04-01,157,10,11,0.9090909090909091
2001-04-01,158,10,11,0.9090909090909091
2001-04-01,159,10,11,0.9090909090909091
2001-04-01,160,10,11,0.9090909090909091
2001-04-01,161,10,11,0.9090909090909091
2001-04-01,162,10,11,0.9090909090909091
2001-04-01,163,10,11,0.9090909090909091
2001-04-01,164,10,11,0.9090909090909091
2001-04-01,165,10,11,0.9090909090909091
2001-04-01,166,10,11,0.9090909090909091
2001-04-01,167,10,11,0.9090909090909091
2001-04-01,168,10,11,0.9090909090909091
2001-04-01,169,10,11,0.9090909090909091
2001-04-01,170,10,11,0.9090909090909091
2001-04-01,171,10,11,0.9090909090909091
2001-04-01,172,10,11,0.9090909090909091
2001-04-01,173,10,11,0.9090909090909091
2001-04-01,174,10,11,0.9090909090909091
2001-04-01,175,10,11,0.9090909090909091
2001-04-01,176,10,11,0.9090909090909091
2001-04-01,177,10,11,0.9090909090909091
2001-04-01,178,10,11,0.9090909090909091
2001-04-01,179,10,11,0.9090909090909091
2001-04-01,180,10,11,0.9090909090909091
2001-04-01,181,10,11,0.9090909090909091
2001-04-01,182,10,11,0.9090909090909091
2001-04-01,183,10,11,0.9090909090909091
2001-04-01,184,10,11,0.9090909090909091
2001-04-01,185,10,11,0.9090909090909091
2001-04-01,186,10,11,0.9090909090909091
2001-04-01,187,10,11,0.9090909090909091
2001-04-01,188,10,11,0.9090909090909091
2001-04-01,189,10,11,0.9090909090909091
2001-04-01,190,10,11,0.9090909090909091
2001-04-01,191,10,11,0.9090909090909091
2001-04-01,192,10,11,0.9090909090909091
2001-04-01,193,10,11,0.9090909090909091
2001-04-01,194,10,11,0.9090909090909091
2001-04-01,195,10,11,0.9090909090909091
2001-04-01,196,10,11,0.9090909090909091
2001-04-01,197,10,11,0.9090909090909091
2001-04-01,198,10,11,0.9090909090909091
2001-04-01,199,10,11,0.9090909090909091
2001-04-01,200,10,11,0.9090909090909091
2001-04-01,201,10,11,0.9090909090909091
2001-04-01,202,10,11,0.9090909090909091
2001-04-01,203,10,11,0.9090909090909091
2001-04-01,204,10,11,0.9090909090909091
2001-04-01,205,10,11,0.9090909090909091
2001-04-01,206,10,11,0.9090909090909091
2001-04-01,207,10,11,0.9090909090909091
2001-04-01,208,10,11,0.9090909090909091
2001-04-01,209,10,11,0.9090909090909091
2001-04-01,210,10,11,0.9090909090909091
2001-04-01,211,10,11,0.9090909090909091
2001-04-01,212,10,11,0.9090909090909091
2001-04-01,213,10,11,0.9090909090909091
2001-04-01,214,10,11,0.9090909090909091
2001-04-01,215,10,11,0.9090909090909091
2001-04-01,216,10,11,0.9090909090909091
2001-04-01,217,10,11,0.9090909090909091
2001-04-01,218,10,11,0.9090909090909091
2001-04-01,219,10,11,0.9090909090909091
2001-04-01,220,10,11,0.9090909090909091
2001-04-01,221,10,11,0.9090909090909091
2001-04-01,222,10,11,0.9090909090909091
2001-05-01,104,6,9,0.6666666666666666
2001-05-01,105,6,9,0.6666666666666666
2001-05-01,106,6,9,0.6666666666666666
2001-05-01,107,6,9,0.6666666666666666
2001-05-01,108,6,9,0.6666666666666666
2001-05-01,109,6,9,0.6666666666666666
2001-05-01,110,6,9,0.6666666666666666
2001-05-01,111,6,9,0.6666666666666666
2001-05-01,112,6,9,0.6666666666666666
2001-05-01,113,6,9,0.6666666666666666
2001-05-01,114,6,9,0.6666666666666666
2001-05-01,115,6,9,0.6666666666666666
2001-05-01,116,6,9,0.6666666666666666
2001-05-01,117,6,9,0.6666666666666666
2001-05-01,118,6,9,0.6666666666666666
2001-05-01,119,6,9,0.6666666666666666
2001-05-01,120,6,9,0.6666666666666666
2001-05-01,121,6,9,0.6666666666666666
2001-05-01,122,6,9,0.6666666666666666
2001-05-01,123,6,9,0.6666666666666666
2001-05-01,124,6,9,0.6666666666666666
2001-05-01,125,6,9,0.6666666666666666
2001-05-01,126,6,9,0.6666666666666666
2001-05-01,127,6,9,0.6666666666666666
2001-05-01,128,6,9,0.6666666666666666
2001-05-01,129,6,9,0.6666666666666666
2001-05-01,130,6,9,0.6666666666666666
2001-05-01,131,6,9,0.6666666666666666
2001-05-01,132,6,9,0.6666666666666666
2001-05-01,133,6,9,0.6666666666666666
2001-05-01,134,6,9,0.6666666666666666
2001-05-01,135,6,9,0.6666666666666666
2001-05-01,136,6,9,0.6666666666666666
2001-05-01,137,6,9,0.6666666666666666
2001-05-01,138,6,9,0.6666666666666666
2001-05-01,139,6,9,0.6666666666666666
2001-05-01,140,6,9,0.6666666666666666
2001-05-01,141,6,9,0.6666666666666666
2001-05-01,142,6,9,0.6666666666666666
2001-05-01,143,6,9,0.6666666666666666
2001-05-01,144,6,9,0.6666666666666666
2001-05-01,145,6,9,0.6666666666666666
2001-05-01,146,6,9,0.6666666666666666
2001-05-01,147,6,9,0.6666666666666666
2001-05-01,148,6,9,0.6666666666666666
2001-05-01,149,6,9,0.6666666666666666
2001-05-01,150,6,9,0.6666666666666666
2001-05-01,151,6,9,0.6666666666666666
2001-05-01,152,6,9,0.6666666666666666
2001-05-01,153,6,9,0.6666666666666666
2001-05-01,154,6,9,0.6666666666666666
2001-05-01,155,6,9,0.6666666666666666
2001-05-01,156,6,9,0.6666666666666666
2001-05-01,157,6,9,0.6666666666666666
2001-05-01,158,6,9,0.6666666666666666
2001-05-01,159,6,9,0.6666666666666666
2001-05-01,160,6,9,0.6666666666666666
2001-05-01,161,6,9,0.6666666666666666
2001-05-01,162,6,9,0.6666666666666666
2001-05-01,163,6,9,0.6666666666666666
2001-05-01,164,6,9,0.6666666666666666
2001-05-01,165,6,9,0.6666666666666666
2001-05-01,166,6,9,0.6666666666666666
2001-05-01,167,6,9,0.6666666666666666
2001-05-01,168,6,9,0.6666666666666666
2001-05-01,169,6,9,0.6666666666666666
2001-05-01,170,6,9,0.6666666666666666
2001-05-01,171,6,9,0.6666666666666666
2001-05-01,172,6,9,0.6666666666666666
2001-05-01,173,6,9,0.6666666666666666
2001-05-01,174,6,9,0.6666666666666666
2001-05-01,175,6,9,0.6666666666666666
2001-05-01,176,6,9,0.6666666666666666
2001-05-01,177,6,9,0.6666666666666666
2001-05-01,178,6,9,0.6666666666666666
2001-05-01,179,6,9,0.6666666666666666
2001-05-01,180,6,9,0.6666666666666666
2001-05-01,181,6,9,0.6666666666666666
2001-05-01,182,6,9,0.6666666666666666
2001-05-01,183,6,9,0.6666666666666666
2001-05-01,184,6,9,0.6666666666666666
2001-05-01,185,6,9,0.6666666666666666
2001-05-01,186,6,9,0.6666666666666666
2001-05-01,187,6,9,0.6666666666666666
2001-05-01,188,6,9,0.6666666666666666
2001-05-01,189,6,9,0.6666666666666666
2001-05-01,190,6,9,0.6666666666666666
2001-05-01,191,6,9,0.6666666666666666
2001-05-01,192,6,9,0.6666666666666666
2001-05-01,193,6,9,0.6666666666666666
2001-05-01,194,6,9,0.6666666666666666
2001-05-01,195,6,9,0.6666666666666666
2001-05-01,196,6,9,0.6666666666666666
2001-05-01,197,6,9,0.6666666666666666
2001-05-01,198,6,9,0.6666666666666666
2001-05-01,199,6,9,0.6666666666666666
2001-05-01,200,6,9,0.6666666666666666
2001-05-01,201,6,9,0.6666666666666666
2001-05-01,202,6,9,0.6666666666666666
2001-05-01,203,6,9,0.6666666666666666
2001-05-01,204,6,9,0.6666666666666666
2001-05-01,205,6,9,0.6666666666666666
2001-05-01,206,6,9,0.6666666666666666
2001-05-01,207,6,9,0.6666666666666666
2001-05-01,208,6,9,0.6666666666666666
2001-05-01,209,6,9,0.6666666666666666
2001-05-01,210,6,9,0.6666666666666666
2001-05-01,211,6,9,0.6666666666666666
2001-05-01,212,6,9,0.6666666666666666
2001-05-01,213,6,9,0.6666666666666666
2001-05-01,214,6,9,0.6666666666666666
2001-05-01,215,6,9,0.6666666666666666
2001-05-01,216,6,9,0.6666666666666666
2001-05-01,217,6,9,0.6666666666666666
2001-05-01,218,6,9,0.6666666666666666
2001-05-01,219,6,9,0.6666666666666666
2001-05-01,220,6,9,0.6666666666666666
2001-05-01,221,6,9,0.6666666666666666
2001-06-01,103,8,10,0.8
2001-06-01,104,8,10,0.8
2001-06-01,105,8,10,0.8
2001-06-01,106,8,10,0.8
2001-06-01,107,8,10,0.8
2001-06-01,108,8,10,0.8
2001-06-01,109,8,10,0.8
2001-06-01,110,8,10,0.8
2001-06-01,111,8,10,0.8
2001-06-01,112,8,10,0.8
2001-06-01,113,8,10,0.8
2001-06-01,114,8,10,0.8
2001-06-01,115,8,10,0.8
2001-06-01,116,8,10,0.8
2001-06-01,117,8,10,0.8
2001-06-01,118,8,10,0.8
2001-06-01,119,8,10,0.8
2001-06-01,120,8,10,0.8
2001-06-01,121,8,10,0.8
2001-06-01,122,8,10,0.8
2001-06-01,123,8,10,0.8
2001-06-01,124,8,10,0.8
2001-06-01,125,8,10,0.8
2001-06-01,126,8,10,0.8
2001-06-01,127,8,10,0.8
2001-06-01,128,8,10,0.8
2001-06-01,129,8,10,0.8
2001-06-01,130,8,10,0.8
2001-06-01,131,8,10,0.8
2001-06-01,132,8,10,0.8
2001-06-01,133,8,10,0.8
2001-06-01,134,8,10,0.8
2001-06-01,135,8,10,0.8
2001-06-01,136,8,10,0.8
2001-06-01,137,8,10,0.8
2001-06-01,138,8,10,0.8
2001-06-01,139,8,10,0.8
2001-06-01,140,8,10,0.8
2001-06-01,141,8,10,0.8
2001-06-01,142,8,10,0.8
2001-06-01,143,8,10,0.8
2001-06-01,144,8,10,0.8
2001-06-01,145,8,10,0.8
2001-06-01,146,8,10,0.8
2001-06-01,147,8,10,0.8
2001-06-01,148,8,10,0.8
2001-06-01,149,8,10,0.8
2001-06-01,150,8,10,0.8
2001-06-01,151,8,10,0.8
2001-06-01,152,8,10,0.8
2001-06-01,153,8,10,0.8
2001-06-01,154,8,10,0.8
2001-06-01,155,8,10,0.8
2001-06-01,156,8,10,0.8
2001-06-01,157,8,10,0.8
2001-06-01,158,8,10,0.8
2001-06-01,159,8,10,0.8
2001-06-01,160,8,10,0.8
2001-06-01,161,8,10,0.8
2001-06-01,162,8,10,0.8
2001-06-01,163,8,10,0.8
2001-06-01,164,8,10,0.8
2001-06-01,165,8,10,0.8
2001-06-01,166,8,10,0.8
2001-06-01,167,8,10,0.8
2001-06-01,168,8,10,0.8
2001-06-01,169,8,10,0.8
2001-06-01,170,8,10,0.8
2001-06-01,171,8,10,0.8
2001-06-01,172,8,10,0.8
2001-06-01,173,8,10,0.8
2001-06-01,174,8,10,0.8
2001-06-01,175,8,10,0.8
2001-06-01,176,8,10,0.8
2001-06-01,177,8,10,0.8
2001-06-01,178,8,10,0.8
2001-06-01,179,8,10,0.8
2001-06-01,180,8,10,0.8
2001-06-01,181,8,10,0.8
2001-06-01,182,8,10,0.8
2001-06-01,183,8,10,0.8
2001-06-01,184,8,10,0.8
2001-06-01,185,8,10,0.8
2001-06-01,186,8,10,0.8
2001-06-01,187,8,10,0.8
2001-06-01,188,8,10,0.8
2001-06-01,189,8,10,0.8
2001-06-01,190,8,10,0.8
2001-06-01,191,8,10,0.8
2001-06-01,192,8,10,0.8
2001-06-01,193,8,10,0.8
2001-06-01,194,8,10,0.8
2001-06-01,195,8,10,0.8
2001-06-01,196,8,10,0.8
2001-06-01,197,8,10,0.8
2001-06-01,198,8,10,0.8
2001-06-01,199,8,10,0.8
2001-06-01,200,8,10,0.8
2001-06-01,201,8,10,0.8
2001-06-01,202,8,10,0.8
2001-06-01,203,8,10,0.8
2001-06-01,204,8,10,0.8
2001-06-01,205,8,10,0.8
2001-06-01,206,8,10,0.8
2001-06-01,207,8,10,0.8
2001-06-01,208,8,10,0.8
2001-06-01,209,8,10,0.8
2001-06-01,210,8,10,0.8
2001-06-01,211,8,10,0.8
2001-06-01,212,8,10,0.8
2001-06-01,213,8,10,0.8
2001-06-01,214,8,10,0.8
2001-06-01,215,8,10,0.8
2001-06-01,216,8,10,0.8
2001-06-01,217,8,10,0.8
2001-06-01,218,8,10,0.8
2001-06-01,219,8,10,0.8
2001-06-01,220,8,10,0.8
2001-07-01,102,6,8,0.75
2001-07-01,103,6,8,0.75
2001-07-01,104,6,8,0.75
2001-07-01,105,6,8,0.75
2001-07-01,106,6,8,0.75
2001-07-01,107,6,8,0.75
2001-07-01,108,6,8,0.75
2001-07-01,109,6,8,0.75
2001-07-01,110,6,8,0.75
2001-07-01,111,6,8,0.75
2001-07-01,112,6,8,0.75
2001-07-01,113,6,8,0.75
2001-07-01,114,6,8,0.75
2001-07-01,115,6,8,0.75
2001-07-01,116,6,8,0.75
2001-07-01,117,6,8,0.75
2001-07-01,118,6,8,0.75
2001-07-01,119,6,8,0.75
2001-07-01,120,6,8,0.75
2001-07-01,121,6,8,0.75
2001-07-01,122,6,8,0.75
2001-07-01,123,6,8,0.75
2001-07-01,124,6,8,0.75
2001-07-01,125,6,8,0.75
2001-07-01,126,6,8,0.75
2001-07-01,127,6,8,0.75
2001-07-01,128,6,8,0.75
2001-07-01,129,6,8,0.75
2001-07-01,130,6,8,0.75
2001-07-01,131,6,8,0.75
2001-07-01,132,6,8,0.75
2001-07-01,133,6,8,0.75
2001-07-01,134,6,8,0.75
2001-07-01,135,6,8,0.75
2001-07-01,136,6,8,0.75
2001-07-01,137,6,8,0.75
2001-07-01,138,6,8,0.75
2001-07-01,139,6,8,0.75
2001-07-01,140,6,8,0.75
2001-07-01,141,6,8,0.75
2001-07-01,142,6,8,0.75
2001-07-01,143,6,8,0.75
2001-07-01,144,6,8,0.75
2001-07-01,145,6,8,0.75
2001-07-01,146,6,8,0.75
2001-07-01,147,6,8,0.75
2001-07-01,148,6,8,0.75
2001-07-01,149,6,8,0.75
2001-07-01,150,6,8,0.75
2001-07-01,151,6,8,0.75
2001-07-01,152,6,8,0.75
2001-07-01,153,6,8,0.75
2001-07-01,154,6,8,0.75
2001-07-01,155,6,8,0.75
2001-07-01,156,6,8,0.75
2001-07-01,157,6,8,0.75
2001-07-01,158,6,8,0.75
2001-07-01,159,6,8,0.75
2001-07-01,160,6,8,0.75
2001-07-01,161,6,8,0.75
2001-07-01,162,6,8,0.75
2001-07-01,163,6,8,0.75
2001-07-01,164,6,8,0.75
2001-07-01,165,6,8,0.75
2001-07-01,166,6,8,0.75
2001-07-01,167,6,8,0.75
2001-07-01,168,6,8,0.75
2001-07-01,169,6,8,0.75
2001-07-01,170,6,8,0.75
2001-07-01,171,6,8,0.75
2001-07-01,172,6,8,0.75
2001-07-01,173,6,8,0.75
2001-07-01,174,6,8,0.75
2001-07-01,175,5,8,0.625
2001-07-01,176,5,8,0.625
2001-07-01,177,5,8,0.625
2001-07-01,178,5,8,0.625
2001-07-01,179,5,8,0.625
2001-07-01,180,5,8,0.625
2001-07-01,181,5,8,0.625
2001-07-01,182,5,8,0.625
2001-07-01,183,5,8,0.625
2001-07-01,184,5,8,0.625
2001-07-01,185,5,8,0.625
2001-07-01,186,5,8,0.625
2001-07-01,187,5,8,0.625
2001-07-01,188,5,8,0.625
2001-07-01,189,5,8,0.625
2001-07-01,190,5,8,0.625
2001-07-01,191,5,8,0.625
2001-07-01,192,5,8,0.625
2001-07-01,193,5,8,0.625
2001-07-01,194,5,8,0.625
2001-07-01,195,5,8,0.625
2001-07-01,196,5,8,0.625
2001-07-01,197,5,8,0.625
2001-07-01,198,5,8,0.625
2001-07-01,199,5,8,0.625
2001-07-01,200,5,8,0.625
2001-07-01,201,5,8,0.625
2001-07-01,202,5,8,0.625
2001-07-01,203,5,8,0.625
2001-07-01,204,5,8,0.625
2001-07-01,205,5,8,0.625
2001-07-01,206,5,8,0.625
2001-07-01,207,5,8,0.625
2001-07-01,208,5,8,0.625
2001-07-01,209,5,8,0.625
2001-07-01,210,5,8,0.625
2001-07-01,211,5,8,0.625
2001-07-01,212,5,8,0.625
2001-07-01,213,5,8,0.625
2001-07-01,214,5,8,0.625
2001-07-01,215,5,8,0.625
2001-07-01,216,5,8,0.625
2001-07-01,217,5,8,0.625
2001-07-01,218,5,8,0.625
2001-07-01,219,5,8,0.625
2001-08-01,101,8,8,1.0
2001-08-01,102,8,8,1.0
2001-08-01,103,8,8,1.0
2001-08-01,104,8,8,1.0
2001-08-01,105,8,8,1.0
2001-08-01,106,8,8,1.0
2001-08-01,107,8,8,1.0
2001-08-01,108,8,8,1.0
2001-08-01,109,8,8,1.0
2001-08-01,110,8,8,1.0
2001-08-01,111,8,8,1.0
2001-08-01,112,8,8,1.0
2001-08-01,113,8,8,1.0
2001-08-01,114,8,8,1.0
2001-08-01,115,8,8,1.0
2001-08-01,116,8,8,1.0
2001-08-01,117,8,8,1.0
2001-08-01,118,8,8,1.0
2001-08-01,119,8,8,1.0
2001-08-01,120,8,8,1.0
2001-08-01,121,8,8,1.0
2001-08-01,122,8,8,1.0
2001-08-01,123,8,8,1.0
2001-08-01,124,8,8,1.0
2001-08-01,125,8,8,1.0
2001-08-01,126,8,8,1.0
2001-08-01,127,8,8,1.0
2001-08-01,128,8,8,1.0
2001-08-01,129,8,8,1.0
2001-08-01,130,8,8,1.0
2001-08-01,131,8,8,1.0
2001-08-01,132,8,8,1.0
2001-08-01,133,8,8,1.0
2001-08-01,134,8,8,1.0
2001-08-01,135,8,8,1.0
2001-08-01,136,8,8,1.0
2001-08-01,137,8,8,1.0
2001-08-01,138,8,8,1.0
2001-08-01,139,8,8,1.0
2001-08-01,140,8,8,1.0
2001-08-01,141,8,8,1.0
2001-08-01,142,8,8,1.0
2001-08-01,143,8,8,1.0
2001-08-01,144,8,8,1.0
2001-08-01,145,8,8,1.0
2001-08-01,146,8,8,1.0
2001-08-01,147,8,8,1.0
2001-08-01,148,8,8,1.0
2001-08-01,149,8,8,1.0
2001-08-01,150,8,8,1.0
2001-08-01,151,8,8,1.0
2001-08-01,152,8,8,1.0
2001-08-01,153,8,8,1.0
2001-08-01,154,8,8,1.0
2001-08-01,155,8,8,1.0
2001-08-01,156,8,8,1.0
2001-08-01,157,8,8,1.0
2001-08-01,158,8,8,1.0
2001-08-01,159,8,8,1.0
2001-08-01,160,8,8,1.0
2001-08-01,161,8,8,1.0
2001-08-01,162,8,8,1.0
2001-08-01,163,8,8,1.0
2001-08-01,164,8,8,1.0
2001-08-01,165,8,8,1.0
2001-08-01,166,8,8,1.0
2001-08-01,167,8,8,1.0
2001-08-01,168,8,8,1.0
2001-08-01,169,8,8,1.0
2001-08-01,170,8,8,1.0
2001-08-01,171,8,8,1.0
2001-08-01,172,8,8,1.0
2001-08-01,173,8,8,1.0
2001-08-01,174,8,8,1.0
2001-08-01,175,8,8,1.0
2001-08-01,176,8,8,1.0
2001-08-01,177,8,8,1.0
2001-08-01,178,8,8,1.0
2001-08-01,179,8,8,1.0
2001-08-01,180,8,8,1.0
2001-08-01,181,8,8,1.0
2001-08-01,182,8,8,1.0
2001-08-01,183,8,8,1.0
2001-08-01,184,8,8,1.0
2001-08-01,185,8,8,1.0
2001-08-01,186,8,8,1.0
2001-08-01,187,8,8,1.0
2001-08-01,188,8,8,1.0
2001-08-01,189,8,8,1.0
2001-08-01,190,8,8,1.0
2001-08-01,191,8,8,1.0
2001-08-01,192,8,8,1.0
2001-08-01,193,8,8,1.0
2001-08-01,194,8,8,1.0
2001-08-01,195,8,8,1.0
2001-08-01,196,8,8,1.0
2001-08-01,197,8,8,1.0
2001-08-01,198,8,8,1.0
2001-08-01,199,8,8,1.0
2001-08-01,200,8,8,1.0
2001-08-01,201,8,8,1.0
2001-08-01,202,8,8,1.0
2001-08-01,203,8,8,1.0
2001-08-01,204,8,8,1.0
2001-08-01,205,8,8,1.0
2001-08-01,206,8,8,1.0
2001-08-01,207,8,8,1.0
2001-08-01,208,8,8,1.0
2001-08-01,209,8,8,1.0
2001-08-01,210,8,8,1.0
2001-08-01,211,8,8,1.0
2001-08-01,212,8,8,1.0
2001-08-01,213,8,8,1.0
2001-08-01,214,8,8,1.0
2001-08-01,215,8,8,1.0
2001-08-01,216,8,8,1.0
2001-08-01,217,8,8,1.0
2001-08-01,218,8,8,1.0
2001-09-01,100,5,5,1.0
2001-09-01,101,5,5,1.0
2001-09-01,102,5,5,1.0
2001-09-01,103,5,5,1.0
2001-09-01,104,5,5,1.0
2001-09-01,105,5,5,1.0
2001-09-01,106,5,5,1.0
2001-09-01,107,5,5,1.0
2001-09-01,108,5,5,1.0
2001-09-01,109,5,5,1.0
2001-09-01,110,5,5,1.0
2001-09-01,111,5,5,1.0
2001-09-01,112,5,5,1.0
2001-09-01,113,5,5,1.0
2001-09-01,114,5,5,1.0
2001-09-01,115,5,5,1.0
2001-09-01,116,5,5,1.0
2001-09-01,117,5,5,1.0
2001-09-01,118,5,5,1.0
2001-09-01,119,5,5,1.0
2001-09-01,120,5,5,1.0
2001-09-01,121,5,5,1.0
2001-09-01,122,5,5,1.0
2001-09-01,123,5,5,1.0
2001-09-01,124,5,5,1.0
2001-09-01,125,5,5,1.0
2001-09-01,126,5,5,1.0
2001-09-01,127,5,5,1.0
2001-09-01,128,5,5,1.0
2001-09-01,129,5,5,1.0
2001-09-01,130,5,5,1.0
2001-09-01,131,5,5,1.0
2001-09-01,132,5,5,1.0
2001-09-01,133,5,5,1.0
2001-09-01,134,5,5,1.0
2001-09-01,135,5,5,1.0
2001-09-01,136,5,5,1.0
2001-09-01,137,5,5,1.0
2001-09-01,138,5,5,1.0
2001-09-01,139,5,5,1.0
2001-09-01,140,5,5,1.0
2001-09-01,141,5,5,1.0
2001-09-01,142,5,5,1.0
2001-09-01,143,5,5,1.0
2001-09-01,144,5,5,1.0
2001-09-01,145,5,5,1.0
2001-09-01,146,5,5,1.0
2001-09-01,147,5,5,1.0
2001-09-01,148,5,5,1.0
2001-09-01,149,5,5,1.0
2001-09-01,150,5,5,1.0
2001-09-01,151,5,5,1.0
2001-09-01,152,5,5,1.0
2001-09-01,153,5,5,1.0
2001-09-01,154,5,5,1.0
2001-09-01,155,5,5,1.0
2001-09-01,156,5,5,1.0
2001-09-01,157,5,5,1.0
2001-09-01,158,5,5,1.0
2001-09-01,159,5,5,1.0
2001-09-01,160,5,5,1.0
2001-09-01,161,5,5,1.0
2001-09-01,162,5,5,1.0
2001-09-01,163,5,5,1.0
2001-09-01,164,5,5,1.0
2001-09-01,165,5,5,1.0
2001-09-01,166,5,5,1.0
2001-09-01,167,5,5,1.0
2001-09-01,168,5,5,1.0
2001-09-01,169,5,5,1.0
2001-09-01,170,5,5,1.0
2001-09-01,171,5,5,1.0
2001-09-01,172,5,5,1.0
2001-09-01,173,5,5,1.0
2001-09-01,174,5,5,1.0
2001-09-01,175,5,5,1.0
2001-09-01,176,5,5,1.0
2001-09-01,177,5,5,1.0
2001-09-01,178,5,5,1.0
2001-09-01,179,5,5,1.0
2001-09-01,180,5,5,1.0
2001-09-01,181,5,5,1.0
2001-09-01,182,5,5,1.0
2001-09-01,183,5,5,1.0
2001-09-01,184,5,5,1.0
2001-09-01,185,5,5,1.0
2001-09-01,186,5,5,1.0
2001-09-01,187,5,5,1.0
2001-09-01,188,5,5,1.0
2001-09-01,189,5,5,1.0
2001-09-01,190,5,5,1.0
2001-09-01,191,5,5,1.0
2001-09-01,192,5,5,1.0
2001-09-01,193,5,5,1.0
2001-09-01,194,5,5,1.0
2001-09-01,195,5,5,1.0
2001-09-01,196,5,5,1.0
2001-09-01,197,5,5,1.0
2001-09-01,198,5,5,1.0
2001-09-01,199,5,5,1.0
2001-09-01,200,5,5,1.0
2001-09-01,201,5,5,1.0
2001-09-01,202,5,5,1.0
2001-09-01,203,5,5,1.0
2001-09-01,204,5,5,1.0
2001-09-01,205,5,5,1.0
2001-09-01,206,5,5,1.0
2001-09-01,207,5,5,1.0
2001-09-01,208,5,5,1.0
2001-09-01,209,5,5,1.0
2001-09-01,210,5,5,1.0
2001-09-01,211,5,5,1.0
2001-09-01,212,5,5,1.0
2001-09-01,213,5,5,1.0
2001-09-01,214,5,5,1.0
2001-09-01,215,5,5,1.0
2001-09-01,216,5,5,1.0
2001-09-01,217,5,5,1.0
2001-10-01,99,12,12,1.0
2001-10-01,100,12,12,1.0
2001-10-01,101,12,12,1.0
2001-10-01,102,12,12,1.0
2001-10-01,103,12,12,1.0
2001-10-01,104,12,12,1.0
2001-10-01,105,12,12,1.0
2001-10-01,106,12,12,1.0
2001-10-01,107,12,12,1.0
2001-10-01,108,12,12,1.0
2001-10-01,109,12,12,1.0
2001-10-01,110,12,12,1.0
2001-10-01,111,12,12,1.0
2001-10-01,112,12,12,1.0
2001-10-01,113,12,12,1.0
2001-10-01,114,12,12,1.0
2001-10-01,115,12,12,1.0
2001-10-01,116,12,12,1.0
2001-10-01,117,12,12,1.0
2001-10-01,118,12,12,1.0
2001-10-01,119,12,12,1.0
2001-10-01,120,12,12,1.0
2001-10-01,121,12,12,1.0
2001-10-01,122,12,12,1.0
2001-10-01,123,12,12,1.0
2001-10-01,124,12,12,1.0
2001-10-01,125,12,12,1.0
2001-10-01,126,12,12,1.0
2001-10-01,127,12,12,1.0
2001-10-01,128,12,12,1.0
2001-10-01,129,12,12,1.0
2001-10-01,130,12,12,1.0
2001-10-01,131,12,12,1.0
2001-10-01,132,12,12,1.0
2001-10-01,133,12,12,1.0
2001-10-01,134,12,12,1.0
2001-10-01,135,12,12,1.0
2001-10-01,136,12,12,1.0
2001-10-01,137,12,12,1.0
2001-10-01,138,12,12,1.0
2001-10-01,139,12,12,1.0
2001-10-01,140,12,12,1.0
2001-10-01,141,12,12,1.0
2001-10-01,142,12,12,1.0
2001-10-01,143,12,12,1.0
2001-10-01,144,12,12,1.0
2001-10-01,145,12,12,1.0
2001-10-01,146,12,12,1.0
2001-10-01,147,12,12,1.0
2001-10-01,148,12,12,1.0
2001-10-01,149,12,12,1.0
2001-10-01,150,12,12,1.0
2001-10-01,151,12,12,1.0
2001-10-01,152,12,12,1.0
2001-10-01,153,12,12,1.0
2001-10-01,154,12,12,1.0
2001-10-01,155,12,12,1.0
2001-10-01,156,12,12,1.0
2001-10-01,157,12,12,1.0
2001-10-01,158,12,12,1.0
2001-10-01,159,12,12,1.0
2001-10-01,160,12,12,1.0
2001-10-01,161,12,12,1.0
2001-10-01,162,12,12,1.0
2001-10-01,163,12,12,1.0
2001-10-01,164,12,12,1.0
2001-10-01,165,12,12,1.0
2001-10-01,166,12,12,1.0
2001-10-01,167,12,12,1.0
2001-10-01,168,12,12,1.0
2001-10-01,169,12,12,1.0
2001-10-01,170,12,12,1.0
2001-10-01,171,12,12,1.0
2001-10-01,172,12,12,1.0
2001-10-01,173,12,12,1.0
2001-10-01,174,12,12,1.0
2001-10-01,175,12,12,1.0
2001-10-01,176,12,12,1.0
2001-10-01,177,12,12,1.0
2001-10-01,178,12,12,1.0
2001-10-01,179,12,12,1.0
2001-10-01,180,12,12,1.0
2001-10-01,181,12,12,1.0
2001-10-01,182,12,12,1.0
2001-10-01,183,12,12,1.0
2001-10-01,184,12,12,1.0
2001-10-01,185,12,12,1.0
2001-10-01,186,12,12,1.0
2001-10-01,187,12,12,1.0
2001-10-01,188,12,12,1.0
2001-10-01,189,12,12,1.0
2001-10-01,190,12,12,1.0
2001-10-01,191,12,12,1.0
2001-10-01,192,12,12,1.0
2001-10-01,193,12,12,1.0
2001-10-01,194,12,12,1.0
2001-10-01,195,12,12,1.0
2001-10-01,196,12,12,1.0
2001-10-01,197,12,12,1.0
2001-10-01,198,12,12,1.0
2001-10-01,199,12,12,1.0
2001-10-01,200,12,12,1.0
2001-10-01,201,12,12,1.0
2001-10-01,202,12,12,1.0
2001-10-01,203,12,12,1.0
2001-10-01,204,12,12,1.0
2001-10-01,205,12,12,1.0
2001-10-01,206,12,12,1.0
2001-10-01,207,12,12,1.0
2001-10-01,208,12,12,1.0
2001-10-01,209,12,12,1.0
2001-10-01,210,12,12,1.0
2001-10-01,211,12,12,1.0
2001-10-01,212,12,12,1.0
2001-10-01,213,12,12,1.0
2001-10-01,214,12,12,1.0
2001-10-01,215,12,12,1.0
2001-10-01,216,12,12,1.0
2001-11-01,98,5,6,0.8333333333333334
2001-11-01,99,5,6,0.8333333333333334
2001-11-01,100,5,6,0.8333333333333334
2001-11-01,101,5,6,0.8333333333333334
2001-11-01,102,5,6,0.8333333333333334
2001-11-01,103,5,6,0.8333333333333334
2001-11-01,104,5,6,0.8333333333333334
2001-11-01,105,5,6,0.8333333333333334
2001-11-01,106,5,6,0.8333333333333334
2001-11-01,107,5,6,0.8333333333333334
2001-11-01,108,5,6,0.8333333333333334
2001-11-01,109,5,6,0.8333333333333334
2001-11-01,110,5,6,0.8333333333333334
2001-11-01,111,5,6,0.8333333333333334
2001-11-01,112,5,6,0.8333333333333334
2001-11-01,113,5,6,0.8333333333333334
2001-11-01,114,5,6,0.8333333333333334
2001-11-01,115,5,6,0.8333333333333334
2001-11-01,116,5,6,0.8333333333333334
2001-11-01,117,5,6,0.8333333333333334
2001-11-01,118,5,6,0.8333333333333334
2001-11-01,119,5,6,0.8333333333333334
2001-11-01,120,5,6,0.8333333333333334
2001-11-01,121,5,6,0.8333333333333334
2001-11-01,122,5,6,0.8333333333333334
2001-11-01,123,5,6,0.8333333333333334
2001-11-01,124,5,6,0.8333333333333334
2001-11-01,125,5,6,0.8333333333333334
2001-11-01,126,5,6,0.8333333333333334
2001-11-01,127,5,6,0.8333333333333334
2001-11-01,128,5,6,0.8333333333333334
2001-11-01,129,5,6,0.8333333333333334
2001-11-01,130,5,6,0.8333333333333334
2001-11-01,131,5,6,0.8333333333333334
2001-11-01,132,5,6,0.8333333333333334
2001-11-01,133,5,6,0.8333333333333334
2001-11-01,134,5,6,0.8333333333333334
2001-11-01,135,5,6,0.8333333333333334
2001-11-01,136,5,6,0.8333333333333334
2001-11-01,137,5,6,0.8333333333333334
2001-11-01,138,5,6,0.8333333333333334
2001-11-01,139,5,6,0.8333333333333334
2001-11-01,140,5,6,0.8333333333333334
2001-11-01,141,5,6,0.8333333333333334
2001-11-01,142,5,6,0.8333333333333334
2001-11-01,143,5,6,0.8333333333333334
2001-11-01,144,5,6,0.8333333333333334
2001-11-01,145,5,6,0.8333333333333334
2001-11-01,146,5,6,0.8333333333333334
2001-11-01,147,5,6,0.8333333333333334
2001-11-01,148,5,6,0.8333333333333334
2001-11-01,149,5,6,0.8333333333333334
2001-11-01,150,5,6,0.8333333333333334
2001-11-01,151,5,6,0.8333333333333334
2001-11-01,152,5,6,0.8333333333333334
2001-11-01,153,5,6,0.8333333333333334
2001-11-01,154,5,6,0.8333333333333334
2001-11-01,155,5,6,0.8333333333333334
2001-11-01,156,5,6,0.8333333333333334
2001-11-01,157,5,6,0.8333333333333334
2001-11-01,158,5,6,0.8333333333333334
2001-11-01,159,5,6,0.8333333333333334
2001-11-01,160,5,6,0.8333333333333334
2001-11-01,161,5,6,0.8333333333333334
2001-11-01,162,5,6,0.8333333333333334
2001-11-01,163,5,6,0.8333333333333334
2001-11-01,164,5,6,0.8333333333333334
2001-11-01,165,5,6,0.8333333333333334
2001-11-01,166,5,6,0.8333333333333334
2001-11-01,167,5,6,0.8333333333333334
2001-11-01,168,5,6,0.8333333333333334
2001-11-01,169,5,6,0.8333333333333334
2001-11-01,170,5,6,0.8333333333333334
2001-11-01,171,5,6,0.8333333333333334
2001-11-01,172,5,6,0.8333333333333334
2001-11-01,173,5,6,0.8333333333333334
2001-11-01,174,5,6,0.8333333333333334
2001-11-01,175,5,6,0.8333333333333334
2001-11-01,176,5,6,0.8333333333333334
2001-11-01,177,5,6,0.8333333333333334
2001-11-01,178,5,6,0.8333333333333334
2001-11-01,179,5,6,0.8333333333333334
2001-11-01,180,5,6,0.8333333333333334
2001-11-01,181,5,6,0.8333333333333334
2001-11-01,182,5,6,0.8333333333333334
2001-11-01,183,5,6,0.8333333333333334
2001-11-01,184,5,6,0.8333333333333334
2001-11-01,185,5,6,0.8333333333333334
2001-11-01,186,5,6,0.8333333333333334
2001-11-01,187,5,6,0.8333333333333334
2001-11-01,188,5,6,0.8333333333333334
2001-11-01,189,5,6,0.8333333333333334
2001-11-01,190,5,6,0.8333333333333334
2001-11-01,191,5,6,0.8333333333333334
2001-11-01,192,5,6,0.8333333333333334
2001-11-01,193,5,6,0.8333333333333334
2001-11-01,194,5,6,0.8333333333333334
2001-11-01,195,5,6,0.8333333333333334
2001-11-01,196,5,6,0.8333333333333334
2001-11-01,197,5,6,0.8333333333333334
2001-11-01,198,5,6,0.8333333333333334
2001-11-01,199,5,6,0.8333333333333334
2001-11-01,200,5,6,0.8333333333333334
2001-11-01,201,5,6,0.8333333333333334
2001-11-01,202,5,6,0.8333333333333334
2001-11-01,203,5,6,0.8333333333333334
2001-11-01,204,5,6,0.8333333333333334
2001-11-01,205,5,6,0.8333333333333334
2001-11-01,206,5,6,0.8333333333333334
2001-11-01,207,5,6,0.8333333333333334
2001-11-01,208,5,6,0.8333333333333334
2001-11-01,209,5,6,0.8333333333333334
2001-11-01,210,5,6,0.8333333333333334
2001-11-01,211,5,6,0.8333333333333334
2001-11-01,212,5,6,0.8333333333333334
2001-11-01,213,5,6,0.8333333333333334
2001-11-01,214,5,6,0.8333333333333334
2001-11-01,215,5,6,0.8333333333333334
2001-12-01,97,5,5,1.0
2001-12-01,98,5,5,1.0
2001-12-01,99,5,5,1.0
2001-12-01,100,5,5,1.0
2001-12-01,101,5,5,1.0
2001-12-01,102,5,5,1.0
2001-12-01,103,5,5,1.0
2001-12-01,104,5,5,1.0
2001-12-01,105,5,5,1.0
2001-12-01,106,5,5,1.0
2001-12-01,107,5,5,1.0
2001-12-01,108,5,5,1.0
2001-12-01,109,5,5,1.0
2001-12-01,110,5,5,1.0
2001-12-01,111,5,5,1.0
2001-12-01,112,5,5,1.0
2001-12-01,113,5,5,1.0
2001-12-01,114,5,5,1.0
2001-12-01,115,5,5,1.0
2001-12-01,116,5,5,1.0
2001-12-01,117,5,5,1.0
2001-12-01,118,5,5,1.0
2001-12-01,119,5,5,1.0
2001-12-01,120,5,5,1.0
2001-12-01,121,5,5,1.0
2001-12-01,122,5,5,1.0
2001-12-01,123,5,5,1.0
2001-12-01,124,5,5,1.0
2001-12-01,125,5,5,1.0
2001-12-01,126,5,5,1.0
2001-12-01,127,5,5,1.0
2001-12-01,128,5,5,1.0
2001-12-01,129,5,5,1.0
2001-12-01,130,5,5,1.0
2001-12-01,131,5,5,1.0
2001-12-01,132,5,5,1.0
2001-12-01,133,5,5,1.0
2001-12-01,134,5,5,1.0
2001-12-01,135,5,5,1.0
2001-12-01,136,5,5,1.0
2001-12-01,137,5,5,1.0
2001-12-01,138,5,5,1.0
2001-12-01,139,5,5,1.0
2001-12-01,140,5,5,1.0
2001-12-01,141,5,5,1.0
2001-12-01,142,5,5,1.0
2001-12-01,143,5,5,1.0
2001-12-01,144,5,5,1.0
2001-12-01,145,5,5,1.0
2001-12-01,146,5,5,1.0
2001-12-01,147,5,5,1.0
2001-12-01,148,5,5,1.0
2001-12-01,149,5,5,1.0
2001-12-01,150,5,5,1.0
2001-12-01,151,5,5,1.0
2001-12-01,152,5,5,1.0
2001-12-01,153,5,5,1.0
2001-12-01,154,5,5,1.0
2001-12-01,155,5,5,1.0
2001-12-01,156,5,5,1.0
2001-12-01,157,5,5,1.0
2001-12-01,158,5,5,1.0
2001-12-01,159,5,5,1.0
2001-12-01,160,5,5,1.0
2001-12-01,161,5,5,1.0
2001-12-01,162,5,5,1.0
2001-12-01,163,5,5,1.0
2001-12-01,164,5,5,1.0
2001-12-01,165,5,5,1.0
2001-12-01,166,5,5,1.0
2001-12-01,167,5,5,1.0
2001-12-01,168,5,5,1.0
2001-12-01,169,5,5,1.0
2001-12-01,170,5,5,1.0
2001-12-01,171,5,5,1.0
2001-12-01,172,5,5,1.0
2001-12-01,173,5,5,1.0
2001-12-01,174,5,5,1.0
2001-12-01,175,5,5,1.0
2001-12-01,176,5,5,1.0
2001-12-01,177,5,5,1.0
2001-12-01,178,5,5,1.0
2001-12-01,179,5,5,1.0
2001-12-01,180,5,5,1.0
2001-12-01,181,5,5,1.0
2001-12-01,182,5,5,1.0
2001-12-01,183,5,5,1.0
2001-12-01,184,5,5,1.0
2001-12-01,185,5,5,1.0
2001-12-01,186,5,5,1.0
2001-12-01,187,5,5,1.0
2001-12-01,188,5,5,1.0
2001-12-01,189,5,5,1.0
2001-12-01,190,5,5,1.0
2001-12-01,191,5,5,1.0
2001-12-01,192,5,5,1.0
2001-12-01,193,5,5,1.0
2001-12-01,194,5,5,1.0
2001-12-01,195,5,5,1.0
2001-12-01,196,5,5,1.0
2001-12-01,197,5,5,1.0
2001-12-01,198,5,5,1.0
2001-12-01,199,5,5,1.0
2001-12-01,200,5,5,1.0
2001-12-01,201,5,5,1.0
2001-12-01,202,5,5,1.0
2001-12-01,203,5,5,1.0
2001-12-01,204,5,5,1.0
2001-12-01,205,5,5,1.0
2001-12-01,206,5,5,1.0
2001-12-01,207,5,5,1.0
2001-12-01,208,5,5,1.0
2001-12-01,209,5,5,1.0
2001-12-01,210,5,5,1.0
2001-12-01,211,5,5,1.0
2001-12-01,212,5,5,1.0
2001-12-01,213,5,5,1.0
2001-12-01,214,5,5,1.0
2002-01-01,96,6,7,0.8571428571428571
2002-01-01,97,6,7,0.8571428571428571
2002-01-01,98,6,7,0.8571428571428571
2002-01-01,99,6,7,0.8571428571428571
2002-01-01,100,6,7,0.8571428571428571
2002-01-01,101,6,7,0.8571428571428571
2002-01-01,102,6,7,0.8571428571428571
2002-01-01,103,6,7,0.8571428571428571
2002-01-01,104,6,7,0.8571428571428571
2002-01-01,105,6,7,0.8571428571428571
2002-01-01,106,6,7,0.8571428571428571
2002-01-01,107,6,7,0.8571428571428571
2002-01-01,108,6,7,0.8571428571428571
2002-01-01,109,6,7,0.8571428571428571
2002-01-01,110,6,7,0.8571428571428571
2002-01-01,111,6,7,0.8571428571428571
2002-01-01,112,6,7,0.8571428571428571
2002-01-01,113,6,7,0.8571428571428571
2002-01-01,114,6,7,0.8571428571428571
2002-01-01,115,6,7,0.8571428571428571
2002-01-01,116,6,7,0.8571428571428571
2002-01-01,117,6,7,0.8571428571428571
2002-01-01,118,6,7,0.8571428571428571
2002-01-01,119,6,7,0.8571428571428571
2002-01-01,120,6,7,0.8571428571428571
2002-01-01,121,6,7,0.8571428571428571
2002-01-01,122,6,7,0.8571428571428571
2002-01-01,123,6,7,0.8571428571428571
2002-01-01,124,6,7,0.8571428571428571
2002-01-01,125,6,7,0.8571428571428571
2002-01-01,126,6,7,0.8571428571428571
2002-01-01,127,6,7,0.8571428571428571
2002-01-01,128,6,7,0.8571428571428571
2002-01-01,129,6,7,0.8571428571428571
2002-01-01,130,6,7,0.8571428571428571
2002-01-01,131,6,7,0.8571428571428571
2002-01-01,132,6,7,0.8571428571428571
2002-01-01,133,6,7,0.8571428571428571
2002-01-01,134,6,7,0.8571428571428571
2002-01-01,135,6,7,0.8571428571428571
2002-01-01,136,6,7,0.8571428571428571
2002-01-01,137,6,7,0.8571428571428571
2002-01-01,138,6,7,0.8571428571428571
2002-01-01,139,6,7,0.8571428571428571
2002-01-01,140,6,7,0.8571428571428571
2002-01-01,141,6,7,0.8571428571428571
2002-01-01,142,6,7,0.8571428571428571
2002-01-01,143,6,7,0.8571428571428571
2002-01-01,144,6,7,0.8571428571428571
2002-01-01,145,6,7,0.8571428571428571
2002-01-01,146,6,7,0.8571428571428571
2002-01-01,147,6,7,0.8571428571428571
2002-01-01,148,6,7,0.8571428571428571
2002-01-01,149,6,7,0.8571428571428571
2002-01-01,150,6,7,0.8571428571428571
2002-01-01,151,6,7,0.8571428571428571
2002-01-01,152,6,7,0.8571428571428571
2002-01-01,153,6,7,0.8571428571428571
2002-01-01,154,6,7,0.8571428571428571
2002-01-01,155,6,7,0.8571428571428571
2002-01-01,156,6,7,0.8571428571428571
2002-01-01,157,6,7,0.8571428571428571
2002-01-01,158,6,7,0.8571428571428571
2002-01-01,159,6,7,0.8571428571428571
2002-01-01,160,6,7,0.8571428571428571
2002-01-01,161,6,7,0.8571428571428571
2002-01-01,162,6,7,0.8571428571428571
2002-01-01,163,6,7,0.8571428571428571
2002-01-01,164,6,7,0.8571428571428571
2002-01-01,165,6,7,0.8571428571428571
2002-01-01,166,6,7,0.8571428571428571
2002-01-01,167,6,7,0.8571428571428571
2002-01-01,168,6,7,0.8571428571428571
2002-01-01,169,6,7,0.8571428571428571
2002-01-01,170,6,7,0.8571428571428571
2002-01-01,171,6,7,0.8571428571428571
2002-01-01,172,6,7,0.8571428571428571
2002-01-01,173,6,7,0.8571428571428571
2002-01-01,174,6,7,0.8571428571428571
2002-01-01,175,6,7,0.8571428571428571
2002-01-01,176,6,7,0.8571428571428571
2002-01-01,177,6,7,0.8571428571428571
2002-01-01,178,6,7,0.8571428571428571
2002-01-01,179,6,7,0.8571428571428571
2002-01-01,180,6,7,0.8571428571428571
2002-01-01,181,6,7,0.8571428571428571
2002-01-01,182,6,7,0.8571428571428571
2002-01-01,183,6,7,0.8571428571428571
2002-01-01,184,6,7,0.8571428571428571
2002-01-01,185,6,7,0.8571428571428571
2002-01-01,186,6,7,0.8571428571428571
2002-01-01,187,6,7,0.8571428571428571
2002-01-01,188,6,7,0.8571428571428571
2002-01-01,189,6,7,0.8571428571428571
2002-01-01,190,6,7,0.8571428571428571
2002-01-01,191,6,7,0.8571428571428571
2002-01-01,192,6,7,0.8571428571428571
2002-01-01,193,6,7,0.8571428571428571
2002-01-01,194,6,7,0.8571428571428571
2002-01-01,195,6,7,0.8571428571428571
2002-01-01,196,6,7,0.8571428571428571
2002-01-01,197,6,7,0.8571428571428571
2002-01-01,198,6,7,0.8571428571428571
2002-01-01,199,6,7,0.8571428571428571
2002-01-01,200,6,7,0.8571428571428571
2002-01-01,201,6,7,0.8571428571428571
2002-01-01,202,6,7,0.8571428571428571
2002-01-01,203,6,7,0.8571428571428571
2002-01-01,204,6,7,0.8571428571428571
2002-01-01,205,6,7,0.8571428571428571
2002-01-01,206,6,7,0.8571428571428571
2002-01-01,207,6,7,0.8571428571428571
2002-01-01,208,6,7,0.8571428571428571
2002-01-01,209,6,7,0.8571428571428571
2002-01-01,210,6,7,0.8571428571428571
2002-01-01,211,6,7,0.8571428571428571
2002-01-01,212,6,7,0.8571428571428571
2002-01-01,213,6,7,0.8571428571428571
2002-02-01,95,7,8,0.875
2002-02-01,96,7,8,0.875
2002-02-01,97,7,8,0.875
2002-02-01,98,7,8,0.875
2002-02-01,99,7,8,0.875
2002-02-01,100,7,8,0.875
2002-02-01,101,7,8,0.875
2002-02-01,102,7,8,0.875
2002-02-01,103,7,8,0.875
2002-02-01,104,7,8,0.875
2002-02-01,105,7,8,0.875
2002-02-01,106,7,8,0.875
2002-02-01,107,7,8,0.875
2002-02-01,108,7,8,0.875
2002-02-01,109,7,8,0.875
2002-02-01,110,7,8,0.875
2002-02-01,111,7,8,0.875
2002-02-01,112,7,8,0.875
2002-02-01,113,7,8,0.875
2002-02-01,114,7,8,0.875
2002-02-01,115,7,8,0.875
2002-02-01,116,7,8,0.875
2002-02-01,117,7,8,0.875
2002-02-01,118,7,8,0.875
2002-02-01,119,7,8,0.875
2002-02-01,120,7,8,0.875
2002-02-01,121,7,8,0.875
2002-02-01,122,7,8,0.875
2002-02-01,123,7,8,0.875
2002-02-01,124,7,8,0.875
2002-02-01,125,7,8,0.875
2002-02-01,126,7,8,0.875
2002-02-01,127,7,8,0.875
2002-02-01,128,7,8,0.875
2002-02-01,129,7,8,0.875
2002-02-01,130,7,8,0.875
2002-02-01,131,7,8,0.875
2002-02-01,132,7,8,0.875
2002-02-01,133,7,8,0.875
2002-02-01,134,7,8,0.875
2002-02-01,135,7,8,0.875
2002-02-01,136,7,8,0.875
2002-02-01,137,7,8,0.875
2002-02-01,138,7,8,0.875
2002-02-01,139,7,8,0.875
2002-02-01,140,7,8,0.875
2002-02-01,141,7,8,0.875
2002-02-01,142,7,8,0.875
2002-02-01,143,7,8,0.875
2002-02-01,144,7,8,0.875
2002-02-01,145,7,8,0.875
2002-02-01,146,7,8,0.875
2002-02-01,147,7,8,0.875
2002-02-01,148,7,8,0.875
2002-02-01,149,7,8,0.875
2002-02-01,150,7,8,0.875
2002-02-01,151,7,8,0.875
2002-02-01,152,7,8,0.875
2002-02-01,153,7,8,0.875
2002-02-01,154,7,8,0.875
2002-02-01,155,7,8,0.875
2002-02-01,156,7,8,0.875
2002-02-01,157,7,8,0.875
2002-02-01,158,7,8,0.875
2002-02-01,159,7,8,0.875
2002-02-01,160,7,8,0.875
2002-02-01,161,7,8,0.875
2002-02-01,162,7,8,0.875
2002-02-01,163,7,8,0.875
2002-02-01,164,7,8,0.875
2002-02-01,165,7,8,0.875
2002-02-01,166,7,8,0.875
2002-02-01,167,7,8,0.875
2002-02-01,168,7,8,0.875
2002-02-01,169,7,8,0.875
2002-02-01,170,7,8,0.875
2002-02-01,171,7,8,0.875
2002-02-01,172,7,8,0.875
2002-02-01,173,7,8,0.875
2002-02-01,174,7,8,0.875
2002-02-01,175,7,8,0.875
2002-02-01,176,7,8,0.875
2002-02-01,177,7,8,0.875
2002-02-01,178,7,8,0.875
2002-02-01,179,7,8,0.875
2002-02-01,180,7,8,0.875
2002-02-01,181,7,8,0.875
2002-02-01,182,7,8,0.875
2002-02-01,183,7,8,0.875
2002-02-01,184,7,8,0.875
2002-02-01,185,7,8,0.875
2002-02-01,186,7,8,0.875
2002-02-01,187,7,8,0.875
2002-02-01,188,7,8,0.875
2002-02-01,189,7,8,0.875
2002-02-01,190,7,8,0.875
2002-02-01,191,7,8,0.875
2002-02-01,192,7,8,0.875
2002-02-01,193,7,8,0.875
2002-02-01,194,7,8,0.875
2002-02-01,195,7,8,0.875
2002-02-01,196,7,8,0.875
2002-02-01,197,7,8,0.875
2002-02-01,198,7,8,0.875
2002-02-01,199,7,8,0.875
2002-02-01,200,7,8,0.875
2002-02-01,201,7,8,0.875
2002-02-01,202,7,8,0.875
2002-02-01,203,7,8,0.875
2002-02-01,204,7,8,0.875
2002-02-01,205,7,8,0.875
2002-02-01,206,7,8,0.875
2002-02-01,207,7,8,0.875
2002-02-01,208,7,8,0.875
2002-02-01,209,7,8,0.875
2002-02-01,210,7,8,0.875
2002-02-01,211,7,8,0.875
2002-02-01,212,7,8,0.875
2002-03-01,94,8,8,1.0
2002-03-01,95,8,8,1.0
2002-03-01,96,8,8,1.0
2002-03-01,97,8,8,1.0
2002-03-01,98,8,8,1.0
2002-03-01,99,8,8,1.0
2002-03-01,100,8,8,1.0
2002-03-01,101,8,8,1.0
2002-03-01,102,8,8,1.0
2002-03-01,103,8,8,1.0
2002-03-01,104,8,8,1.0
2002-03-01,105,8,8,1.0
2002-03-01,106,8,8,1.0
2002-03-01,107,8,8,1.0
2002-03-01,108,8,8,1.0
2002-03-01,109,8,8,1.0
2002-03-01,110,8,8,1.0
2002-03-01,111,8,8,1.0
2002-03-01,112,8,8,1.0
2002-03-01,113,8,8,1.0
2002-03-01,114,8,8,1.0
2002-03-01,115,8,8,1.0
2002-03-01,116,8,8,1.0
2002-03-01,117,8,8,1.0
2002-03-01,118,8,8,1.0
2002-03-01,119,8,8,1.0
2002-03-01,120,8,8,1.0
2002-03-01,121,8,8,1.0
2002-03-01,122,8,8,1.0
2002-03-01,123,8,8,1.0
2002-03-01,124,8,8,1.0
2002-03-01,125,8,8,1.0
2002-03-01,126,8,8,1.0
2002-03-01,127,8,8,1.0
2002-03-01,128,8,8,1.0
2002-03-01,129,8,8,1.0
2002-03-01,130,8,8,1.0
2002-03-01,131,8,8,1.0
2002-03-01,132,8,8,1.0
2002-03-01,133,8,8,1.0
2002-03-01,134,8,8,1.0
2002-03-01,135,8,8,1.0
2002-03-01,136,8,8,1.0
2002-03-01,137,8,8,1.0
2002-03-01,138,8,8,1.0
2002-03-01,139,8,8,1.0
2002-03-01,140,8,8,1.0
2002-03-01,141,8,8,1.0
2002-03-01,142,8,8,1.0
2002-03-01,143,8,8,1.0
2002-03-01,144,8,8,1.0
2002-03-01,145,8,8,1.0
2002-03-01,146,8,8,1.0
2002-03-01,147,8,8,1.0
2002-03-01,148,8,8,1.0
2002-03-01,149,8,8,1.0
2002-03-01,150,8,8,1.0
2002-03-01,151,8,8,1.0
2002-03-01,152,8,8,1.0
2002-03-01,153,8,8,1.0
2002-03-01,154,8,8,1.0
2002-03-01,155,8,8,1.0
2002-03-01,156,8,8,1.0
2002-03-01,157,8,8,1.0
2002-03-01,158,8,8,1.0
2002-03-01,159,8,8,1.0
2002-03-01,160,8,8,1.0
2002-03-01,161,8,8,1.0
2002-03-01,162,8,8,1.0
2002-03-01,163,8,8,1.0
2002-03-01,164,8,8,1.0
2002-03-01,165,8,8,1.0
2002-03-01,166,8,8,1.0
2002-03-01,167,8,8,1.0
2002-03-01,168,8,8,1.0
2002-03-01,169,8,8,1.0
2002-03-01,170,8,8,1.0
2002-03-01,171,8,8,1.0
2002-03-01,172,8,8,1.0
2002-03-01,173,8,8,1.0
2002-03-01,174,8,8,1.0
2002-03-01,175,8,8,1.0
2002-03-01,176,8,8,1.0
2002-03-01,177,8,8,1.0
2002-03-01,178,8,8,1.0
2002-03-01,179,8,8,1.0
2002-03-01,180,8,8,1.0
2002-03-01,181,8,8,1.0
2002-03-01,182,8,8,1.0
2002-03-01,183,8,8,1.0
2002-03-01,184,8,8,1.0
2002-03-01,185,8,8,1.0
2002-03-01,186,8,8,1.0
2002-03-01,187,8,8,1.0
2002-03-01,188,8,8,1.0
2002-03-01,189,8,8,1.0
2002-03-01,190,8,8,1.0
2002-03-01,191,8,8,1.0
2002-03-01,192,8,8,1.0
2002-03-01,193,8,8,1.0
2002-03-01,194,8,8,1.0
2002-03-01,195,8,8,1.0
2002-03-01,196,8,8,1.0
2002-03-01,197,8,8,1.0
2002-03-01,198,8,8,1.0
2002-03-01,199,8,8,1.0
2002-03-01,200,8,8,1.0
2002-03-01,201,8,8,1.0
2002-03-01,202,8,8,1.0
2002-03-01,203,8,8,1.0
2002-03-01,204,8,8,1.0
2002-03-01,205,8,8,1.0
2002-03-01,206,8,8,1.0
2002-03-01,207,8,8,1.0
2002-03-01,208,8,8,1.0
2002-03-01,209,8,8,1.0
2002-03-01,210,8,8,1.0
2002-03-01,211,8,8,1.0
2002-04-01,93,8,8,1.0
2002-04-01,94,8,8,1.0
2002-04-01,95,8,8,1.0
2002-04-01,96,8,8,1.0
2002-04-01,97,8,8,1.0
2002-04-01,98,8,8,1.0
2002-04-01,99,8,8,1.0
2002-04-01,100,8,8,1.0
2002-04-01,101,8,8,1.0
2002-04-01,102,8,8,1.0
2002-04-01,103,8,8,1.0
2002-04-01,104,8,8,1.0
2002-04-01,105,8,8,1.0
2002-04-01,106,8,8,1.0
2002-04-01,107,8,8,1.0
2002-04-01,108,8,8,1.0
2002-04-01,109,8,8,1.0
2002-04-01,110,8,8,1.0
2002-04-01,111,8,8,1.0
2002-04-01,112,8,8,1.0
2002-04-01,113,8,8,1.0
2002-04-01,114,8,8,1.0
2002-04-01,115,8,8,1.0
2002-04-01,116,8,8,1.0
2002-04-01,117,8,8,1.0
2002-04-01,118,8,8,1.0
2002-04-01,119,8,8,1.0
2002-04-01,120,8,8,1.0
2002-04-01,121,8,8,1.0
2002-04-01,122,8,8,1.0
2002-04-01,123,8,8,1.0
2002-04-01,124,8,8,1.0
2002-04-01,125,8,8,1.0
2002-04-01,126,8,8,1.0
2002-04-01,127,8,8,1.0
2002-04-01,128,8,8,1.0
2002-04-01,129,8,8,1.0
2002-04-01,130,8,8,1.0
2002-04-01,131,8,8,1.0
2002-04-01,132,8,8,1.0
2002-04-01,133,8,8,1.0
2002-04-01,134,8,8,1.0
2002-04-01,135,8,8,1.0
2002-04-01,136,8,8,1.0
2002-04-01,137,8,8,1.0
2002-04-01,138,8,8,1.0
2002-04-01,139,8,8,1.0
2002-04-01,140,8,8,1.0
2002-04-01,141,8,8,1.0
2002-04-01,142,8,8,1.0
2002-04-01,143,8,8,1.0
2002-04-01,144,8,8,1.0
2002-04-01,145,8,8,1.0
2002-04-01,146,8,8,1.0
2002-04-01,147,8,8,1.0
2002-04-01,148,8,8,1.0
2002-04-01,149,8,8,1.0
2002-04-01,150,8,8,1.0
2002-04-01,151,8,8,1.0
2002-04-01,152,8,8,1.0
2002-04-01,153,8,8,1.0
2002-04-01,154,8,8,1.0
2002-04-01,155,8,8,1.0
2002-04-01,156,8,8,1.0
2002-04-01,157,8,8,1.0
2002-04-01,158,8,8,1.0
2002-04-01,159,8,8,1.0
2002-04-01,160,8,8,1.0
2002-04-01,161,8,8,1.0
2002-04-01,162,8,8,1.0
2002-04-01,163,8,8,1.0
2002-04-01,164,8,8,1.0
2002-04-01,165,8,8,1.0
2002-04-01,166,8,8,1.0
2002-04-01,167,8,8,1.0
2002-04-01,168,8,8,1.0
2002-04-01,169,8,8,1.0
2002-04-01,170,8,8,1.0
2002-04-01,171,8,8,1.0
2002-04-01,172,8,8,1.0
2002-04-01,173,8,8,1.0
2002-04-01,174,8,8,1.0
2002-04-01,175,8,8,1.0
2002-04-01,176,8,8,1.0
2002-04-01,177,8,8,1.0
2002-04-01,178,8,8,1.0
2002-04-01,179,8,8,1.0
2002-04-01,180,8,8,1.0
2002-04-01,181,8,8,1.0
2002-04-01,182,8,8,1.0
2002-04-01,183,8,8,1.0
2002-04-01,184,8,8,1.0
2002-04-01,185,8,8,1.0
2002-04-01,186,8,8,1.0
2002-04-01,187,8,8,1.0
2002-04-01,188,8,8,1.0
2002-04-01,189,8,8,1.0
2002-04-01,190,8,8,1.0
2002-04-01,191,8,8,1.0
2002-04-01,192,8,8,1.0
2002-04-01,193,8,8,1.0
2002-04-01,194,8,8,1.0
2002-04-01,195,8,8,1.0
2002-04-01,196,8,8,1.0
2002-04-01,197,8,8,1.0
2002-04-01,198,8,8,1.0
2002-04-01,199,8,8,1.0
2002-04-01,200,8,8,1.0
2002-04-01,201,8,8,1.0
2002-04-01,202,8,8,1.0
2002-04-01,203,8,8,1.0
2002-04-01,204,8,8,1.0
2002-04-01,205,8,8,1.0
2002-04-01,206,8,8,1.0
2002-04-01,207,8,8,1.0
2002-04-01,208,8,8,1.0
2002-04-01,209,8,8,1.0
2002-04-01,210,8,8,1.0
2002-05-01,92,9,9,1.0
2002-05-01,93,9,9,1.0
2002-05-01,94,9,9,1.0
2002-05-01,95,9,9,1.0
2002-05-01,96,9,9,1.0
2002-05-01,97,9,9,1.0
2002-05-01,98,9,9,1.0
2002-05-01,99,9,9,1.0
2002-05-01,100,9,9,1.0
2002-05-01,101,9,9,1.0
2002-05-01,102,9,9,1.0
2002-05-01,103,9,9,1.0
2002-05-01,104,9,9,1.0
2002-05-01,105,9,9,1.0
2002-05-01,106,9,9,1.0
2002-05-01,107,9,9,1.0
2002-05-01,108,9,9,1.0
2002-05-01,109,9,9,1.0
2002-05-01,110,9,9,1.0
2002-05-01,111,9,9,1.0
2002-05-01,112,9,9,1.0
2002-05-01,113,9,9,1.0
2002-05-01,114,9,9,1.0
2002-05-01,115,9,9,1.0
2002-05-01,116,9,9,1.0
2002-05-01,117,9,9,1.0
2002-05-01,118,9,9,1.0
2002-05-01,119,9,9,1.0
2002-05-01,120,9,9,1.0
2002-05-01,121,9,9,1.0
2002-05-01,122,9,9,1.0
2002-05-01,123,9,9,1.0
2002-05-01,124,9,9,1.0
2002-05-01,125,9,9,1.0
2002-05-01,126,9,9,1.0
2002-05-01,127,9,9,1.0
2002-05-01,128,9,9,1.0
2002-05-01,129,9,9,1.0
2002-05-01,130,9,9,1.0
2002-05-01,131,9,9,1.0
2002-05-01,132,9,9,1.0
2002-05-01,133,9,9,1.0
2002-05-01,134,9,9,1.0
2002-05-01,135,9,9,1.0
2002-05-01,136,9,9,1.0
2002-05-01,137,9,9,1.0
2002-05-01,138,9,9,1.0
2002-05-01,139,9,9,1.0
2002-05-01,140,9,9,1.0
2002-05-01,141,9,9,1.0
2002-05-01,142,9,9,1.0
2002-05-01,143,9,9,1.0
2002-05-01,144,9,9,1.0
2002-05-01,145,9,9,1.0
2002-05-01,146,9,9,1.0
2002-05-01,147,9,9,1.0
2002-05-01,148,9,9,1.0
2002-05-01,149,9,9,1.0
2002-05-01,150,9,9,1.0
2002-05-01,151,9,9,1.0
2002-05-01,152,9,9,1.0
2002-05-01,153,9,9,1.0
2002-05-01,154,9,9,1.0
2002-05-01,155,9,9,1.0
2002-05-01,156,9,9,1.0
2002-05-01,157,9,9,1.0
2002-05-01,158,9,9,1.0
2002-05-01,159,9,9,1.0
2002-05-01,160,9,9,1.0
2002-05-01,161,9,9,1.0
2002-05-01,162,9,9,1.0
2002-05-01,163,9,9,1.0
2002-05-01,164,9,9,1.0
2002-05-01,165,9,9,1.0
2002-05-01,166,9,9,1.0
2002-05-01,167,9,9,1.0
2002-05-01,168,9,9,1.0
2002-05-01,169,9,9,1.0
2002-05-01,170,9,9,1.0
2002-05-01,171,9,9,1.0
2002-05-01,172,9,9,1.0
2002-05-01,173,9,9,1.0
2002-05-01,174,9,9,1.0
2002-05-01,175,9,9,1.0
2002-05-01,176,9,9,1.0
2002-05-01,177,9,9,1.0
2002-05-01,178,9,9,1.0
2002-05-01,179,9,9,1.0
2002-05-01,180,9,9,1.0
2002-05-01,181,9,9,1.0
2002-05-01,182,9,9,1.0
2002-05-01,183,9,9,1.0
2002-05-01,184,9,9,1.0
2002-05-01,185,9,9,1.0
2002-05-01,186,9,9,1.0
2002-05-01,187,9,9,1.0
2002-05-01,188,9,9,1.0
2002-05-01,189,9,9,1.0
2002-05-01,190,9,9,1.0
2002-05-01,191,9,9,1.0
2002-05-01,192,9,9,1.0
2002-05-01,193,9,9,1.0
2002-05-01,194,9,9,1.0
2002-05-01,195,9,9,1.0
2002-05-01,196,9,9,1.0
2002-05-01,197,9,9,1.0
2002-05-01,198,9,9,1.0
2002-05-01,199,9,9,1.0
2002-05-01,200,9,9,1.0
2002-05-01,201,9,9,1.0
2002-05-01,202,9,9,1.0
2002-05-01,203,9,9,1.0
2002-05-01,204,9,9,1.0
2002-05-01,205,9,9,1.0
2002-05-01,206,9,9,1.0
2002-05-01,207,9,9,1.0
2002-05-01,208,9,9,1.0
2002-05-01,209,9,9,1.0
2002-06-01,91,10,11,0.9090909090909091
2002-06-01,92,10,11,0.9090909090909091
2002-06-01,93,10,11,0.9090909090909091
2002-06-01,94,10,11,0.9090909090909091
2002-06-01,95,10,11,0.9090909090909091
2002-06-01,96,10,11,0.9090909090909091
2002-06-01,97,10,11,0.9090909090909091
2002-06-01,98,10,11,0.9090909090909091
2002-06-01,99,10,11,0.9090909090909091
2002-06-01,100,10,11,0.9090909090909091
2002-06-01,101,10,11,0.9090909090909091
2002-06-01,102,10,11,0.9090909090909091
2002-06-01,103,10,11,0.9090909090909091
2002-06-01,104,10,11,0.9090909090909091
2002-06-01,105,10,11,0.9090909090909091
2002-06-01,106,10,11,0.9090909090909091
2002-06-01,107,10,11,0.9090909090909091
2002-06-01,108,10,11,0.9090909090909091
2002-06-01,109,10,11,0.9090909090909091
2002-06-01,110,10,11,0.9090909090909091
2002-06-01,111,9,11,0.8181818181818182
2002-06-01,112,9,11,0.8181818181818182
2002-06-01,113,9,11,0.8181818181818182
2002-06-01,114,9,11,0.8181818181818182
2002-06-01,115,9,11,0.8181818181818182
2002-06-01,116,9,11,0.8181818181818182
2002-06-01,117,9,11,0.8181818181818182
2002-06-01,118,9,11,0.8181818181818182
2002-06-01,119,9,11,0.8181818181818182
2002-06-01,120,9,11,0.8181818181818182
2002-06-01,121,9,11,0.8181818181818182
2002-06-01,122,9,11,0.8181818181818182
2002-06-01,123,9,11,0.8181818181818182
2002-06-01,124,9,11,0.8181818181818182
2002-06-01,125,9,11,0.8181818181818182
2002-06-01,126,9,11,0.8181818181818182
2002-06-01,127,9,11,0.8181818181818182
2002-06-01,128,9,11,0.8181818181818182
2002-06-01,129,9,11,0.8181818181818182
2002-06-01,130,9,11,0.8181818181818182
2002-06-01,131,9,11,0.8181818181818182
2002-06-01,132,10,11,0.9090909090909091
2002-06-01,133,10,11,0.9090909090909091
2002-06-01,134,10,11,0.9090909090909091
2002-06-01,135,10,11,0.9090909090909091
2002-06-01,136,10,11,0.9090909090909091
2002-06-01,137,10,11,0.9090909090909091
2002-06-01,138,10,11,0.9090909090909091
2002-06-01,139,10,11,0.9090909090909091
2002-06-01,140,10,11,0.9090909090909091
2002-06-01,141,10,11,0.9090909090909091
2002-06-01,142,10,11,0.9090909090909091
2002-06-01,143,10,11,0.9090909090909091
2002-06-01,144,10,11,0.9090909090909091
2002-06-01,145,10,11,0.9090909090909091
2002-06-01,146,10,11,0.9090909090909091
2002-06-01,147,10,11,0.9090909090909091
2002-06-01,148,10,11,0.9090909090909091
2002-06-01,149,10,11,0.9090909090909091
2002-06-01,150,10,11,0.9090909090909091
2002-06-01,151,10,11,0.9090909090909091
2002-06-01,152,10,11,0.9090909090909091
2002-06-01,153,10,11,0.9090909090909091
2002-06-01,154,10,11,0.9090909090909091
2002-06-01,155,10,11,0.9090909090909091
2002-06-01,156,10,11,0.9090909090909091
2002-06-01,157,10,11,0.9090909090909091
2002-06-01,158,10,11,0.9090909090909091
2002-06-01,159,10,11,0.9090909090909091
2002-06-01,160,10,11,0.9090909090909091
2002-06-01,161,10,11,0.9090909090909091
2002-06-01,162,10,11,0.9090909090909091
2002-06-01,163,10,11,0.9090909090909091
2002-06-01,164,10,11,0.9090909090909091
2002-06-01,165,10,11,0.9090909090909091
2002-06-01,166,10,11,0.9090909090909091
2002-06-01,167,10,11,0.9090909090909091
2002-06-01,168,10,11,0.9090909090909091
2002-06-01,169,10,11,0.9090909090909091
2002-06-01,170,10,11,0.9090909090909091
2002-06-01,171,10,11,0.9090909090909091
2002-06-01,172,10,11,0.9090909090909091
2002-06-01,173,10,11,0.9090909090909091
2002-06-01,174,10,11,0.9090909090909091
2002-06-01,175,10,11,0.9090909090909091
2002-06-01,176,10,11,0.9090909090909091
2002-06-01,177,10,11,0.9090909090909091
2002-06-01,178,10,11,0.9090909090909091
2002-06-01,179,10,11,0.9090909090909091
2002-06-01,180,10,11,0.9090909090909091
2002-06-01,181,10,11,0.9090909090909091
2002-06-01,182,10,11,0.9090909090909091
2002-06-01,183,10,11,0.9090909090909091
2002-06-01,184,10,11,0.9090909090909091
2002-06-01,185,10,11,0.9090909090909091
2002-06-01,186,10,11,0.9090909090909091
2002-06-01,187,10,11,0.9090909090909091
2002-06-01,188,10,11,0.9090909090909091
2002-06-01,189,10,11,0.9090909090909091
2002-06-01,190,10,11,0.9090909090909091
2002-06-01,191,10,11,0.9090909090909091
2002-06-01,192,10,11,0.9090909090909091
2002-06-01,193,10,11,0.9090909090909091
2002-06-01,194,10,11,0.9090909090909091
2002-06-01,195,10,11,0.9090909090909091
2002-06-01,196,10,11,0.9090909090909091
2002-06-01,197,10,11,0.9090909090909091
2002-06-01,198,10,11,0.9090909090909091
2002-06-01,199,10,11,0.9090909090909091
2002-06-01,200,10,11,0.9090909090909091
2002-06-01,201,10,11,0.9090909090909091
2002-06-01,202,10,11,0.9090909090909091
2002-06-01,203,10,11,0.9090909090909091
2002-06-01,204,10,11,0.9090909090909091
2002-06-01,205,10,11,0.9090909090909091
2002-06-01,206,10,11,0.9090909090909091
2002-06-01,207,10,11,0.9090909090909091
2002-06-01,208,10,11,0.9090909090909091
2002-07-01,90,9,11,0.8181818181818182
2002-07-01,91,9,11,0.8181818181818182
2002-07-01,92,9,11,0.8181818181818182
2002-07-01,93,9,11,0.8181818181818182
2002-07-01,94,9,11,0.8181818181818182
2002-07-01,95,9,11,0.8181818181818182
2002-07-01,96,9,11,0.8181818181818182
2002-07-01,97,9,11,0.8181818181818182
2002-07-01,98,9,11,0.8181818181818182
2002-07-01,99,9,11,0.8181818181818182
2002-07-01,100,9,11,0.8181818181818182
2002-07-01,101,9,11,0.8181818181818182
2002-07-01,102,9,11,0.8181818181818182
2002-07-01,103,9,11,0.8181818181818182
2002-07-01,104,9,11,0.8181818181818182
2002-07-01,105,9,11,0.8181818181818182
2002-07-01,106,9,11,0.8181818181818182
2002-07-01,107,9,11,0.8181818181818182
2002-07-01,108,9,11,0.8181818181818182
2002-07-01,109,9,11,0.8181818181818182
2002-07-01,110,9,11,0.8181818181818182
2002-07-01,111,9,11,0.8181818181818182
2002-07-01,112,9,11,0.8181818181818182
2002-07-01,113,9,11,0.8181818181818182
2002-07-01,114,9,11,0.8181818181818182
2002-07-01,115,9,11,0.8181818181818182
2002-07-01,116,9,11,0.8181818181818182
2002-07-01,117,9,11,0.8181818181818182
2002-07-01,118,9,11,0.8181818181818182
2002-07-01,119,9,11,0.8181818181818182
2002-07-01,120,9,11,0.8181818181818182
2002-07-01,121,9,11,0.8181818181818182
2002-07-01,122,9,11,0.8181818181818182
2002-07-01,123,9,11,0.8181818181818182
2002-07-01,124,9,11,0.8181818181818182
2002-07-01,125,9,11,0.8181818181818182
2002-07-01,126,9,11,0.8181818181818182
2002-07-01,127,9,11,0.8181818181818182
2002-07-01,128,9,11,0.8181818181818182
2002-07-01,129,9,11,0.8181818181818182
2002-07-01,130,9,11,0.8181818181818182
2002-07-01,131,9,11,0.8181818181818182
2002-07-01,132,9,11,0.8181818181818182
2002-07-01,133,9,11,0.8181818181818182
2002-07-01,134,9,11,0.8181818181818182
2002-07-01,135,9,11,0.8181818181818182
2002-07-01,136,9,11,0.8181818181818182
2002-07-01,137,9,11,0.8181818181818182
2002-07-01,138,9,11,0.8181818181818182
2002-07-01,139,9,11,0.8181818181818182
2002-07-01,140,9,11,0.8181818181818182
2002-07-01,141,9,11,0.8181818181818182
2002-07-01,142,9,11,0.8181818181818182
2002-07-01,143,9,11,0.8181818181818182
2002-07-01,144,9,11,0.8181818181818182
2002-07-01,145,9,11,0.8181818181818182
2002-07-01,146,9,11,0.8181818181818182
2002-07-01,147,9,11,0.8181818181818182
2002-07-01,148,9,11,0.8181818181818182
2002-07-01,149,9,11,0.8181818181818182
2002-07-01,150,9,11,0.8181818181818182
2002-07-01,151,9,11,0.8181818181818182
2002-07-01,152,9,11,0.8181818181818182
2002-07-01,153,9,11,0.8181818181818182
2002-07-01,154,9,11,0.8181818181818182
2002-07-01,155,9,11,0.8181818181818182
2002-07-01,156,9,11,0.8181818181818182
2002-07-01,157,9,11,0.8181818181818182
2002-07-01,158,9,11,0.8181818181818182
2002-07-01,159,9,11,0.8181818181818182
2002-07-01,160,9,11,0.8181818181818182
2002-07-01,161,9,11,0.8181818181818182
2002-07-01,162,9,11,0.8181818181818182
2002-07-01,163,9,11,0.8181818181818182
2002-07-01,164,9,11,0.8181818181818182
2002-07-01,165,9,11,0.8181818181818182
2002-07-01,166,9,11,0.8181818181818182
2002-07-01,167,9,11,0.8181818181818182
2002-07-01,168,9,11,0.8181818181818182
2002-07-01,169,9,11,0.8181818181818182
2002-07-01,170,9,11,0.8181818181818182
2002-07-01,171,9,11,0.8181818181818182
2002-07-01,172,9,11,0.8181818181818182
2002-07-01,173,9,11,0.8181818181818182
2002-07-01,174,9,11,0.8181818181818182
2002-07-01,175,9,11,0.8181818181818182
2002-07-01,176,9,11,0.8181818181818182
2002-07-01,177,9,11,0.8181818181818182
2002-07-01,178,9,11,0.8181818181818182
2002-07-01,179,9,11,0.8181818181818182
2002-07-01,180,9,11,0.8181818181818182
2002-07-01,181,9,11,0.8181818181818182
2002-07-01,182,9,11,0.8181818181818182
2002-07-01,183,9,11,0.8181818181818182
2002-07-01,184,9,11,0.8181818181818182
2002-07-01,185,9,11,0.8181818181818182
2002-07-01,186,9,11,0.8181818181818182
2002-07-01,187,9,11,0.8181818181818182
2002-07-01,188,9,11,0.8181818181818182
2002-07-01,189,9,11,0.8181818181818182
2002-07-01,190,9,11,0.8181818181818182
2002-07-01,191,9,11,0.8181818181818182
2002-07-01,192,9,11,0.8181818181818182
2002-07-01,193,9,11,0.8181818181818182
2002-07-01,194,9,11,0.8181818181818182
2002-07-01,195,9,11,0.8181818181818182
2002-07-01,196,9,11,0.8181818181818182
2002-07-01,197,9,11,0.8181818181818182
2002-07-01,198,9,11,0.8181818181818182
2002-07-01,199,9,11,0.8181818181818182
2002-07-01,200,9,11,0.8181818181818182
2002-07-01,201,9,11,0.8181818181818182
2002-07-01,202,9,11,0.8181818181818182
2002-07-01,203,9,11,0.8181818181818182
2002-07-01,204,9,11,0.8181818181818182
2002-07-01,205,9,11,0.8181818181818182
2002-07-01,206,9,11,0.8181818181818182
2002-07-01,207,9,11,0.8181818181818182
2002-08-01,89,4,4,1.0
2002-08-01,90,4,4,1.0
2002-08-01,91,4,4,1.0
2002-08-01,92,4,4,1.0
2002-08-01,93,4,4,1.0
2002-08-01,94,4,4,1.0
2002-08-01,95,4,4,1.0
2002-08-01,96,4,4,1.0
2002-08-01,97,4,4,1.0
2002-08-01,98,4,4,1.0
2002-08-01,99,4,4,1.0
2002-08-01,100,4,4,1.0
2002-08-01,101,4,4,1.0
2002-08-01,102,4,4,1.0
2002-08-01,103,4,4,1.0
2002-08-01,104,4,4,1.0
2002-08-01,105,4,4,1.0
2002-08-01,106,4,4,1.0
2002-08-01,107,4,4,1.0
2002-08-01,108,4,4,1.0
2002-08-01,109,4,4,1.0
2002-08-01,110,4,4,1.0
2002-08-01,111,4,4,1.0
2002-08-01,112,4,4,1.0
2002-08-01,113,4,4,1.0
2002-08-01,114,4,4,1.0
2002-08-01,115,4,4,1.0
2002-08-01,116,4,4,1.0
2002-08-01,117,4,4,1.0
2002-08-01,118,4,4,1.0
2002-08-01,119,4,4,1.0
2002-08-01,120,4,4,1.0
2002-08-01,121,4,4,1.0
2002-08-01,122,4,4,1.0
2002-08-01,123,4,4,1.0
2002-08-01,124,4,4,1.0
2002-08-01,125,4,4,1.0
2002-08-01,126,4,4,1.0
2002-08-01,127,4,4,1.0
2002-08-01,128,4,4,1.0
2002-08-01,129,4,4,1.0
2002-08-01,130,4,4,1.0
2002-08-01,131,4,4,1.0
2002-08-01,132,4,4,1.0
2002-08-01,133,4,4,1.0
2002-08-01,134,4,4,1.0
2002-08-01,135,4,4,1.0
2002-08-01,136,4,4,1.0
2002-08-01,137,4,4,1.0
2002-08-01,138,4,4,1.0
2002-08-01,139,4,4,1.0
2002-08-01,140,4,4,1.0
2002-08-01,141,4,4,1.0
2002-08-01,142,4,4,1.0
2002-08-01,143,4,4,1.0
2002-08-01,144,4,4,1.0
2002-08-01,145,4,4,1.0
2002-08-01,146,4,4,1.0
2002-08-01,147,4,4,1.0
2002-08-01,148,4,4,1.0
2002-08-01,149,4,4,1.0
2002-08-01,150,4,4,1.0
2002-08-01,151,4,4,1.0
2002-08-01,152,4,4,1.0
2002-08-01,153,4,4,1.0
2002-08-01,154,4,4,1.0
2002-08-01,155,4,4,1.0
2002-08-01,156,4,4,1.0
2002-08-01,157,4,4,1.0
2002-08-01,158,4,4,1.0
2002-08-01,159,4,4,1.0
2002-08-01,160,4,4,1.0
2002-08-01,161,4,4,1.0
2002-08-01,162,4,4,1.0
2002-08-01,163,4,4,1.0
2002-08-01,164,4,4,1.0
2002-08-01,165,4,4,1.0
2002-08-01,166,4,4,1.0
2002-08-01,167,4,4,1.0
2002-08-01,168,4,4,1.0
2002-08-01,169,4,4,1.0
2002-08-01,170,4,4,1.0
2002-08-01,171,4,4,1.0
2002-08-01,172,4,4,1.0
2002-08-01,173,4,4,1.0
2002-08-01,174,4,4,1.0
2002-08-01,175,4,4,1.0
2002-08-01,176,4,4,1.0
2002-08-01,177,4,4,1.0
2002-08-01,178,4,4,1.0
2002-08-01,179,4,4,1.0
2002-08-01,180,4,4,1.0
2002-08-01,181,4,4,1.0
2002-08-01,182,4,4,1.0
2002-08-01,183,4,4,1.0
2002-08-01,184,4,4,1.0
2002-08-01,185,4,4,1.0
2002-08-01,186,4,4,1.0
2002-08-01,187,4,4,1.0
2002-08-01,188,4,4,1.0
2002-08-01,189,4,4,1.0
2002-08-01,190,4,4,1.0
2002-08-01,191,4,4,1.0
2002-08-01,192,4,4,1.0
2002-08-01,193,4,4,1.0
2002-08-01,194,4,4,1.0
2002-08-01,195,4,4,1.0
2002-08-01,196,4,4,1.0
2002-08-01,197,4,4,1.0
2002-08-01,198,4,4,1.0
2002-08-01,199,4,4,1.0
2002-08-01,200,4,4,1.0
2002-08-01,201,4,4,1.0
2002-08-01,202,4,4,1.0
2002-08-01,203,4,4,1.0
2002-08-01,204,4,4,1.0
2002-08-01,205,4,4,1.0
2002-08-01,206,4,4,1.0
2002-09-01,88,9,9,1.0
2002-09-01,89,9,9,1.0
2002-09-01,90,9,9,1.0
2002-09-01,91,9,9,1.0
2002-09-01,92,9,9,1.0
2002-09-01,93,9,9,1.0
2002-09-01,94,9,9,1.0
2002-09-01,95,9,9,1.0
2002-09-01,96,9,9,1.0
2002-09-01,97,9,9,1.0
2002-09-01,98,9,9,1.0
2002-09-01,99,9,9,1.0
2002-09-01,100,9,9,1.0
2002-09-01,101,9,9,1.0
2002-09-01,102,9,9,1.0
2002-09-01,103,9,9,1.0
2002-09-01,104,9,9,1.0
2002-09-01,105,9,9,1.0
2002-09-01,106,9,9,1.0
2002-09-01,107,9,9,1.0
2002-09-01,108,9,9,1.0
2002-09-01,109,9,9,1.0
2002-09-01,110,9,9,1.0
2002-09-01,111,9,9,1.0
2002-09-01,112,9,9,1.0
2002-09-01,113,9,9,1.0
2002-09-01,114,9,9,1.0
2002-09-01,115,9,9,1.0
2002-09-01,116,9,9,1.0
2002-09-01,117,9,9,1.0
2002-09-01,118,9,9,1.0
2002-09-01,119,9,9,1.0
2002-09-01,120,9,9,1.0
2002-09-01,121,9,9,1.0
2002-09-01,122,9,9,1.0
2002-09-01,123,9,9,1.0
2002-09-01,124,9,9,1.0
2002-09-01,125,9,9,1.0
2002-09-01,126,9,9,1.0
2002-09-01,127,9,9,1.0
2002-09-01,128,9,9,1.0
2002-09-01,129,9,9,1.0
2002-09-01,130,9,9,1.0
2002-09-01,131,9,9,1.0
2002-09-01,132,9,9,1.0
2002-09-01,133,9,9,1.0
2002-09-01,134,9,9,1.0
2002-09-01,135,9,9,1.0
2002-09-01,136,9,9,1.0
2002-09-01,137,9,9,1.0
2002-09-01,138,9,9,1.0
2002-09-01,139,9,9,1.0
2002-09-01,140,9,9,1.0
2002-09-01,141,9,9,1.0
2002-09-01,142,9,9,1.0
2002-09-01,143,9,9,1.0
2002-09-01,144,9,9,1.0
2002-09-01,145,9,9,1.0
2002-09-01,146,9,9,1.0
2002-09-01,147,9,9,1.0
2002-09-01,148,9,9,1.0
2002-09-01,149,9,9,1.0
2002-09-01,150,9,9,1.0
2002-09-01,151,9,9,1.0
2002-09-01,152,9,9,1.0
2002-09-01,153,9,9,1.0
2002-09-01,154,9,9,1.0
2002-09-01,155,9,9,1.0
2002-09-01,156,9,9,1.0
2002-09-01,157,9,9,1.0
2002-09-01,158,9,9,1.0
2002-09-01,159,9,9,1.0
2002-09-01,160,9,9,1.0
2002-09-01,161,9,9,1.0
2002-09-01,162,9,9,1.0
2002-09-01,163,9,9,1.0
2002-09-01,164,9,9,1.0
2002-09-01,165,9,9,1.0
2002-09-01,166,9,9,1.0
2002-09-01,167,9,9,1.0
2002-09-01,168,9,9,1.0
2002-09-01,169,9,9,1.0
2002-09-01,170,9,9,1.0
2002-09-01,171,9,9,1.0
2002-09-01,172,9,9,1.0
2002-09-01,173,9,9,1.0
2002-09-01,174,9,9,1.0
2002-09-01,175,9,9,1.0
2002-09-01,176,9,9,1.0
2002-09-01,177,9,9,1.0
2002-09-01,178,9,9,1.0
2002-09-01,179,9,9,1.0
2002-09-01,180,9,9,1.0
2002-09-01,181,9,9,1.0
2002-09-01,182,9,9,1.0
2002-09-01,183,9,9,1.0
2002-09-01,184,9,9,1.0
2002-09-01,185,9,9,1.0
2002-09-01,186,9,9,1.0
2002-09-01,187,9,9,1.0
2002-09-01,188,9,9,1.0
2002-09-01,189,9,9,1.0
2002-09-01,190,9,9,1.0
2002-09-01,191,9,9,1.0
2002-09-01,192,9,9,1.0
2002-09-01,193,9,9,1.0
2002-09-01,194,9,9,1.0
2002-09-01,195,9,9,1.0
2002-09-01,196,9,9,1.0
2002-09-01,197,9,9,1.0
2002-09-01,198,9,9,1.0
2002-09-01,199,9,9,1.0
2002-09-01,200,9,9,1.0
2002-09-01,201,9,9,1.0
2002-09-01,202,9,9,1.0
2002-09-01,203,9,9,1.0
2002-09-01,204,9,9,1.0
2002-09-01,205,9,9,1.0
2002-10-01,87,12,14,0.8571428571428571
2002-10-01,88,12,14,0.8571428571428571
2002-10-01,89,12,14,0.8571428571428571
2002-10-01,90,12,14,0.8571428571428571
2002-10-01,91,12,14,0.8571428571428571
2002-10-01,92,12,14,0.8571428571428571
2002-10-01,93,12,14,0.8571428571428571
2002-10-01,94,12,14,0.8571428571428571
2002-10-01,95,12,14,0.8571428571428571
2002-10-01,96,12,14,0.8571428571428571
2002-10-01,97,12,14,0.8571428571428571
2002-10-01,98,12,14,0.8571428571428571
2002-10-01,99,12,14,0.8571428571428571
2002-10-01,100,12,14,0.8571428571428571
2002-10-01,101,12,14,0.8571428571428571
2002-10-01,102,12,14,0.8571428571428571
2002-10-01,103,12,14,0.8571428571428571
2002-10-01,104,12,14,0.8571428571428571
2002-10-01,105,12,14,0.8571428571428571
2002-10-01,106,12,14,0.8571428571428571
2002-10-01,107,12,14,0.8571428571428571
2002-10-01,108,12,14,0.8571428571428571
2002-10-01,109,12,14,0.8571428571428571
2002-10-01,110,12,14,0.8571428571428571
2002-10-01,111,12,14,0.8571428571428571
2002-10-01,112,12,14,0.8571428571428571
2002-10-01,113,12,14,0.8571428571428571
2002-10-01,114,12,14,0.8571428571428571
2002-10-01,115,12,14,0.8571428571428571
2002-10-01,116,12,14,0.8571428571428571
2002-10-01,117,12,14,0.8571428571428571
2002-10-01,118,12,14,0.8571428571428571
2002-10-01,119,12,14,0.8571428571428571
2002-10-01,120,12,14,0.8571428571428571
2002-10-01,121,12,14,0.8571428571428571
2002-10-01,122,12,14,0.8571428571428571
2002-10-01,123,12,14,0.8571428571428571
2002-10-01,124,12,14,0.8571428571428571
2002-10-01,125,12,14,0.8571428571428571
2002-10-01,126,12,14,0.8571428571428571
2002-10-01,127,12,14,0.8571428571428571
2002-10-01,128,12,14,0.8571428571428571
2002-10-01,129,12,14,0.8571428571428571
2002-10-01,130,12,14,0.8571428571428571
2002-10-01,131,12,14,0.8571428571428571
2002-10-01,132,12,14,0.8571428571428571
2002-10-01,133,12,14,0.8571428571428571
2002-10-01,134,12,14,0.8571428571428571
2002-10-01,135,12,14,0.8571428571428571
2002-10-01,136,12,14,0.8571428571428571
2002-10-01,137,12,14,0.8571428571428571
2002-10-01,138,12,14,0.8571428571428571
2002-10-01,139,12,14,0.8571428571428571
2002-10-01,140,12,14,0.8571428571428571
2002-10-01,141,12,14,0.8571428571428571
2002-10-01,142,12,14,0.8571428571428571
2002-10-01,143,12,14,0.8571428571428571
2002-10-01,144,12,14,0.8571428571428571
2002-10-01,145,12,14,0.8571428571428571
2002-10-01,146,12,14,0.8571428571428571
2002-10-01,147,12,14,0.8571428571428571
2002-10-01,148,12,14,0.8571428571428571
2002-10-01,149,12,14,0.8571428571428571
2002-10-01,150,12,14,0.8571428571428571
2002-10-01,151,12,14,0.8571428571428571
2002-10-01,152,12,14,0.8571428571428571
2002-10-01,153,12,14,0.8571428571428571
2002-10-01,154,12,14,0.8571428571428571
2002-10-01,155,12,14,0.8571428571428571
2002-10-01,156,12,14,0.8571428571428571
2002-10-01,157,12,14,0.8571428571428571
2002-10-01,158,12,14,0.8571428571428571
2002-10-01,159,12,14,0.8571428571428571
2002-10-01,160,12,14,0.8571428571428571
2002-10-01,161,12,14,0.8571428571428571
2002-10-01,162,12,14,0.8571428571428571
2002-10-01,163,12,14,0.8571428571428571
2002-10-01,164,12,14,0.8571428571428571
2002-10-01,165,12,14,0.8571428571428571
2002-10-01,166,12,14,0.8571428571428571
2002-10-01,167,12,14,0.8571428571428571
2002-10-01,168,12,14,0.8571428571428571
2002-10-01,169,12,14,0.8571428571428571
2002-10-01,170,12,14,0.8571428571428571
2002-10-01,171,12,14,0.8571428571428571
2002-10-01,172,12,14,0.8571428571428571
2002-10-01,173,12,14,0.8571428571428571
2002-10-01,174,12,14,0.8571428571428571
2002-10-01,175,12,14,0.8571428571428571
2002-10-01,176,12,14,0.8571428571428571
2002-10-01,177,12,14,0.8571428571428571
2002-10-01,178,12,14,0.8571428571428571
2002-10-01,179,12,14,0.8571428571428571
2002-10-01,180,12,14,0.8571428571428571
2002-10-01,181,12,14,0.8571428571428571
2002-10-01,182,12,14,0.8571428571428571
2002-10-01,183,12,14,0.8571428571428571
2002-10-01,184,12,14,0.8571428571428571
2002-10-01,185,12,14,0.8571428571428571
2002-10-01,186,12,14,0.8571428571428571
2002-10-01,187,12,14,0.8571428571428571
2002-10-01,188,12,14,0.8571428571428571
2002-10-01,189,12,14,0.8571428571428571
2002-10-01,190,12,14,0.8571428571428571
2002-10-01,191,12,14,0.8571428571428571
2002-10-01,192,12,14,0.8571428571428571
2002-10-01,193,12,14,0.8571428571428571
2002-10-01,194,12,14,0.8571428571428571
2002-10-01,195,12,14,0.8571428571428571
2002-10-01,196,12,14,0.8571428571428571
2002-10-01,197,12,14,0.8571428571428571
2002-10-01,198,12,14,0.8571428571428571
2002-10-01,199,12,14,0.8571428571428571
2002-10-01,200,12,14,0.8571428571428571
2002-10-01,201,12,14,0.8571428571428571
2002-10-01,202,12,14,0.8571428571428571
2002-10-01,203,12,14,0.8571428571428571
2002-10-01,204,12,14,0.8571428571428571
2002-11-01,86,8,9,0.8888888888888888
2002-11-01,87,8,9,0.8888888888888888
2002-11-01,88,8,9,0.8888888888888888
2002-11-01,89,8,9,0.8888888888888888
2002-11-01,90,8,9,0.8888888888888888
2002-11-01,91,8,9,0.8888888888888888
2002-11-01,92,8,9,0.8888888888888888
2002-11-01,93,8,9,0.8888888888888888
2002-11-01,94,8,9,0.8888888888888888
2002-11-01,95,8,9,0.8888888888888888
2002-11-01,96,8,9,0.8888888888888888
2002-11-01,97,8,9,0.8888888888888888
2002-11-01,98,8,9,0.8888888888888888
2002-11-01,99,8,9,0.8888888888888888
2002-11-01,100,8,9,0.8888888888888888
2002-11-01,101,8,9,0.8888888888888888
2002-11-01,102,8,9,0.8888888888888888
2002-11-01,103,8,9,0.8888888888888888
2002-11-01,104,8,9,0.8888888888888888
2002-11-01,105,8,9,0.8888888888888888
2002-11-01,106,8,9,0.8888888888888888
2002-11-01,107,8,9,0.8888888888888888
2002-11-01,108,8,9,0.8888888888888888
2002-11-01,109,8,9,0.8888888888888888
2002-11-01,110,8,9,0.8888888888888888
2002-11-01,111,8,9,0.8888888888888888
2002-11-01,112,8,9,0.8888888888888888
2002-11-01,113,8,9,0.8888888888888888
2002-11-01,114,8,9,0.8888888888888888
2002-11-01,115,8,9,0.8888888888888888
2002-11-01,116,8,9,0.8888888888888888
2002-11-01,117,8,9,0.8888888888888888
2002-11-01,118,8,9,0.8888888888888888
2002-11-01,119,8,9,0.8888888888888888
2002-11-01,120,8,9,0.8888888888888888
2002-11-01,121,8,9,0.8888888888888888
2002-11-01,122,8,9,0.8888888888888888
2002-11-01,123,8,9,0.8888888888888888
2002-11-01,124,8,9,0.8888888888888888
2002-11-01,125,8,9,0.8888888888888888
2002-11-01,126,8,9,0.8888888888888888
2002-11-01,127,8,9,0.8888888888888888
2002-11-01,128,8,9,0.8888888888888888
2002-11-01,129,8,9,0.8888888888888888
2002-11-01,130,8,9,0.8888888888888888
2002-11-01,131,8,9,0.8888888888888888
2002-11-01,132,8,9,0.8888888888888888
2002-11-01,133,8,9,0.8888888888888888
2002-11-01,134,8,9,0.8888888888888888
2002-11-01,135,8,9,0.8888888888888888
2002-11-01,136,8,9,0.8888888888888888
2002-11-01,137,8,9,0.8888888888888888
2002-11-01,138,8,9,0.8888888888888888
2002-11-01,139,8,9,0.8888888888888888
2002-11-01,140,8,9,0.8888888888888888
2002-11-01,141,8,9,0.8888888888888888
2002-11-01,142,8,9,0.8888888888888888
2002-11-01,143,8,9,0.8888888888888888
2002-11-01,144,8,9,0.8888888888888888
2002-11-01,145,8,9,0.8888888888888888
2002-11-01,146,8,9,0.8888888888888888
2002-11-01,147,8,9,0.8888888888888888
2002-11-01,148,8,9,0.8888888888888888
2002-11-01,149,8,9,0.8888888888888888
2002-11-01,150,8,9,0.8888888888888888
2002-11-01,151,8,9,0.8888888888888888
2002-11-01,152,8,9,0.8888888888888888
2002-11-01,153,8,9,0.8888888888888888
2002-11-01,154,8,9,0.8888888888888888
2002-11-01,155,8,9,0.8888888888888888
2002-11-01,156,8,9,0.8888888888888888
2002-11-01,157,8,9,0.8888888888888888
2002-11-01,158,8,9,0.8888888888888888
2002-11-01,159,8,9,0.8888888888888888
2002-11-01,160,8,9,0.8888888888888888
2002-11-01,161,8,9,0.8888888888888888
2002-11-01,162,8,9,0.8888888888888888
2002-11-01,163,8,9,0.8888888888888888
2002-11-01,164,8,9,0.8888888888888888
2002-11-01,165,8,9,0.8888888888888888
2002-11-01,166,8,9,0.8888888888888888
2002-11-01,167,8,9,0.8888888888888888
2002-11-01,168,8,9,0.8888888888888888
2002-11-01,169,8,9,0.8888888888888888
2002-11-01,170,8,9,0.8888888888888888
2002-11-01,171,8,9,0.8888888888888888
2002-11-01,172,8,9,0.8888888888888888
2002-11-01,173,8,9,0.8888888888888888
2002-11-01,174,8,9,0.8888888888888888
2002-11-01,175,8,9,0.8888888888888888
2002-11-01,176,8,9,0.8888888888888888
2002-11-01,177,8,9,0.8888888888888888
2002-11-01,178,8,9,0.8888888888888888
2002-11-01,179,8,9,0.8888888888888888
2002-11-01,180,8,9,0.8888888888888888
2002-11-01,181,8,9,0.8888888888888888
2002-11-01,182,8,9,0.8888888888888888
2002-11-01,183,8,9,0.8888888888888888
2002-11-01,184,8,9,0.8888888888888888
2002-11-01,185,8,9,0.8888888888888888
2002-11-01,186,8,9,0.8888888888888888
2002-11-01,187,8,9,0.8888888888888888
2002-11-01,188,8,9,0.8888888888888888
2002-11-01,189,8,9,0.8888888888888888
2002-11-01,190,8,9,0.8888888888888888
2002-11-01,191,8,9,0.8888888888888888
2002-11-01,192,8,9,0.8888888888888888
2002-11-01,193,8,9,0.8888888888888888
2002-11-01,194,8,9,0.8888888888888888
2002-11-01,195,8,9,0.8888888888888888
2002-11-01,196,8,9,0.8888888888888888
2002-11-01,197,8,9,0.8888888888888888
2002-11-01,198,8,9,0.8888888888888888
2002-11-01,199,8,9,0.8888888888888888
2002-11-01,200,8,9,0.8888888888888888
2002-11-01,201,8,9,0.8888888888888888
2002-11-01,202,8,9,0.8888888888888888
2002-11-01,203,8,9,0.8888888888888888
2002-12-01,85,7,8,0.875
2002-12-01,86,7,8,0.875
2002-12-01,87,7,8,0.875
2002-12-01,88,7,8,0.875
2002-12-01,89,7,8,0.875
2002-12-01,90,7,8,0.875
2002-12-01,91,7,8,0.875
2002-12-01,92,7,8,0.875
2002-12-01,93,7,8,0.875
2002-12-01,94,7,8,0.875
2002-12-01,95,7,8,0.875
2002-12-01,96,7,8,0.875
2002-12-01,97,7,8,0.875
2002-12-01,98,7,8,0.875
2002-12-01,99,7,8,0.875
2002-12-01,100,7,8,0.875
2002-12-01,101,7,8,0.875
2002-12-01,102,7,8,0.875
2002-12-01,103,7,8,0.875
2002-12-01,104,7,8,0.875
2002-12-01,105,7,8,0.875
2002-12-01,106,7,8,0.875
2002-12-01,107,7,8,0.875
2002-12-01,108,7,8,0.875
2002-12-01,109,7,8,0.875
2002-12-01,110,7,8,0.875
2002-12-01,111,7,8,0.875
2002-12-01,112,7,8,0.875
2002-12-01,113,7,8,0.875
2002-12-01,114,7,8,0.875
2002-12-01,115,7,8,0.875
2002-12-01,116,7,8,0.875
2002-12-01,117,7,8,0.875
2002-12-01,118,7,8,0.875
2002-12-01,119,7,8,0.875
2002-12-01,120,7,8,0.875
2002-12-01,121,7,8,0.875
2002-12-01,122,7,8,0.875
2002-12-01,123,7,8,0.875
2002-12-01,124,7,8,0.875
2002-12-01,125,7,8,0.875
2002-12-01,126,7,8,0.875
2002-12-01,127,7,8,0.875
2002-12-01,128,7,8,0.875
2002-12-01,129,7,8,0.875
2002-12-01,130,7,8,0.875
2002-12-01,131,7,8,0.875
2002-12-01,132,7,8,0.875
2002-12-01,133,7,8,0.875
2002-12-01,134,7,8,0.875
2002-12-01,135,7,8,0.875
2002-12-01,136,7,8,0.875
2002-12-01,137,7,8,0.875
2002-12-01,138,7,8,0.875
2002-12-01,139,7,8,0.875
2002-12-01,140,7,8,0.875
2002-12-01,141,7,8,0.875
2002-12-01,142,7,8,0.875
2002-12-01,143,7,8,0.875
2002-12-01,144,7,8,0.875
2002-12-01,145,7,8,0.875
2002-12-01,146,7,8,0.875
2002-12-01,147,7,8,0.875
2002-12-01,148,7,8,0.875
2002-12-01,149,7,8,0.875
2002-12-01,150,7,8,0.875
2002-12-01,151,7,8,0.875
2002-12-01,152,7,8,0.875
2002-12-01,153,7,8,0.875
2002-12-01,154,7,8,0.875
2002-12-01,155,7,8,0.875
2002-12-01,156,7,8,0.875
2002-12-01,157,7,8,0.875
2002-12-01,158,7,8,0.875
2002-12-01,159,7,8,0.875
2002-12-01,160,7,8,0.875
2002-12-01,161,7,8,0.875
2002-12-01,162,7,8,0.875
2002-12-01,163,7,8,0.875
2002-12-01,164,7,8,0.875
2002-12-01,165,7,8,0.875
2002-12-01,166,7,8,0.875
2002-12-01,167,7,8,0.875
2002-12-01,168,7,8,0.875
2002-12-01,169,7,8,0.875
2002-12-01,170,7,8,0.875
2002-12-01,171,7,8,0.875
2002-12-01,172,7,8,0.875
2002-12-01,173,7,8,0.875
2002-12-01,174,7,8,0.875
2002-12-01,175,7,8,0.875
2002-12-01,176,7,8,0.875
2002-12-01,177,7,8,0.875
2002-12-01,178,7,8,0.875
2002-12-01,179,7,8,0.875
2002-12-01,180,7,8,0.875
2002-12-01,181,7,8,0.875
2002-12-01,182,7,8,0.875
2002-12-01,183,7,8,0.875
2002-12-01,184,7,8,0.875
2002-12-01,185,7,8,0.875
2002-12-01,186,7,8,0.875
2002-12-01,187,7,8,0.875
2002-12-01,188,7,8,0.875
2002-12-01,189,7,8,0.875
2002-12-01,190,7,8,0.875
2002-12-01,191,7,8,0.875
2002-12-01,192,7,8,0.875
2002-12-01,193,7,8,0.875
2002-12-01,194,7,8,0.875
2002-12-01,195,7,8,0.875
2002-12-01,196,7,8,0.875
2002-12-01,197,7,8,0.875
2002-12-01,198,7,8,0.875
2002-12-01,199,7,8,0.875
2002-12-01,200,7,8,0.875
2002-12-01,201,7,8,0.875
2002-12-01,202,7,8,0.875
2003-01-01,84,6,6,1.0
2003-01-01,85,6,6,1.0
2003-01-01,86,6,6,1.0
2003-01-01,87,6,6,1.0
2003-01-01,88,6,6,1.0
2003-01-01,89,6,6,1.0
2003-01-01,90,6,6,1.0
2003-01-01,91,6,6,1.0
2003-01-01,92,6,6,1.0
2003-01-01,93,6,6,1.0
2003-01-01,94,6,6,1.0
2003-01-01,95,6,6,1.0
2003-01-01,96,6,6,1.0
2003-01-01,97,6,6,1.0
2003-01-01,98,6,6,1.0
2003-01-01,99,6,6,1.0
2003-01-01,100,6,6,1.0
2003-01-01,101,6,6,1.0
2003-01-01,102,6,6,1.0
2003-01-01,103,6,6,1.0
2003-01-01,104,6,6,1.0
2003-01-01,105,6,6,1.0
2003-01-01,106,6,6,1.0
2003-01-01,107,6,6,1.0
2003-01-01,108,6,6,1.0
2003-01-01,109,6,6,1.0
2003-01-01,110,6,6,1.0
2003-01-01,111,6,6,1.0
2003-01-01,112,6,6,1.0
2003-01-01,113,6,6,1.0
2003-01-01,114,6,6,1.0
2003-01-01,115,6,6,1.0
2003-01-01,116,6,6,1.0
2003-01-01,117,6,6,1.0
2003-01-01,118,6,6,1.0
2003-01-01,119,6,6,1.0
2003-01-01,120,6,6,1.0
2003-01-01,121,6,6,1.0
2003-01-01,122,6,6,1.0
2003-01-01,123,6,6,1.0
2003-01-01,124,6,6,1.0
2003-01-01,125,6,6,1.0
2003-01-01,126,6,6,1.0
2003-01-01,127,6,6,1.0
2003-01-01,128,6,6,1.0
2003-01-01,129,6,6,1.0
2003-01-01,130,6,6,1.0
2003-01-01,131,6,6,1.0
2003-01-01,132,6,6,1.0
2003-01-01,133,6,6,1.0
2003-01-01,134,6,6,1.0
2003-01-01,135,6,6,1.0
2003-01-01,136,6,6,1.0
2003-01-01,137,6,6,1.0
2003-01-01,138,6,6,1.0
2003-01-01,139,6,6,1.0
2003-01-01,140,6,6,1.0
2003-01-01,141,6,6,1.0
2003-01-01,142,6,6,1.0
2003-01-01,143,6,6,1.0
2003-01-01,144,6,6,1.0
2003-01-01,145,6,6,1.0
2003-01-01,146,6,6,1.0
2003-01-01,147,6,6,1.0
2003-01-01,148,6,6,1.0
2003-01-01,149,6,6,1.0
2003-01-01,150,6,6,1.0
2003-01-01,151,6,6,1.0
2003-01-01,152,6,6,1.0
2003-01-01,153,6,6,1.0
2003-01-01,154,6,6,1.0
2003-01-01,155,6,6,1.0
2003-01-01,156,6,6,1.0
2003-01-01,157,6,6,1.0
2003-01-01,158,6,6,1.0
2003-01-01,159,6,6,1.0
2003-01-01,160,6,6,1.0
2003-01-01,161,6,6,1.0
2003-01-01,162,6,6,1.0
2003-01-01,163,6,6,1.0
2003-01-01,164,6,6,1.0
2003-01-01,165,6,6,1.0
2003-01-01,166,6,6,1.0
2003-01-01,167,6,6,1.0
2003-01-01,168,6,6,1.0
2003-01-01,169,6,6,1.0
2003-01-01,170,6,6,1.0
2003-01-01,171,6,6,1.0
2003-01-01,172,6,6,1.0
2003-01-01,173,6,6,1.0
2003-01-01,174,6,6,1.0
2003-01-01,175,6,6,1.0
2003-01-01,176,6,6,1.0
2003-01-01,177,6,6,1.0
2003-01-01,178,6,6,1.0
2003-01-01,179,6,6,1.0
2003-01-01,180,6,6,1.0
2003-01-01,181,6,6,1.0
2003-01-01,182,6,6,1.0
2003-01-01,183,6,6,1.0
2003-01-01,184,6,6,1.0
2003-01-01,185,6,6,1.0
2003-01-01,186,6,6,1.0
2003-01-01,187,6,6,1.0
2003-01-01,188,6,6,1.0
2003-01-01,189,6,6,1.0
2003-01-01,190,6,6,1.0
2003-01-01,191,6,6,1.0
2003-01-01,192,6,6,1.0
2003-01-01,193,6,6,1.0
2003-01-01,194,6,6,1.0
2003-01-01,195,6,6,1.0
2003-01-01,196,6,6,1.0
2003-01-01,197,6,6,1.0
2003-01-01,198,6,6,1.0
2003-01-01,199,6,6,1.0
2003-01-01,200,6,6,1.0
2003-01-01,201,6,6,1.0
2003-02-01,83,11,14,0.7857142857142857
2003-02-01,84,11,14,0.7857142857142857
2003-02-01,85,11,14,0.7857142857142857
2003-02-01,86,11,14,0.7857142857142857
2003-02-01,87,11,14,0.7857142857142857
2003-02-01,88,11,14,0.7857142857142857
2003-02-01,89,11,14,0.7857142857142857
2003-02-01,90,11,14,0.7857142857142857
2003-02-01,91,11,14,0.7857142857142857
2003-02-01,92,11,14,0.7857142857142857
2003-02-01,93,11,14,0.7857142857142857
2003-02-01,94,11,14,0.7857142857142857
2003-02-01,95,11,14,0.7857142857142857
2003-02-01,96,11,14,0.7857142857142857
2003-02-01,97,11,14,0.7857142857142857
2003-02-01,98,11,14,0.7857142857142857
2003-02-01,99,11,14,0.7857142857142857
2003-02-01,100,11,14,0.7857142857142857
2003-02-01,101,11,14,0.7857142857142857
2003-02-01,102,11,14,0.7857142857142857
2003-02-01,103,11,14,0.7857142857142857
2003-02-01,104,11,14,0.7857142857142857
2003-02-01,105,11,14,0.7857142857142857
2003-02-01,106,11,14,0.7857142857142857
2003-02-01,107,11,14,0.7857142857142857
2003-02-01,108,11,14,0.7857142857142857
2003-02-01,109,11,14,0.7857142857142857
2003-02-01,110,11,14,0.7857142857142857
2003-02-01,111,11,14,0.7857142857142857
2003-02-01,112,11,14,0.7857142857142857
2003-02-01,113,11,14,0.7857142857142857
2003-02-01,114,11,14,0.7857142857142857
2003-02-01,115,11,14,0.7857142857142857
2003-02-01,116,11,14,0.7857142857142857
2003-02-01,117,11,14,0.7857142857142857
2003-02-01,118,11,14,0.7857142857142857
2003-02-01,119,11,14,0.7857142857142857
2003-02-01,120,11,14,0.7857142857142857
2003-02-01,121,11,14,0.7857142857142857
2003-02-01,122,11,14,0.7857142857142857
2003-02-01,123,11,14,0.7857142857142857
2003-02-01,124,11,14,0.7857142857142857
2003-02-01,125,11,14,0.7857142857142857
2003-02-01,126,11,14,0.7857142857142857
2003-02-01,127,11,14,0.7857142857142857
2003-02-01,128,11,14,0.7857142857142857
2003-02-01,129,11,14,0.7857142857142857
2003-02-01,130,11,14,0.7857142857142857
2003-02-01,131,11,14,0.7857142857142857
2003-02-01,132,11,14,0.7857142857142857
2003-02-01,133,11,14,0.7857142857142857
2003-02-01,134,11,14,0.7857142857142857
2003-02-01,135,11,14,0.7857142857142857
2003-02-01,136,11,14,0.7857142857142857
2003-02-01,137,11,14,0.7857142857142857
2003-02-01,138,11,14,0.7857142857142857
2003-02-01,139,11,14,0.7857142857142857
2003-02-01,140,11,14,0.7857142857142857
2003-02-01,141,11,14,0.7857142857142857
2003-02-01,142,11,14,0.7857142857142857
2003-02-01,143,11,14,0.7857142857142857
2003-02-01,144,11,14,0.7857142857142857
2003-02-01,145,11,14,0.7857142857142857
2003-02-01,146,11,14,0.7857142857142857
2003-02-01,147,11,14,0.7857142857142857
2003-02-01,148,11,14,0.7857142857142857
2003-02-01,149,11,14,0.7857142857142857
2003-02-01,150,11,14,0.7857142857142857
2003-02-01,151,11,14,0.7857142857142857
2003-02-01,152,11,14,0.7857142857142857
2003-02-01,153,11,14,0.7857142857142857
2003-02-01,154,11,14,0.7857142857142857
2003-02-01,155,11,14,0.7857142857142857
2003-02-01,156,11,14,0.7857142857142857
2003-02-01,157,11,14,0.7857142857142857
2003-02-01,158,11,14,0.7857142857142857
2003-02-01,159,11,14,0.7857142857142857
2003-02-01,160,11,14,0.7857142857142857
2003-02-01,161,11,14,0.7857142857142857
2003-02-01,162,11,14,0.7857142857142857
2003-02-01,163,11,14,0.7857142857142857
2003-02-01,164,11,14,0.7857142857142857
2003-02-01,165,11,14,0.7857142857142857
2003-02-01,166,11,14,0.7857142857142857
2003-02-01,167,11,14,0.7857142857142857
2003-02-01,168,11,14,0.7857142857142857
2003-02-01,169,11,14,0.7857142857142857
2003-02-01,170,11,14,0.7857142857142857
2003-02-01,171,11,14,0.7857142857142857
2003-02-01,172,11,14,0.7857142857142857
2003-02-01,173,11,14,0.7857142857142857
2003-02-01,174,11,14,0.7857142857142857
2003-02-01,175,11,14,0.7857142857142857
2003-02-01,176,11,14,0.7857142857142857
2003-02-01,177,11,14,0.7857142857142857
2003-02-01,178,11,14,0.7857142857142857
2003-02-01,179,11,14,0.7857142857142857
2003-02-01,180,11,14,0.7857142857142857
2003-02-01,181,11,14,0.7857142857142857
2003-02-01,182,11,14,0.7857142857142857
2003-02-01,183,11,14,0.7857142857142857
2003-02-01,184,11,14,0.7857142857142857
2003-02-01,185,11,14,0.7857142857142857
2003-02-01,186,11,14,0.7857142857142857
2003-02-01,187,11,14,0.7857142857142857
2003-02-01,188,11,14,0.7857142857142857
2003-02-01,189,11,14,0.7857142857142857
2003-02-01,190,11,14,0.7857142857142857
2003-02-01,191,11,14,0.7857142857142857
2003-02-01,192,11,14,0.7857142857142857
2003-02-01,193,11,14,0.7857142857142857
2003-02-01,194,11,14,0.7857142857142857
2003-02-01,195,11,14,0.7857142857142857
2003-02-01,196,11,14,0.7857142857142857
2003-02-01,197,11,14,0.7857142857142857
2003-02-01,198,11,14,0.7857142857142857
2003-02-01,199,11,14,0.7857142857142857
2003-02-01,200,11,14,0.7857142857142857
2003-03-01,82,7,8,0.875
2003-03-01,83,7,8,0.875
2003-03-01,84,7,8,0.875
2003-03-01,85,7,8,0.875
2003-03-01,86,7,8,0.875
2003-03-01,87,7,8,0.875
2003-03-01,88,7,8,0.875
2003-03-01,89,7,8,0.875
2003-03-01,90,7,8,0.875
2003-03-01,91,7,8,0.875
2003-03-01,92,7,8,0.875
2003-03-01,93,7,8,0.875
2003-03-01,94,7,8,0.875
2003-03-01,95,7,8,0.875
2003-03-01,96,7,8,0.875
2003-03-01,97,7,8,0.875
2003-03-01,98,7,8,0.875
2003-03-01,99,7,8,0.875
2003-03-01,100,7,8,0.875
2003-03-01,101,7,8,0.875
2003-03-01,102,7,8,0.875
2003-03-01,103,7,8,0.875
2003-03-01,104,7,8,0.875
2003-03-01,105,7,8,0.875
2003-03-01,106,7,8,0.875
2003-03-01,107,7,8,0.875
2003-03-01,108,7,8,0.875
2003-03-01,109,7,8,0.875
2003-03-01,110,7,8,0.875
2003-03-01,111,7,8,0.875
2003-03-01,112,7,8,0.875
2003-03-01,113,7,8,0.875
2003-03-01,114,7,8,0.875
2003-03-01,115,7,8,0.875
2003-03-01,116,7,8,0.875
2003-03-01,117,7,8,0.875
2003-03-01,118,7,8,0.875
2003-03-01,119,7,8,0.875
2003-03-01,120,7,8,0.875
2003-03-01,121,7,8,0.875
2003-03-01,122,7,8,0.875
2003-03-01,123,7,8,0.875
2003-03-01,124,7,8,0.875
2003-03-01,125,7,8,0.875
2003-03-01,126,7,8,0.875
2003-03-01,127,7,8,0.875
2003-03-01,128,7,8,0.875
2003-03-01,129,7,8,0.875
2003-03-01,130,7,8,0.875
2003-03-01,131,7,8,0.875
2003-03-01,132,7,8,0.875
2003-03-01,133,7,8,0.875
2003-03-01,134,7,8,0.875
2003-03-01,135,7,8,0.875
2003-03-01,136,7,8,0.875
2003-03-01,137,7,8,0.875
2003-03-01,138,7,8,0.875
2003-03-01,139,7,8,0.875
2003-03-01,140,7,8,0.875
2003-03-01,141,7,8,0.875
2003-03-01,142,7,8,0.875
2003-03-01,143,7,8,0.875
2003-03-01,144,7,8,0.875
2003-03-01,145,7,8,0.875
2003-03-01,146,7,8,0.875
2003-03-01,147,7,8,0.875
2003-03-01,148,7,8,0.875
2003-03-01,149,7,8,0.875
2003-03-01,150,7,8,0.875
2003-03-01,151,7,8,0.875
2003-03-01,152,7,8,0.875
2003-03-01,153,7,8,0.875
2003-03-01,154,7,8,0.875
2003-03-01,155,7,8,0.875
2003-03-01,156,7,8,0.875
2003-03-01,157,7,8,0.875
2003-03-01,158,7,8,0.875
2003-03-01,159,7,8,0.875
2003-03-01,160,7,8,0.875
2003-03-01,161,7,8,0.875
2003-03-01,162,7,8,0.875
2003-03-01,163,7,8,0.875
2003-03-01,164,7,8,0.875
2003-03-01,165,7,8,0.875
2003-03-01,166,7,8,0.875
2003-03-01,167,7,8,0.875
2003-03-01,168,7,8,0.875
2003-03-01,169,7,8,0.875
2003-03-01,170,7,8,0.875
2003-03-01,171,7,8,0.875
2003-03-01,172,7,8,0.875
2003-03-01,173,7,8,0.875
2003-03-01,174,7,8,0.875
2003-03-01,175,7,8,0.875
2003-03-01,176,7,8,0.875
2003-03-01,177,7,8,0.875
2003-03-01,178,7,8,0.875
2003-03-01,179,7,8,0.875
2003-03-01,180,7,8,0.875
2003-03-01,181,7,8,0.875
2003-03-01,182,7,8,0.875
2003-03-01,183,7,8,0.875
2003-03-01,184,7,8,0.875
2003-03-01,185,7,8,0.875
2003-03-01,186,7,8,0.875
2003-03-01,187,7,8,0.875
2003-03-01,188,7,8,0.875
2003-03-01,189,7,8,0.875
2003-03-01,190,7,8,0.875
2003-03-01,191,7,8,0.875
2003-03-01,192,7,8,0.875
2003-03-01,193,7,8,0.875
2003-03-01,194,7,8,0.875
2003-03-01,195,7,8,0.875
2003-03-01,196,7,8,0.875
2003-03-01,197,7,8,0.875
2003-03-01,198,7,8,0.875
2003-03-01,199,7,8,0.875
2003-04-01,81,6,8,0.75
2003-04-01,82,6,8,0.75
2003-04-01,83,6,8,0.75
2003-04-01,84,6,8,0.75
2003-04-01,85,6,8,0.75
2003-04-01,86,6,8,0.75
2003-04-01,87,6,8,0.75
2003-04-01,88,6,8,0.75
2003-04-01,89,6,8,0.75
2003-04-01,90,6,8,0.75
2003-04-01,91,6,8,0.75
2003-04-01,92,6,8,0.75
2003-04-01,93,6,8,0.75
2003-04-01,94,6,8,0.75
2003-04-01,95,6,8,0.75
2003-04-01,96,6,8,0.75
2003-04-01,97,6,8,0.75
2003-04-01,98,6,8,0.75
2003-04-01,99,6,8,0.75
2003-04-01,100,6,8,0.75
2003-04-01,101,6,8,0.75
2003-04-01,102,6,8,0.75
2003-04-01,103,6,8,0.75
2003-04-01,104,6,8,0.75
2003-04-01,105,6,8,0.75
2003-04-01,106,6,8,0.75
2003-04-01,107,6,8,0.75
2003-04-01,108,6,8,0.75
2003-04-01,109,6,8,0.75
2003-04-01,110,6,8,0.75
2003-04-01,111,7,8,0.875
2003-04-01,112,6,8,0.75
2003-04-01,113,6,8,0.75
2003-04-01,114,7,8,0.875
2003-04-01,115,7,8,0.875
2003-04-01,116,7,8,0.875
2003-04-01,117,7,8,0.875
2003-04-01,118,7,8,0.875
2003-04-01,119,7,8,0.875
2003-04-01,120,7,8,0.875
2003-04-01,121,7,8,0.875
2003-04-01,122,7,8,0.875
2003-04-01,123,7,8,0.875
2003-04-01,124,7,8,0.875
2003-04-01,125,7,8,0.875
2003-04-01,126,7,8,0.875
2003-04-01,127,7,8,0.875
2003-04-01,128,7,8,0.875
2003-04-01,129,7,8,0.875
2003-04-01,130,7,8,0.875
2003-04-01,131,7,8,0.875
2003-04-01,132,7,8,0.875
2003-04-01,133,7,8,0.875
2003-04-01,134,7,8,0.875
2003-04-01,135,7,8,0.875
2003-04-01,136,7,8,0.875
2003-04-01,137,7,8,0.875
2003-04-01,138,7,8,0.875
2003-04-01,139,7,8,0.875
2003-04-01,140,7,8,0.875
2003-04-01,141,7,8,0.875
2003-04-01,142,7,8,0.875
2003-04-01,143,7,8,0.875
2003-04-01,144,7,8,0.875
2003-04-01,145,7,8,0.875
2003-04-01,146,7,8,0.875
2003-04-01,147,7,8,0.875
2003-04-01,148,7,8,0.875
2003-04-01,149,7,8,0.875
2003-04-01,150,7,8,0.875
2003-04-01,151,7,8,0.875
2003-04-01,152,7,8,0.875
2003-04-01,153,7,8,0.875
2003-04-01,154,7,8,0.875
2003-04-01,155,7,8,0.875
2003-04-01,156,7,8,0.875
2003-04-01,157,7,8,0.875
2003-04-01,158,7,8,0.875
2003-04-01,159,7,8,0.875
2003-04-01,160,7,8,0.875
2003-04-01,161,7,8,0.875
2003-04-01,162,7,8,0.875
2003-04-01,163,7,8,0.875
2003-04-01,164,7,8,0.875
2003-04-01,165,7,8,0.875
2003-04-01,166,7,8,0.875
2003-04-01,167,7,8,0.875
2003-04-01,168,7,8,0.875
2003-04-01,169,7,8,0.875
2003-04-01,170,7,8,0.875
2003-04-01,171,7,8,0.875
2003-04-01,172,7,8,0.875
2003-04-01,173,7,8,0.875
2003-04-01,174,7,8,0.875
2003-04-01,175,7,8,0.875
2003-04-01,176,7,8,0.875
2003-04-01,177,7,8,0.875
2003-04-01,178,7,8,0.875
2003-04-01,179,7,8,0.875
2003-04-01,180,7,8,0.875
2003-04-01,181,7,8,0.875
2003-04-01,182,7,8,0.875
2003-04-01,183,7,8,0.875
2003-04-01,184,7,8,0.875
2003-04-01,185,7,8,0.875
2003-04-01,186,7,8,0.875
2003-04-01,187,7,8,0.875
2003-04-01,188,7,8,0.875
2003-04-01,189,7,8,0.875
2003-04-01,190,7,8,0.875
2003-04-01,191,7,8,0.875
2003-04-01,192,7,8,0.875
2003-04-01,193,7,8,0.875
2003-04-01,194,7,8,0.875
2003-04-01,195,7,8,0.875
2003-04-01,196,7,8,0.875
2003-04-01,197,7,8,0.875
2003-04-01,198,7,8,0.875
2003-05-01,80,4,7,0.5714285714285714
2003-05-01,81,4,7,0.5714285714285714
2003-05-01,82,4,7,0.5714285714285714
2003-05-01,83,4,7,0.5714285714285714
2003-05-01,84,4,7,0.5714285714285714
2003-05-01,85,4,7,0.5714285714285714
2003-05-01,86,4,7,0.5714285714285714
2003-05-01,87,4,7,0.5714285714285714
2003-05-01,88,4,7,0.5714285714285714
2003-05-01,89,4,7,0.5714285714285714
2003-05-01,90,4,7,0.5714285714285714
2003-05-01,91,4,7,0.5714285714285714
2003-05-01,92,4,7,0.5714285714285714
2003-05-01,93,4,7,0.5714285714285714
2003-05-01,94,4,7,0.5714285714285714
2003-05-01,95,4,7,0.5714285714285714
2003-05-01,96,4,7,0.5714285714285714
2003-05-01,97,4,7,0.5714285714285714
2003-05-01,98,4,7,0.5714285714285714
2003-05-01,99,4,7,0.5714285714285714
2003-05-01,100,4,7,0.5714285714285714
2003-05-01,101,4,7,0.5714285714285714
2003-05-01,102,4,7,0.5714285714285714
2003-05-01,103,4,7,0.5714285714285714
2003-05-01,104,4,7,0.5714285714285714
2003-05-01,105,4,7,0.5714285714285714
2003-05-01,106,4,7,0.5714285714285714
2003-05-01,107,4,7,0.5714285714285714
2003-05-01,108,4,7,0.5714285714285714
2003-05-01,109,4,7,0.5714285714285714
2003-05-01,110,4,7,0.5714285714285714
2003-05-01,111,4,7,0.5714285714285714
2003-05-01,112,4,7,0.5714285714285714
2003-05-01,113,4,7,0.5714285714285714
2003-05-01,114,4,7,0.5714285714285714
2003-05-01,115,4,7,0.5714285714285714
2003-05-01,116,4,7,0.5714285714285714
2003-05-01,117,4,7,0.5714285714285714
2003-05-01,118,4,7,0.5714285714285714
2003-05-01,119,4,7,0.5714285714285714
2003-05-01,120,4,7,0.5714285714285714
2003-05-01,121,4,7,0.5714285714285714
2003-05-01,122,4,7,0.5714285714285714
2003-05-01,123,4,7,0.5714285714285714
2003-05-01,124,4,7,0.5714285714285714
2003-05-01,125,4,7,0.5714285714285714
2003-05-01,126,4,7,0.5714285714285714
2003-05-01,127,4,7,0.5714285714285714
2003-05-01,128,4,7,0.5714285714285714
2003-05-01,129,4,7,0.5714285714285714
2003-05-01,130,4,7,0.5714285714285714
2003-05-01,131,4,7,0.5714285714285714
2003-05-01,132,4,7,0.5714285714285714
2003-05-01,133,4,7,0.5714285714285714
2003-05-01,134,4,7,0.5714285714285714
2003-05-01,135,4,7,0.5714285714285714
2003-05-01,136,4,7,0.5714285714285714
2003-05-01,137,4,7,0.5714285714285714
2003-05-01,138,4,7,0.5714285714285714
2003-05-01,139,4,7,0.5714285714285714
2003-05-01,140,4,7,0.5714285714285714
2003-05-01,141,4,7,0.5714285714285714
2003-05-01,142,4,7,0.5714285714285714
2003-05-01,143,4,7,0.5714285714285714
2003-05-01,144,4,7,0.5714285714285714
2003-05-01,145,4,7,0.5714285714285714
2003-05-01,146,4,7,0.5714285714285714
2003-05-01,147,4,7,0.5714285714285714
2003-05-01,148,4,7,0.5714285714285714
2003-05-01,149,4,7,0.5714285714285714
2003-05-01,150,4,7,0.5714285714285714
2003-05-01,151,4,7,0.5714285714285714
2003-05-01,152,4,7,0.5714285714285714
2003-05-01,153,4,7,0.5714285714285714
2003-05-01,154,4,7,0.5714285714285714
2003-05-01,155,4,7,0.5714285714285714
2003-05-01,156,4,7,0.5714285714285714
2003-05-01,157,4,7,0.5714285714285714
2003-05-01,158,4,7,0.5714285714285714
2003-05-01,159,4,7,0.5714285714285714
2003-05-01,160,4,7,0.5714285714285714
2003-05-01,161,4,7,0.5714285714285714
2003-05-01,162,4,7,0.5714285714285714
2003-05-01,163,4,7,0.5714285714285714
2003-05-01,164,4,7,0.5714285714285714
2003-05-01,165,4,7,0.5714285714285714
2003-05-01,166,4,7,0.5714285714285714
2003-05-01,167,4,7,0.5714285714285714
2003-05-01,168,4,7,0.5714285714285714
2003-05-01,169,4,7,0.5714285714285714
2003-05-01,170,4,7,0.5714285714285714
2003-05-01,171,4,7,0.5714285714285714
2003-05-01,172,4,7,0.5714285714285714
2003-05-01,173,4,7,0.5714285714285714
2003-05-01,174,4,7,0.5714285714285714
2003-05-01,175,4,7,0.5714285714285714
2003-05-01,176,4,7,0.5714285714285714
2003-05-01,177,4,7,0.5714285714285714
2003-05-01,178,4,7,0.5714285714285714
2003-05-01,179,4,7,0.5714285714285714
2003-05-01,180,4,7,0.5714285714285714
2003-05-01,181,4,7,0.5714285714285714
2003-05-01,182,4,7,0.5714285714285714
2003-05-01,183,4,7,0.5714285714285714
2003-05-01,184,4,7,0.5714285714285714
2003-05-01,185,4,7,0.5714285714285714
2003-05-01,186,4,7,0.5714285714285714
2003-05-01,187,4,7,0.5714285714285714
2003-05-01,188,4,7,0.5714285714285714
2003-05-01,189,4,7,0.5714285714285714
2003-05-01,190,4,7,0.5714285714285714
2003-05-01,191,4,7,0.5714285714285714
2003-05-01,192,4,7,0.5714285714285714
2003-05-01,193,4,7,0.5714285714285714
2003-05-01,194,4,7,0.5714285714285714
2003-05-01,195,4,7,0.5714285714285714
2003-05-01,196,4,7,0.5714285714285714
2003-05-01,197,4,7,0.5714285714285714
2003-06-01,79,8,10,0.8
2003-06-01,80,8,10,0.8
2003-06-01,81,8,10,0.8
2003-06-01,82,8,10,0.8
2003-06-01,83,8,10,0.8
2003-06-01,84,8,10,0.8
2003-06-01,85,8,10,0.8
2003-06-01,86,8,10,0.8
2003-06-01,87,8,10,0.8
2003-06-01,88,8,10,0.8
2003-06-01,89,8,10,0.8
2003-06-01,90,8,10,0.8
2003-06-01,91,8,10,0.8
2003-06-01,92,8,10,0.8
2003-06-01,93,8,10,0.8
2003-06-01,94,8,10,0.8
2003-06-01,95,8,10,0.8
2003-06-01,96,8,10,0.8
2003-06-01,97,8,10,0.8
2003-06-01,98,8,10,0.8
2003-06-01,99,8,10,0.8
2003-06-01,100,8,10,0.8
2003-06-01,101,8,10,0.8
2003-06-01,102,8,10,0.8
2003-06-01,103,8,10,0.8
2003-06-01,104,8,10,0.8
2003-06-01,105,8,10,0.8
2003-06-01,106,8,10,0.8
2003-06-01,107,8,10,0.8
2003-06-01,108,8,10,0.8
2003-06-01,109,8,10,0.8
2003-06-01,110,8,10,0.8
2003-06-01,111,8,10,0.8
2003-06-01,112,8,10,0.8
2003-06-01,113,8,10,0.8
2003-06-01,114,8,10,0.8
2003-06-01,115,8,10,0.8
2003-06-01,116,8,10,0.8
2003-06-01,117,8,10,0.8
2003-06-01,118,8,10,0.8
2003-06-01,119,8,10,0.8
2003-06-01,120,8,10,0.8
2003-06-01,121,8,10,0.8
2003-06-01,122,8,10,0.8
2003-06-01,123,8,10,0.8
2003-06-01,124,8,10,0.8
2003-06-01,125,8,10,0.8
2003-06-01,126,8,10,0.8
2003-06-01,127,8,10,0.8
2003-06-01,128,8,10,0.8
2003-06-01,129,8,10,0.8
2003-06-01,130,8,10,0.8
2003-06-01,131,8,10,0.8
2003-06-01,132,8,10,0.8
2003-06-01,133,8,10,0.8
2003-06-01,134,8,10,0.8
2003-06-01,135,8,10,0.8
2003-06-01,136,8,10,0.8
2003-06-01,137,8,10,0.8
2003-06-01,138,8,10,0.8
2003-06-01,139,8,10,0.8
2003-06-01,140,8,10,0.8
2003-06-01,141,8,10,0.8
2003-06-01,142,8,10,0.8
2003-06-01,143,8,10,0.8
2003-06-01,144,8,10,0.8
2003-06-01,145,8,10,0.8
2003-06-01,146,8,10,0.8
2003-06-01,147,8,10,0.8
2003-06-01,148,8,10,0.8
2003-06-01,149,8,10,0.8
2003-06-01,150,8,10,0.8
2003-06-01,151,8,10,0.8
2003-06-01,152,8,10,0.8
2003-06-01,153,8,10,0.8
2003-06-01,154,8,10,0.8
2003-06-01,155,8,10,0.8
2003-06-01,156,8,10,0.8
2003-06-01,157,8,10,0.8
2003-06-01,158,8,10,0.8
2003-06-01,159,8,10,0.8
2003-06-01,160,8,10,0.8
2003-06-01,161,8,10,0.8
2003-06-01,162,8,10,0.8
2003-06-01,163,8,10,0.8
2003-06-01,164,8,10,0.8
2003-06-01,165,8,10,0.8
2003-06-01,166,8,10,0.8
2003-06-01,167,8,10,0.8
2003-06-01,168,8,10,0.8
2003-06-01,169,8,10,0.8
2003-06-01,170,8,10,0.8
2003-06-01,171,8,10,0.8
2003-06-01,172,8,10,0.8
2003-06-01,173,8,10,0.8
2003-06-01,174,8,10,0.8
2003-06-01,175,8,10,0.8
2003-06-01,176,8,10,0.8
2003-06-01,177,8,10,0.8
2003-06-01,178,8,10,0.8
2003-06-01,179,8,10,0.8
2003-06-01,180,8,10,0.8
2003-06-01,181,8,10,0.8
2003-06-01,182,8,10,0.8
2003-06-01,183,8,10,0.8
2003-06-01,184,8,10,0.8
2003-06-01,185,8,10,0.8
2003-06-01,186,8,10,0.8
2003-06-01,187,8,10,0.8
2003-06-01,188,8,10,0.8
2003-06-01,189,8,10,0.8
2003-06-01,190,8,10,0.8
2003-06-01,191,8,10,0.8
2003-06-01,192,8,10,0.8
2003-06-01,193,8,10,0.8
2003-06-01,194,8,10,0.8
2003-06-01,195,8,10,0.8
2003-06-01,196,8,10,0.8
2003-07-01,78,11,14,0.7857142857142857
2003-07-01,79,11,14,0.7857142857142857
2003-07-01,80,11,14,0.7857142857142857
2003-07-01,81,11,14,0.7857142857142857
2003-07-01,82,11,14,0.7857142857142857
2003-07-01,83,11,14,0.7857142857142857
2003-07-01,84,11,14,0.7857142857142857
2003-07-01,85,11,14,0.7857142857142857
2003-07-01,86,11,14,0.7857142857142857
2003-07-01,87,11,14,0.7857142857142857
2003-07-01,88,11,14,0.7857142857142857
2003-07-01,89,11,14,0.7857142857142857
2003-07-01,90,11,14,0.7857142857142857
2003-07-01,91,11,14,0.7857142857142857
2003-07-01,92,11,14,0.7857142857142857
2003-07-01,93,11,14,0.7857142857142857
2003-07-01,94,11,14,0.7857142857142857
2003-07-01,95,11,14,0.7857142857142857
2003-07-01,96,11,14,0.7857142857142857
2003-07-01,97,11,14,0.7857142857142857
2003-07-01,98,11,14,0.7857142857142857
2003-07-01,99,11,14,0.7857142857142857
2003-07-01,100,11,14,0.7857142857142857
2003-07-01,101,11,14,0.7857142857142857
2003-07-01,102,11,14,0.7857142857142857
2003-07-01,103,11,14,0.7857142857142857
2003-07-01,104,11,14,0.7857142857142857
2003-07-01,105,11,14,0.7857142857142857
2003-07-01,106,11,14,0.7857142857142857
2003-07-01,107,11,14,0.7857142857142857
2003-07-01,108,11,14,0.7857142857142857
2003-07-01,109,11,14,0.7857142857142857
2003-07-01,110,11,14,0.7857142857142857
2003-07-01,111,11,14,0.7857142857142857
2003-07-01,112,11,14,0.7857142857142857
2003-07-01,113,11,14,0.7857142857142857
2003-07-01,114,11,14,0.7857142857142857
2003-07-01,115,11,14,0.7857142857142857
2003-07-01,116,11,14,0.7857142857142857
2003-07-01,117,11,14,0.7857142857142857
2003-07-01,118,11,14,0.7857142857142857
2003-07-01,119,11,14,0.7857142857142857
2003-07-01,120,11,14,0.7857142857142857
2003-07-01,121,11,14,0.7857142857142857
2003-07-01,122,11,14,0.7857142857142857
2003-07-01,123,11,14,0.7857142857142857
2003-07-01,124,11,14,0.7857142857142857
2003-07-01,125,11,14,0.7857142857142857
2003-07-01,126,11,14,0.7857142857142857
2003-07-01,127,11,14,0.7857142857142857
2003-07-01,128,11,14,0.7857142857142857
2003-07-01,129,11,14,0.7857142857142857
2003-07-01,130,11,14,0.7857142857142857
2003-07-01,131,11,14,0.7857142857142857
2003-07-01,132,11,14,0.7857142857142857
2003-07-01,133,11,14,0.7857142857142857
2003-07-01,134,11,14,0.7857142857142857
2003-07-01,135,11,14,0.7857142857142857
2003-07-01,136,11,14,0.7857142857142857
2003-07-01,137,11,14,0.7857142857142857
2003-07-01,138,11,14,0.7857142857142857
2003-07-01,139,11,14,0.7857142857142857
2003-07-01,140,11,14,0.7857142857142857
2003-07-01,141,11,14,0.7857142857142857
2003-07-01,142,11,14,0.7857142857142857
2003-07-01,143,11,14,0.7857142857142857
2003-07-01,144,11,14,0.7857142857142857
2003-07-01,145,11,14,0.7857142857142857
2003-07-01,146,11,14,0.7857142857142857
2003-07-01,147,11,14,0.7857142857142857
2003-07-01,148,11,14,0.7857142857142857
2003-07-01,149,11,14,0.7857142857142857
2003-07-01,150,11,14,0.7857142857142857
2003-07-01,151,11,14,0.7857142857142857
2003-07-01,152,11,14,0.7857142857142857
2003-07-01,153,11,14,0.7857142857142857
2003-07-01,154,11,14,0.7857142857142857
2003-07-01,155,11,14,0.7857142857142857
2003-07-01,156,11,14,0.7857142857142857
2003-07-01,157,11,14,0.7857142857142857
2003-07-01,158,11,14,0.7857142857142857
2003-07-01,159,11,14,0.7857142857142857
2003-07-01,160,11,14,0.7857142857142857
2003-07-01,161,11,14,0.7857142857142857
2003-07-01,162,11,14,0.7857142857142857
2003-07-01,163,11,14,0.7857142857142857
2003-07-01,164,11,14,0.7857142857142857
2003-07-01,165,11,14,0.7857142857142857
2003-07-01,166,11,14,0.7857142857142857
2003-07-01,167,11,14,0.7857142857142857
2003-07-01,168,11,14,0.7857142857142857
2003-07-01,169,11,14,0.7857142857142857
2003-07-01,170,11,14,0.7857142857142857
2003-07-01,171,11,14,0.7857142857142857
2003-07-01,172,11,14,0.7857142857142857
2003-07-01,173,11,14,0.7857142857142857
2003-07-01,174,11,14,0.7857142857142857
2003-07-01,175,11,14,0.7857142857142857
2003-07-01,176,11,14,0.7857142857142857
2003-07-01,177,11,14,0.7857142857142857
2003-07-01,178,11,14,0.7857142857142857
2003-07-01,179,11,14,0.7857142857142857
2003-07-01,180,11,14,0.7857142857142857
2003-07-01,181,11,14,0.7857142857142857
2003-07-01,182,11,14,0.7857142857142857
2003-07-01,183,11,14,0.7857142857142857
2003-07-01,184,11,14,0.7857142857142857
2003-07-01,185,11,14,0.7857142857142857
2003-07-01,186,11,14,0.7857142857142857
2003-07-01,187,11,14,0.7857142857142857
2003-07-01,188,11,14,0.7857142857142857
2003-07-01,189,11,14,0.7857142857142857
2003-07-01,190,11,14,0.7857142857142857
2003-07-01,191,11,14,0.7857142857142857
2003-07-01,192,11,14,0.7857142857142857
2003-07-01,193,11,14,0.7857142857142857
2003-07-01,194,11,14,0.7857142857142857
2003-07-01,195,11,14,0.7857142857142857
2003-08-01,77,4,5,0.8
2003-08-01,78,4,5,0.8
2003-08-01,79,4,5,0.8
2003-08-01,80,4,5,0.8
2003-08-01,81,4,5,0.8
2003-08-01,82,4,5,0.8
2003-08-01,83,4,5,0.8
2003-08-01,84,4,5,0.8
2003-08-01,85,4,5,0.8
2003-08-01,86,4,5,0.8
2003-08-01,87,4,5,0.8
2003-08-01,88,4,5,0.8
2003-08-01,89,4,5,0.8
2003-08-01,90,4,5,0.8
2003-08-01,91,4,5,0.8
2003-08-01,92,4,5,0.8
2003-08-01,93,4,5,0.8
2003-08-01,94,4,5,0.8
2003-08-01,95,4,5,0.8
2003-08-01,96,4,5,0.8
2003-08-01,97,4,5,0.8
2003-08-01,98,4,5,0.8
2003-08-01,99,4,5,0.8
2003-08-01,100,4,5,0.8
2003-08-01,101,4,5,0.8
2003-08-01,102,4,5,0.8
2003-08-01,103,4,5,0.8
2003-08-01,104,4,5,0.8
2003-08-01,105,4,5,0.8
2003-08-01,106,4,5,0.8
2003-08-01,107,4,5,0.8
2003-08-01,108,4,5,0.8
2003-08-01,109,4,5,0.8
2003-08-01,110,4,5,0.8
2003-08-01,111,4,5,0.8
2003-08-01,112,4,5,0.8
2003-08-01,113,4,5,0.8
2003-08-01,114,4,5,0.8
2003-08-01,115,4,5,0.8
2003-08-01,116,4,5,0.8
2003-08-01,117,4,5,0.8
2003-08-01,118,4,5,0.8
2003-08-01,119,4,5,0.8
2003-08-01,120,4,5,0.8
2003-08-01,121,4,5,0.8
2003-08-01,122,4,5,0.8
2003-08-01,123,4,5,0.8
2003-08-01,124,4,5,0.8
2003-08-01,125,4,5,0.8
2003-08-01,126,4,5,0.8
2003-08-01,127,4,5,0.8
2003-08-01,128,4,5,0.8
2003-08-01,129,4,5,0.8
2003-08-01,130,4,5,0.8
2003-08-01,131,4,5,0.8
2003-08-01,132,4,5,0.8
2003-08-01,133,4,5,0.8
2003-08-01,134,4,5,0.8
2003-08-01,135,4,5,0.8
2003-08-01,136,4,5,0.8
2003-08-01,137,4,5,0.8
2003-08-01,138,4,5,0.8
2003-08-01,139,4,5,0.8
2003-08-01,140,4,5,0.8
2003-08-01,141,4,5,0.8
2003-08-01,142,4,5,0.8
2003-08-01,143,4,5,0.8
2003-08-01,144,4,5,0.8
2003-08-01,145,4,5,0.8
2003-08-01,146,4,5,0.8
2003-08-01,147,4,5,0.8
2003-08-01,148,4,5,0.8
2003-08-01,149,4,5,0.8
2003-08-01,150,4,5,0.8
2003-08-01,151,4,5,0.8
2003-08-01,152,4,5,0.8
2003-08-01,153,4,5,0.8
2003-08-01,154,4,5,0.8
2003-08-01,155,4,5,0.8
2003-08-01,156,4,5,0.8
2003-08-01,157,4,5,0.8
2003-08-01,158,4,5,0.8
2003-08-01,159,4,5,0.8
2003-08-01,160,4,5,0.8
2003-08-01,161,4,5,0.8
2003-08-01,162,4,5,0.8
2003-08-01,163,4,5,0.8
2003-08-01,164,4,5,0.8
2003-08-01,165,4,5,0.8
2003-08-01,166,4,5,0.8
2003-08-01,167,4,5,0.8
2003-08-01,168,4,5,0.8
2003-08-01,169,4,5,0.8
2003-08-01,170,4,5,0.8
2003-08-01,171,4,5,0.8
2003-08-01,172,4,5,0.8
2003-08-01,173,4,5,0.8
2003-08-01,174,4,5,0.8
2003-08-01,175,4,5,0.8
2003-08-01,176,4,5,0.8
2003-08-01,177,4,5,0.8
2003-08-01,178,4,5,0.8
2003-08-01,179,4,5,0.8
2003-08-01,180,4,5,0.8
2003-08-01,181,4,5,0.8
2003-08-01,182,4,5,0.8
2003-08-01,183,4,5,0.8
2003-08-01,184,4,5,0.8
2003-08-01,185,4,5,0.8
2003-08-01,186,4,5,0.8
2003-08-01,187,4,5,0.8
2003-08-01,188,4,5,0.8
2003-08-01,189,4,5,0.8
2003-08-01,190,4,5,0.8
2003-08-01,191,4,5,0.8
2003-08-01,192,4,5,0.8
2003-08-01,193,4,5,0.8
2003-08-01,194,4,5,0.8
2003-09-01,76,8,8,1.0
2003-09-01,77,8,8,1.0
2003-09-01,78,8,8,1.0
2003-09-01,79,8,8,1.0
2003-09-01,80,8,8,1.0
2003-09-01,81,8,8,1.0
2003-09-01,82,8,8,1.0
2003-09-01,83,8,8,1.0
2003-09-01,84,8,8,1.0
2003-09-01,85,8,8,1.0
2003-09-01,86,8,8,1.0
2003-09-01,87,8,8,1.0
2003-09-01,88,8,8,1.0
2003-09-01,89,8,8,1.0
2003-09-01,90,8,8,1.0
2003-09-01,91,8,8,1.0
2003-09-01,92,8,8,1.0
2003-09-01,93,8,8,1.0
2003-09-01,94,8,8,1.0
2003-09-01,95,8,8,1.0
2003-09-01,96,8,8,1.0
2003-09-01,97,8,8,1.0
2003-09-01,98,8,8,1.0
2003-09-01,99,8,8,1.0
2003-09-01,100,8,8,1.0
2003-09-01,101,8,8,1.0
2003-09-01,102,8,8,1.0
2003-09-01,103,8,8,1.0
2003-09-01,104,8,8,1.0
2003-09-01,105,8,8,1.0
2003-09-01,106,8,8,1.0
2003-09-01,107,8,8,1.0
2003-09-01,108,8,8,1.0
2003-09-01,109,8,8,1.0
2003-09-01,110,8,8,1.0
2003-09-01,111,8,8,1.0
2003-09-01,112,8,8,1.0
2003-09-01,113,8,8,1.0
2003-09-01,114,8,8,1.0
2003-09-01,115,8,8,1.0
2003-09-01,116,8,8,1.0
2003-09-01,117,8,8,1.0
2003-09-01,118,8,8,1.0
2003-09-01,119,8,8,1.0
2003-09-01,120,8,8,1.0
2003-09-01,121,8,8,1.0
2003-09-01,122,8,8,1.0
2003-09-01,123,8,8,1.0
2003-09-01,124,8,8,1.0
2003-09-01,125,8,8,1.0
2003-09-01,126,8,8,1.0
2003-09-01,127,8,8,1.0
2003-09-01,128,8,8,1.0
2003-09-01,129,8,8,1.0
2003-09-01,130,8,8,1.0
2003-09-01,131,8,8,1.0
2003-09-01,132,8,8,1.0
2003-09-01,133,8,8,1.0
2003-09-01,134,8,8,1.0
2003-09-01,135,8,8,1.0
2003-09-01,136,8,8,1.0
2003-09-01,137,8,8,1.0
2003-09-01,138,8,8,1.0
2003-09-01,139,8,8,1.0
2003-09-01,140,8,8,1.0
2003-09-01,141,8,8,1.0
2003-09-01,142,8,8,1.0
2003-09-01,143,8,8,1.0
2003-09-01,144,8,8,1.0
2003-09-01,145,8,8,1.0
2003-09-01,146,8,8,1.0
2003-09-01,147,8,8,1.0
2003-09-01,148,8,8,1.0
2003-09-01,149,8,8,1.0
2003-09-01,150,8,8,1.0
2003-09-01,151,8,8,1.0
2003-09-01,152,8,8,1.0
2003-09-01,153,8,8,1.0
2003-09-01,154,8,8,1.0
2003-09-01,155,8,8,1.0
2003-09-01,156,8,8,1.0
2003-09-01,157,8,8,1.0
2003-09-01,158,8,8,1.0
2003-09-01,159,8,8,1.0
2003-09-01,160,8,8,1.0
2003-09-01,161,8,8,1.0
2003-09-01,162,8,8,1.0
2003-09-01,163,8,8,1.0
2003-09-01,164,8,8,1.0
2003-09-01,165,8,8,1.0
2003-09-01,166,8,8,1.0
2003-09-01,167,8,8,1.0
2003-09-01,168,8,8,1.0
2003-09-01,169,8,8,1.0
2003-09-01,170,8,8,1.0
2003-09-01,171,8,8,1.0
2003-09-01,172,8,8,1.0
2003-09-01,173,8,8,1.0
2003-09-01,174,8,8,1.0
2003-09-01,175,8,8,1.0
2003-09-01,176,8,8,1.0
2003-09-01,177,8,8,1.0
2003-09-01,178,8,8,1.0
2003-09-01,179,8,8,1.0
2003-09-01,180,8,8,1.0
2003-09-01,181,8,8,1.0
2003-09-01,182,8,8,1.0
2003-09-01,183,8,8,1.0
2003-09-01,184,8,8,1.0
2003-09-01,185,8,8,1.0
2003-09-01,186,8,8,1.0
2003-09-01,187,8,8,1.0
2003-09-01,188,8,8,1.0
2003-09-01,189,8,8,1.0
2003-09-01,190,8,8,1.0
2003-09-01,191,8,8,1.0
2003-09-01,192,8,8,1.0
2003-09-01,193,8,8,1.0
2003-10-01,75,11,15,0.7333333333333333
2003-10-01,76,11,15,0.7333333333333333
2003-10-01,77,11,15,0.7333333333333333
2003-10-01,78,11,15,0.7333333333333333
2003-10-01,79,11,15,0.7333333333333333
2003-10-01,80,11,15,0.7333333333333333
2003-10-01,81,11,15,0.7333333333333333
2003-10-01,82,11,15,0.7333333333333333
2003-10-01,83,11,15,0.7333333333333333
2003-10-01,84,11,15,0.7333333333333333
2003-10-01,85,11,15,0.7333333333333333
2003-10-01,86,11,15,0.7333333333333333
2003-10-01,87,11,15,0.7333333333333333
2003-10-01,88,11,15,0.7333333333333333
2003-10-01,89,11,15,0.7333333333333333
2003-10-01,90,11,15,0.7333333333333333
2003-10-01,91,11,15,0.7333333333333333
2003-10-01,92,11,15,0.7333333333333333
2003-10-01,93,11,15,0.7333333333333333
2003-10-01,94,11,15,0.7333333333333333
2003-10-01,95,11,15,0.7333333333333333
2003-10-01,96,11,15,0.7333333333333333
2003-10-01,97,11,15,0.7333333333333333
2003-10-01,98,11,15,0.7333333333333333
2003-10-01,99,11,15,0.7333333333333333
2003-10-01,100,11,15,0.7333333333333333
2003-10-01,101,11,15,0.7333333333333333
2003-10-01,102,11,15,0.7333333333333333
2003-10-01,103,11,15,0.7333333333333333
2003-10-01,104,11,15,0.7333333333333333
2003-10-01,105,11,15,0.7333333333333333
2003-10-01,106,11,15,0.7333333333333333
2003-10-01,107,11,15,0.7333333333333333
2003-10-01,108,11,15,0.7333333333333333
2003-10-01,109,11,15,0.7333333333333333
2003-10-01,110,11,15,0.7333333333333333
2003-10-01,111,11,15,0.7333333333333333
2003-10-01,112,11,15,0.7333333333333333
2003-10-01,113,11,15,0.7333333333333333
2003-10-01,114,11,15,0.7333333333333333
2003-10-01,115,11,15,0.7333333333333333
2003-10-01,116,11,15,0.7333333333333333
2003-10-01,117,11,15,0.7333333333333333
2003-10-01,118,11,15,0.7333333333333333
2003-10-01,119,11,15,0.7333333333333333
2003-10-01,120,11,15,0.7333333333333333
2003-10-01,121,11,15,0.7333333333333333
2003-10-01,122,11,15,0.7333333333333333
2003-10-01,123,11,15,0.7333333333333333
2003-10-01,124,11,15,0.7333333333333333
2003-10-01,125,11,15,0.7333333333333333
2003-10-01,126,11,15,0.7333333333333333
2003-10-01,127,11,15,0.7333333333333333
2003-10-01,128,11,15,0.7333333333333333
2003-10-01,129,11,15,0.7333333333333333
2003-10-01,130,11,15,0.7333333333333333
2003-10-01,131,11,15,0.7333333333333333
2003-10-01,132,11,15,0.7333333333333333
2003-10-01,133,11,15,0.7333333333333333
2003-10-01,134,11,15,0.7333333333333333
2003-10-01,135,11,15,0.7333333333333333
2003-10-01,136,11,15,0.7333333333333333
2003-10-01,137,11,15,0.7333333333333333
2003-10-01,138,11,15,0.7333333333333333
2003-10-01,139,11,15,0.7333333333333333
2003-10-01,140,11,15,0.7333333333333333
2003-10-01,141,11,15,0.7333333333333333
2003-10-01,142,11,15,0.7333333333333333
2003-10-01,143,11,15,0.7333333333333333
2003-10-01,144,11,15,0.7333333333333333
2003-10-01,145,11,15,0.7333333333333333
2003-10-01,146,11,15,0.7333333333333333
2003-10-01,147,11,15,0.7333333333333333
2003-10-01,148,11,15,0.7333333333333333
2003-10-01,149,11,15,0.7333333333333333
2003-10-01,150,11,15,0.7333333333333333
2003-10-01,151,11,15,0.7333333333333333
2003-10-01,152,11,15,0.7333333333333333
2003-10-01,153,11,15,0.7333333333333333
2003-10-01,154,11,15,0.7333333333333333
2003-10-01,155,11,15,0.7333333333333333
2003-10-01,156,11,15,0.7333333333333333
2003-10-01,157,11,15,0.7333333333333333
2003-10-01,158,11,15,0.7333333333333333
2003-10-01,159,11,15,0.7333333333333333
2003-10-01,160,11,15,0.7333333333333333
2003-10-01,161,11,15,0.7333333333333333
2003-10-01,162,11,15,0.7333333333333333
2003-10-01,163,11,15,0.7333333333333333
2003-10-01,164,11,15,0.7333333333333333
2003-10-01,165,11,15,0.7333333333333333
2003-10-01,166,11,15,0.7333333333333333
2003-10-01,167,11,15,0.7333333333333333
2003-10-01,168,11,15,0.7333333333333333
2003-10-01,169,11,15,0.7333333333333333
2003-10-01,170,11,15,0.7333333333333333
2003-10-01,171,11,15,0.7333333333333333
2003-10-01,172,11,15,0.7333333333333333
2003-10-01,173,11,15,0.7333333333333333
2003-10-01,174,11,15,0.7333333333333333
2003-10-01,175,11,15,0.7333333333333333
2003-10-01,176,11,15,0.7333333333333333
2003-10-01,177,11,15,0.7333333333333333
2003-10-01,178,11,15,0.7333333333333333
2003-10-01,179,11,15,0.7333333333333333
2003-10-01,180,11,15,0.7333333333333333
2003-10-01,181,11,15,0.7333333333333333
2003-10-01,182,11,15,0.7333333333333333
2003-10-01,183,11,15,0.7333333333333333
2003-10-01,184,11,15,0.7333333333333333
2003-10-01,185,11,15,0.7333333333333333
2003-10-01,186,11,15,0.7333333333333333
2003-10-01,187,11,15,0.7333333333333333
2003-10-01,188,11,15,0.7333333333333333
2003-10-01,189,11,15,0.7333333333333333
2003-10-01,190,11,15,0.7333333333333333
2003-10-01,191,11,15,0.7333333333333333
2003-10-01,192,11,15,0.7333333333333333
2003-11-01,74,6,8,0.75
2003-11-01,75,6,8,0.75
2003-11-01,76,6,8,0.75
2003-11-01,77,6,8,0.75
2003-11-01,78,6,8,0.75
2003-11-01,79,6,8,0.75
2003-11-01,80,6,8,0.75
2003-11-01,81,6,8,0.75
2003-11-01,82,6,8,0.75
2003-11-01,83,6,8,0.75
2003-11-01,84,6,8,0.75
2003-11-01,85,6,8,0.75
2003-11-01,86,6,8,0.75
2003-11-01,87,6,8,0.75
2003-11-01,88,6,8,0.75
2003-11-01,89,6,8,0.75
2003-11-01,90,6,8,0.75
2003-11-01,91,6,8,0.75
2003-11-01,92,6,8,0.75
2003-11-01,93,6,8,0.75
2003-11-01,94,6,8,0.75
2003-11-01,95,6,8,0.75
2003-11-01,96,6,8,0.75
2003-11-01,97,6,8,0.75
2003-11-01,98,6,8,0.75
2003-11-01,99,6,8,0.75
2003-11-01,100,6,8,0.75
2003-11-01,101,6,8,0.75
2003-11-01,102,6,8,0.75
2003-11-01,103,6,8,0.75
2003-11-01,104,6,8,0.75
2003-11-01,105,6,8,0.75
2003-11-01,106,6,8,0.75
2003-11-01,107,6,8,0.75
2003-11-01,108,6,8,0.75
2003-11-01,109,6,8,0.75
2003-11-01,110,6,8,0.75
2003-11-01,111,6,8,0.75
2003-11-01,112,6,8,0.75
2003-11-01,113,6,8,0.75
2003-11-01,114,6,8,0.75
2003-11-01,115,6,8,0.75
2003-11-01,116,6,8,0.75
2003-11-01,117,6,8,0.75
2003-11-01,118,6,8,0.75
2003-11-01,119,6,8,0.75
2003-11-01,120,6,8,0.75
2003-11-01,121,6,8,0.75
2003-11-01,122,6,8,0.75
2003-11-01,123,6,8,0.75
2003-11-01,124,6,8,0.75
2003-11-01,125,6,8,0.75
2003-11-01,126,6,8,0.75
2003-11-01,127,6,8,0.75
2003-11-01,128,6,8,0.75
2003-11-01,129,6,8,0.75
2003-11-01,130,6,8,0.75
2003-11-01,131,6,8,0.75
2003-11-01,132,6,8,0.75
2003-11-01,133,6,8,0.75
2003-11-01,134,6,8,0.75
2003-11-01,135,6,8,0.75
2003-11-01,136,6,8,0.75
2003-11-01,137,6,8,0.75
2003-11-01,138,6,8,0.75
2003-11-01,139,6,8,0.75
2003-11-01,140,6,8,0.75
2003-11-01,141,6,8,0.75
2003-11-01,142,6,8,0.75
2003-11-01,143,6,8,0.75
2003-11-01,144,6,8,0.75
2003-11-01,145,6,8,0.75
2003-11-01,146,6,8,0.75
2003-11-01,147,6,8,0.75
2003-11-01,148,6,8,0.75
2003-11-01,149,6,8,0.75
2003-11-01,150,6,8,0.75
2003-11-01,151,6,8,0.75
2003-11-01,152,6,8,0.75
2003-11-01,153,6,8,0.75
2003-11-01,154,6,8,0.75
2003-11-01,155,6,8,0.75
2003-11-01,156,6,8,0.75
2003-11-01,157,6,8,0.75
2003-11-01,158,6,8,0.75
2003-11-01,159,6,8,0.75
2003-11-01,160,6,8,0.75
2003-11-01,161,6,8,0.75
2003-11-01,162,6,8,0.75
2003-11-01,163,6,8,0.75
2003-11-01,164,6,8,0.75
2003-11-01,165,6,8,0.75
2003-11-01,166,6,8,0.75
2003-11-01,167,6,8,0.75
2003-11-01,168,6,8,0.75
2003-11-01,169,6,8,0.75
2003-11-01,170,6,8,0.75
2003-11-01,171,6,8,0.75
2003-11-01,172,6,8,0.75
2003-11-01,173,6,8,0.75
2003-11-01,174,6,8,0.75
2003-11-01,175,6,8,0.75
2003-11-01,176,6,8,0.75
2003-11-01,177,6,8,0.75
2003-11-01,178,6,8,0.75
2003-11-01,179,6,8,0.75
2003-11-01,180,6,8,0.75
2003-11-01,181,6,8,0.75
2003-11-01,182,6,8,0.75
2003-11-01,183,6,8,0.75
2003-11-01,184,6,8,0.75
2003-11-01,185,6,8,0.75
2003-11-01,186,6,8,0.75
2003-11-01,187,6,8,0.75
2003-11-01,188,6,8,0.75
2003-11-01,189,6,8,0.75
2003-11-01,190,6,8,0.75
2003-11-01,191,6,8,0.75
2003-12-01,73,12,14,0.8571428571428571
2003-12-01,74,12,14,0.8571428571428571
2003-12-01,75,12,14,0.8571428571428571
2003-12-01,76,12,14,0.8571428571428571
2003-12-01,77,12,14,0.8571428571428571
2003-12-01,78,12,14,0.8571428571428571
2003-12-01,79,12,14,0.8571428571428571
2003-12-01,80,12,14,0.8571428571428571
2003-12-01,81,12,14,0.8571428571428571
2003-12-01,82,12,14,0.8571428571428571
2003-12-01,83,12,14,0.8571428571428571
2003-12-01,84,12,14,0.8571428571428571
2003-12-01,85,12,14,0.8571428571428571
2003-12-01,86,12,14,0.8571428571428571
2003-12-01,87,12,14,0.8571428571428571
2003-12-01,88,12,14,0.8571428571428571
2003-12-01,89,12,14,0.8571428571428571
2003-12-01,90,12,14,0.8571428571428571
2003-12-01,91,12,14,0.8571428571428571
2003-12-01,92,12,14,0.8571428571428571
2003-12-01,93,12,14,0.8571428571428571
2003-12-01,94,12,14,0.8571428571428571
2003-12-01,95,12,14,0.8571428571428571
2003-12-01,96,12,14,0.8571428571428571
2003-12-01,97,12,14,0.8571428571428571
2003-12-01,98,12,14,0.8571428571428571
2003-12-01,99,12,14,0.8571428571428571
2003-12-01,100,12,14,0.8571428571428571
2003-12-01,101,12,14,0.8571428571428571
2003-12-01,102,12,14,0.8571428571428571
2003-12-01,103,12,14,0.8571428571428571
2003-12-01,104,12,14,0.8571428571428571
2003-12-01,105,12,14,0.8571428571428571
2003-12-01,106,12,14,0.8571428571428571
2003-12-01,107,12,14,0.8571428571428571
2003-12-01,108,12,14,0.8571428571428571
2003-12-01,109,12,14,0.8571428571428571
2003-12-01,110,12,14,0.8571428571428571
2003-12-01,111,12,14,0.8571428571428571
2003-12-01,112,12,14,0.8571428571428571
2003-12-01,113,12,14,0.8571428571428571
2003-12-01,114,12,14,0.8571428571428571
2003-12-01,115,12,14,0.8571428571428571
2003-12-01,116,12,14,0.8571428571428571
2003-12-01,117,12,14,0.8571428571428571
2003-12-01,118,12,14,0.8571428571428571
2003-12-01,119,12,14,0.8571428571428571
2003-12-01,120,12,14,0.8571428571428571
2003-12-01,121,12,14,0.8571428571428571
2003-12-01,122,12,14,0.8571428571428571
2003-12-01,123,12,14,0.8571428571428571
2003-12-01,124,12,14,0.8571428571428571
2003-12-01,125,12,14,0.8571428571428571
2003-12-01,126,12,14,0.8571428571428571
2003-12-01,127,12,14,0.8571428571428571
2003-12-01,128,12,14,0.8571428571428571
2003-12-01,129,12,14,0.8571428571428571
2003-12-01,130,12,14,0.8571428571428571
2003-12-01,131,12,14,0.8571428571428571
2003-12-01,132,12,14,0.8571428571428571
2003-12-01,133,12,14,0.8571428571428571
2003-12-01,134,12,14,0.8571428571428571
2003-12-01,135,12,14,0.8571428571428571
2003-12-01,136,12,14,0.8571428571428571
2003-12-01,137,12,14,0.8571428571428571
2003-12-01,138,12,14,0.8571428571428571
2003-12-01,139,12,14,0.8571428571428571
2003-12-01,140,12,14,0.8571428571428571
2003-12-01,141,12,14,0.8571428571428571
2003-12-01,142,12,14,0.8571428571428571
2003-12-01,143,12,14,0.8571428571428571
2003-12-01,144,12,14,0.8571428571428571
2003-12-01,145,12,14,0.8571428571428571
2003-12-01,146,12,14,0.8571428571428571
2003-12-01,147,12,14,0.8571428571428571
2003-12-01,148,12,14,0.8571428571428571
2003-12-01,149,12,14,0.8571428571428571
2003-12-01,150,12,14,0.8571428571428571
2003-12-01,151,12,14,0.8571428571428571
2003-12-01,152,12,14,0.8571428571428571
2003-12-01,153,12,14,0.8571428571428571
2003-12-01,154,12,14,0.8571428571428571
2003-12-01,155,12,14,0.8571428571428571
2003-12-01,156,12,14,0.8571428571428571
2003-12-01,157,12,14,0.8571428571428571
2003-12-01,158,12,14,0.8571428571428571
2003-12-01,159,12,14,0.8571428571428571
2003-12-01,160,12,14,0.8571428571428571
2003-12-01,161,12,14,0.8571428571428571
2003-12-01,162,12,14,0.8571428571428571
2003-12-01,163,12,14,0.8571428571428571
2003-12-01,164,12,14,0.8571428571428571
2003-12-01,165,12,14,0.8571428571428571
2003-12-01,166,12,14,0.8571428571428571
2003-12-01,167,12,14,0.8571428571428571
2003-12-01,168,12,14,0.8571428571428571
2003-12-01,169,12,14,0.8571428571428571
2003-12-01,170,12,14,0.8571428571428571
2003-12-01,171,12,14,0.8571428571428571
2003-12-01,172,12,14,0.8571428571428571
2003-12-01,173,12,14,0.8571428571428571
2003-12-01,174,12,14,0.8571428571428571
2003-12-01,175,12,14,0.8571428571428571
2003-12-01,176,12,14,0.8571428571428571
2003-12-01,177,12,14,0.8571428571428571
2003-12-01,178,12,14,0.8571428571428571
2003-12-01,179,12,14,0.8571428571428571
2003-12-01,180,12,14,0.8571428571428571
2003-12-01,181,12,14,0.8571428571428571
2003-12-01,182,12,14,0.8571428571428571
2003-12-01,183,12,14,0.8571428571428571
2003-12-01,184,12,14,0.8571428571428571
2003-12-01,185,12,14,0.8571428571428571
2003-12-01,186,12,14,0.8571428571428571
2003-12-01,187,12,14,0.8571428571428571
2003-12-01,188,12,14,0.8571428571428571
2003-12-01,189,12,14,0.8571428571428571
2003-12-01,190,12,14,0.8571428571428571
2004-01-01,72,6,8,0.75
2004-01-01,73,6,8,0.75
2004-01-01,74,6,8,0.75
2004-01-01,75,6,8,0.75
2004-01-01,76,6,8,0.75
2004-01-01,77,6,8,0.75
2004-01-01,78,6,8,0.75
2004-01-01,79,6,8,0.75
2004-01-01,80,6,8,0.75
2004-01-01,81,6,8,0.75
2004-01-01,82,6,8,0.75
2004-01-01,83,6,8,0.75
2004-01-01,84,6,8,0.75
2004-01-01,85,6,8,0.75
2004-01-01,86,6,8,0.75
2004-01-01,87,6,8,0.75
2004-01-01,88,6,8,0.75
2004-01-01,89,6,8,0.75
2004-01-01,90,6,8,0.75
2004-01-01,91,6,8,0.75
2004-01-01,92,6,8,0.75
2004-01-01,93,6,8,0.75
2004-01-01,94,6,8,0.75
2004-01-01,95,6,8,0.75
2004-01-01,96,6,8,0.75
2004-01-01,97,6,8,0.75
2004-01-01,98,6,8,0.75
2004-01-01,99,6,8,0.75
2004-01-01,100,6,8,0.75
2004-01-01,101,6,8,0.75
2004-01-01,102,6,8,0.75
2004-01-01,103,6,8,0.75
2004-01-01,104,6,8,0.75
2004-01-01,105,6,8,0.75
2004-01-01,106,6,8,0.75
2004-01-01,107,6,8,0.75
2004-01-01,108,6,8,0.75
2004-01-01,109,6,8,0.75
2004-01-01,110,6,8,0.75
2004-01-01,111,6,8,0.75
2004-01-01,112,6,8,0.75
2004-01-01,113,6,8,0.75
2004-01-01,114,6,8,0.75
2004-01-01,115,6,8,0.75
2004-01-01,116,6,8,0.75
2004-01-01,117,6,8,0.75
2004-01-01,118,6,8,0.75
2004-01-01,119,6,8,0.75
2004-01-01,120,6,8,0.75
2004-01-01,121,6,8,0.75
2004-01-01,122,6,8,0.75
2004-01-01,123,6,8,0.75
2004-01-01,124,6,8,0.75
2004-01-01,125,6,8,0.75
2004-01-01,126,6,8,0.75
2004-01-01,127,6,8,0.75
2004-01-01,128,6,8,0.75
2004-01-01,129,6,8,0.75
2004-01-01,130,6,8,0.75
2004-01-01,131,6,8,0.75
2004-01-01,132,6,8,0.75
2004-01-01,133,6,8,0.75
2004-01-01,134,6,8,0.75
2004-01-01,135,6,8,0.75
2004-01-01,136,6,8,0.75
2004-01-01,137,6,8,0.75
2004-01-01,138,6,8,0.75
2004-01-01,139,6,8,0.75
2004-01-01,140,6,8,0.75
2004-01-01,141,6,8,0.75
2004-01-01,142,6,8,0.75
2004-01-01,143,6,8,0.75
2004-01-01,144,6,8,0.75
2004-01-01,145,6,8,0.75
2004-01-01,146,6,8,0.75
2004-01-01,147,6,8,0.75
2004-01-01,148,6,8,0.75
2004-01-01,149,6,8,0.75
2004-01-01,150,6,8,0.75
2004-01-01,151,6,8,0.75
2004-01-01,152,6,8,0.75
2004-01-01,153,6,8,0.75
2004-01-01,154,6,8,0.75
2004-01-01,155,6,8,0.75
2004-01-01,156,6,8,0.75
2004-01-01,157,6,8,0.75
2004-01-01,158,6,8,0.75
2004-01-01,159,6,8,0.75
2004-01-01,160,6,8,0.75
2004-01-01,161,6,8,0.75
2004-01-01,162,6,8,0.75
2004-01-01,163,6,8,0.75
2004-01-01,164,6,8,0.75
2004-01-01,165,6,8,0.75
2004-01-01,166,6,8,0.75
2004-01-01,167,6,8,0.75
2004-01-01,168,6,8,0.75
2004-01-01,169,6,8,0.75
2004-01-01,170,6,8,0.75
2004-01-01,171,6,8,0.75
2004-01-01,172,6,8,0.75
2004-01-01,173,6,8,0.75
2004-01-01,174,6,8,0.75
2004-01-01,175,6,8,0.75
2004-01-01,176,6,8,0.75
2004-01-01,177,6,8,0.75
2004-01-01,178,6,8,0.75
2004-01-01,179,6,8,0.75
2004-01-01,180,6,8,0.75
2004-01-01,181,6,8,0.75
2004-01-01,182,6,8,0.75
2004-01-01,183,6,8,0.75
2004-01-01,184,6,8,0.75
2004-01-01,185,6,8,0.75
2004-01-01,186,6,8,0.75
2004-01-01,187,6,8,0.75
2004-01-01,188,6,8,0.75
2004-01-01,189,6,8,0.75
2004-02-01,71,9,11,0.8181818181818182
2004-02-01,72,9,11,0.8181818181818182
2004-02-01,73,9,11,0.8181818181818182
2004-02-01,74,9,11,0.8181818181818182
2004-02-01,75,9,11,0.8181818181818182
2004-02-01,76,9,11,0.8181818181818182
2004-02-01,77,9,11,0.8181818181818182
2004-02-01,78,8,11,0.7272727272727273
2004-02-01,79,8,11,0.7272727272727273
2004-02-01,80,8,11,0.7272727272727273
2004-02-01,81,8,11,0.7272727272727273
2004-02-01,82,8,11,0.7272727272727273
2004-02-01,83,8,11,0.7272727272727273
2004-02-01,84,8,11,0.7272727272727273
2004-02-01,85,8,11,0.7272727272727273
2004-02-01,86,8,11,0.7272727272727273
2004-02-01,87,8,11,0.7272727272727273
2004-02-01,88,8,11,0.7272727272727273
2004-02-01,89,8,11,0.7272727272727273
2004-02-01,90,8,11,0.7272727272727273
2004-02-01,91,9,11,0.8181818181818182
2004-02-01,92,9,11,0.8181818181818182
2004-02-01,93,9,11,0.8181818181818182
2004-02-01,94,8,11,0.7272727272727273
2004-02-01,95,8,11,0.7272727272727273
2004-02-01,96,8,11,0.7272727272727273
2004-02-01,97,8,11,0.7272727272727273
2004-02-01,98,8,11,0.7272727272727273
2004-02-01,99,8,11,0.7272727272727273
2004-02-01,100,8,11,0.7272727272727273
2004-02-01,101,8,11,0.7272727272727273
2004-02-01,102,8,11,0.7272727272727273
2004-02-01,103,8,11,0.7272727272727273
2004-02-01,104,8,11,0.7272727272727273
2004-02-01,105,8,11,0.7272727272727273
2004-02-01,106,8,11,0.7272727272727273
2004-02-01,107,8,11,0.7272727272727273
2004-02-01,108,8,11,0.7272727272727273
2004-02-01,109,8,11,0.7272727272727273
2004-02-01,110,8,11,0.7272727272727273
2004-02-01,111,8,11,0.7272727272727273
2004-02-01,112,8,11,0.7272727272727273
2004-02-01,113,8,11,0.7272727272727273
2004-02-01,114,8,11,0.7272727272727273
2004-02-01,115,8,11,0.7272727272727273
2004-02-01,116,8,11,0.7272727272727273
2004-02-01,117,8,11,0.7272727272727273
2004-02-01,118,8,11,0.7272727272727273
2004-02-01,119,8,11,0.7272727272727273
2004-02-01,120,8,11,0.7272727272727273
2004-02-01,121,8,11,0.7272727272727273
2004-02-01,122,8,11,0.7272727272727273
2004-02-01,123,8,11,0.7272727272727273
2004-02-01,124,8,11,0.7272727272727273
2004-02-01,125,8,11,0.7272727272727273
2004-02-01,126,8,11,0.7272727272727273
2004-02-01,127,8,11,0.7272727272727273
2004-02-01,128,8,11,0.7272727272727273
2004-02-01,129,8,11,0.7272727272727273
2004-02-01,130,8,11,0.7272727272727273
2004-02-01,131,8,11,0.7272727272727273
2004-02-01,132,8,11,0.7272727272727273
2004-02-01,133,8,11,0.7272727272727273
2004-02-01,134,8,11,0.7272727272727273
2004-02-01,135,8,11,0.7272727272727273
2004-02-01,136,8,11,0.7272727272727273
2004-02-01,137,8,11,0.7272727272727273
2004-02-01,138,8,11,0.7272727272727273
2004-02-01,139,8,11,0.7272727272727273
2004-02-01,140,8,11,0.7272727272727273
2004-02-01,141,8,11,0.7272727272727273
2004-02-01,142,8,11,0.7272727272727273
2004-02-01,143,8,11,0.7272727272727273
2004-02-01,144,8,11,0.7272727272727273
2004-02-01,145,8,11,0.7272727272727273
2004-02-01,146,8,11,0.7272727272727273
2004-02-01,147,8,11,0.7272727272727273
2004-02-01,148,8,11,0.7272727272727273
2004-02-01,149,8,11,0.7272727272727273
2004-02-01,150,8,11,0.7272727272727273
2004-02-01,151,8,11,0.7272727272727273
2004-02-01,152,8,11,0.7272727272727273
2004-02-01,153,8,11,0.7272727272727273
2004-02-01,154,8,11,0.7272727272727273
2004-02-01,155,8,11,0.7272727272727273
2004-02-01,156,8,11,0.7272727272727273
2004-02-01,157,8,11,0.7272727272727273
2004-02-01,158,8,11,0.7272727272727273
2004-02-01,159,8,11,0.7272727272727273
2004-02-01,160,8,11,0.7272727272727273
2004-02-01,161,8,11,0.7272727272727273
2004-02-01,162,8,11,0.7272727272727273
2004-02-01,163,8,11,0.7272727272727273
2004-02-01,164,8,11,0.7272727272727273
2004-02-01,165,8,11,0.7272727272727273
2004-02-01,166,8,11,0.7272727272727273
2004-02-01,167,8,11,0.7272727272727273
2004-02-01,168,8,11,0.7272727272727273
2004-02-01,169,8,11,0.7272727272727273
2004-02-01,170,8,11,0.7272727272727273
2004-02-01,171,9,11,0.8181818181818182
2004-02-01,172,8,11,0.7272727272727273
2004-02-01,173,8,11,0.7272727272727273
2004-02-01,174,8,11,0.7272727272727273
2004-02-01,175,8,11,0.7272727272727273
2004-02-01,176,8,11,0.7272727272727273
2004-02-01,177,8,11,0.7272727272727273
2004-02-01,178,9,11,0.8181818181818182
2004-02-01,179,9,11,0.8181818181818182
2004-02-01,180,9,11,0.8181818181818182
2004-02-01,181,9,11,0.8181818181818182
2004-02-01,182,9,11,0.8181818181818182
2004-02-01,183,9,11,0.8181818181818182
2004-02-01,184,9,11,0.8181818181818182
2004-02-01,185,9,11,0.8181818181818182
2004-02-01,186,9,11,0.8181818181818182
2004-02-01,187,9,11,0.8181818181818182
2004-02-01,188,9,11,0.8181818181818182
2004-03-01,70,9,11,0.8181818181818182
2004-03-01,71,9,11,0.8181818181818182
2004-03-01,72,9,11,0.8181818181818182
2004-03-01,73,9,11,0.8181818181818182
2004-03-01,74,9,11,0.8181818181818182
2004-03-01,75,9,11,0.8181818181818182
2004-03-01,76,9,11,0.8181818181818182
2004-03-01,77,9,11,0.8181818181818182
2004-03-01,78,9,11,0.8181818181818182
2004-03-01,79,9,11,0.8181818181818182
2004-03-01,80,9,11,0.8181818181818182
2004-03-01,81,9,11,0.8181818181818182
2004-03-01,82,9,11,0.8181818181818182
2004-03-01,83,9,11,0.8181818181818182
2004-03-01,84,9,11,0.8181818181818182
2004-03-01,85,9,11,0.8181818181818182
2004-03-01,86,9,11,0.8181818181818182
2004-03-01,87,9,11,0.8181818181818182
2004-03-01,88,9,11,0.8181818181818182
2004-03-01,89,9,11,0.8181818181818182
2004-03-01,90,9,11,0.8181818181818182
2004-03-01,91,9,11,0.8181818181818182
2004-03-01,92,9,11,0.8181818181818182
2004-03-01,93,9,11,0.8181818181818182
2004-03-01,94,9,11,0.8181818181818182
2004-03-01,95,9,11,0.8181818181818182
2004-03-01,96,9,11,0.8181818181818182
2004-03-01,97,9,11,0.8181818181818182
2004-03-01,98,9,11,0.8181818181818182
2004-03-01,99,9,11,0.8181818181818182
2004-03-01,100,9,11,0.8181818181818182
2004-03-01,101,9,11,0.8181818181818182
2004-03-01,102,9,11,0.8181818181818182
2004-03-01,103,9,11,0.8181818181818182
2004-03-01,104,9,11,0.8181818181818182
2004-03-01,105,9,11,0.8181818181818182
2004-03-01,106,9,11,0.8181818181818182
2004-03-01,107,9,11,0.8181818181818182
2004-03-01,108,9,11,0.8181818181818182
2004-03-01,109,9,11,0.8181818181818182
2004-03-01,110,9,11,0.8181818181818182
2004-03-01,111,9,11,0.8181818181818182
2004-03-01,112,9,11,0.8181818181818182
2004-03-01,113,9,11,0.8181818181818182
2004-03-01,114,9,11,0.8181818181818182
2004-03-01,115,9,11,0.8181818181818182
2004-03-01,116,9,11,0.8181818181818182
2004-03-01,117,9,11,0.8181818181818182
2004-03-01,118,9,11,0.8181818181818182
2004-03-01,119,9,11,0.8181818181818182
2004-03-01,120,9,11,0.8181818181818182
2004-03-01,121,9,11,0.8181818181818182
2004-03-01,122,9,11,0.8181818181818182
2004-03-01,123,9,11,0.8181818181818182
2004-03-01,124,9,11,0.8181818181818182
2004-03-01,125,9,11,0.8181818181818182
2004-03-01,126,9,11,0.8181818181818182
2004-03-01,127,9,11,0.8181818181818182
2004-03-01,128,9,11,0.8181818181818182
2004-03-01,129,9,11,0.8181818181818182
2004-03-01,130,9,11,0.8181818181818182
2004-03-01,131,9,11,0.8181818181818182
2004-03-01,132,9,11,0.8181818181818182
2004-03-01,133,9,11,0.8181818181818182
2004-03-01,134,9,11,0.8181818181818182
2004-03-01,135,9,11,0.8181818181818182
2004-03-01,136,9,11,0.8181818181818182
2004-03-01,137,9,11,0.8181818181818182
2004-03-01,138,9,11,0.8181818181818182
2004-03-01,139,9,11,0.8181818181818182
2004-03-01,140,9,11,0.8181818181818182
2004-03-01,141,9,11,0.8181818181818182
2004-03-01,142,9,11,0.8181818181818182
2004-03-01,143,9,11,0.8181818181818182
2004-03-01,144,9,11,0.8181818181818182
2004-03-01,145,9,11,0.8181818181818182
2004-03-01,146,9,11,0.8181818181818182
2004-03-01,147,9,11,0.8181818181818182
2004-03-01,148,9,11,0.8181818181818182
2004-03-01,149,9,11,0.8181818181818182
2004-03-01,150,9,11,0.8181818181818182
2004-03-01,151,9,11,0.8181818181818182
2004-03-01,152,9,11,0.8181818181818182
2004-03-01,153,9,11,0.8181818181818182
2004-03-01,154,9,11,0.8181818181818182
2004-03-01,155,9,11,0.8181818181818182
2004-03-01,156,9,11,0.8181818181818182
2004-03-01,157,9,11,0.8181818181818182
2004-03-01,158,9,11,0.8181818181818182
2004-03-01,159,9,11,0.8181818181818182
2004-03-01,160,9,11,0.8181818181818182
2004-03-01,161,9,11,0.8181818181818182
2004-03-01,162,9,11,0.8181818181818182
2004-03-01,163,9,11,0.8181818181818182
2004-03-01,164,9,11,0.8181818181818182
2004-03-01,165,9,11,0.8181818181818182
2004-03-01,166,9,11,0.8181818181818182
2004-03-01,167,9,11,0.8181818181818182
2004-03-01,168,9,11,0.8181818181818182
2004-03-01,169,9,11,0.8181818181818182
2004-03-01,170,9,11,0.8181818181818182
2004-03-01,171,9,11,0.8181818181818182
2004-03-01,172,9,11,0.8181818181818182
2004-03-01,173,9,11,0.8181818181818182
2004-03-01,174,9,11,0.8181818181818182
2004-03-01,175,9,11,0.8181818181818182
2004-03-01,176,9,11,0.8181818181818182
2004-03-01,177,9,11,0.8181818181818182
2004-03-01,178,9,11,0.8181818181818182
2004-03-01,179,9,11,0.8181818181818182
2004-03-01,180,9,11,0.8181818181818182
2004-03-01,181,9,11,0.8181818181818182
2004-03-01,182,9,11,0.8181818181818182
2004-03-01,183,9,11,0.8181818181818182
2004-03-01,184,9,11,0.8181818181818182
2004-03-01,185,9,11,0.8181818181818182
2004-03-01,186,9,11,0.8181818181818182
2004-03-01,187,9,11,0.8181818181818182
2004-04-01,69,12,14,0.8571428571428571
2004-04-01,70,12,14,0.8571428571428571
2004-04-01,71,12,14,0.8571428571428571
2004-04-01,72,12,14,0.8571428571428571
2004-04-01,73,12,14,0.8571428571428571
2004-04-01,74,12,14,0.8571428571428571
2004-04-01,75,12,14,0.8571428571428571
2004-04-01,76,12,14,0.8571428571428571
2004-04-01,77,12,14,0.8571428571428571
2004-04-01,78,12,14,0.8571428571428571
2004-04-01,79,12,14,0.8571428571428571
2004-04-01,80,12,14,0.8571428571428571
2004-04-01,81,12,14,0.8571428571428571
2004-04-01,82,12,14,0.8571428571428571
2004-04-01,83,12,14,0.8571428571428571
2004-04-01,84,12,14,0.8571428571428571
2004-04-01,85,12,14,0.8571428571428571
2004-04-01,86,12,14,0.8571428571428571
2004-04-01,87,12,14,0.8571428571428571
2004-04-01,88,12,14,0.8571428571428571
2004-04-01,89,12,14,0.8571428571428571
2004-04-01,90,12,14,0.8571428571428571
2004-04-01,91,12,14,0.8571428571428571
2004-04-01,92,12,14,0.8571428571428571
2004-04-01,93,12,14,0.8571428571428571
2004-04-01,94,12,14,0.8571428571428571
2004-04-01,95,12,14,0.8571428571428571
2004-04-01,96,12,14,0.8571428571428571
2004-04-01,97,12,14,0.8571428571428571
2004-04-01,98,12,14,0.8571428571428571
2004-04-01,99,12,14,0.8571428571428571
2004-04-01,100,12,14,0.8571428571428571
2004-04-01,101,12,14,0.8571428571428571
2004-04-01,102,12,14,0.8571428571428571
2004-04-01,103,12,14,0.8571428571428571
2004-04-01,104,12,14,0.8571428571428571
2004-04-01,105,12,14,0.8571428571428571
2004-04-01,106,12,14,0.8571428571428571
2004-04-01,107,12,14,0.8571428571428571
2004-04-01,108,12,14,0.8571428571428571
2004-04-01,109,12,14,0.8571428571428571
2004-04-01,110,12,14,0.8571428571428571
2004-04-01,111,12,14,0.8571428571428571
2004-04-01,112,12,14,0.8571428571428571
2004-04-01,113,12,14,0.8571428571428571
2004-04-01,114,12,14,0.8571428571428571
2004-04-01,115,12,14,0.8571428571428571
2004-04-01,116,12,14,0.8571428571428571
2004-04-01,117,12,14,0.8571428571428571
2004-04-01,118,12,14,0.8571428571428571
2004-04-01,119,12,14,0.8571428571428571
2004-04-01,120,12,14,0.8571428571428571
2004-04-01,121,12,14,0.8571428571428571
2004-04-01,122,12,14,0.8571428571428571
2004-04-01,123,12,14,0.8571428571428571
2004-04-01,124,12,14,0.8571428571428571
2004-04-01,125,12,14,0.8571428571428571
2004-04-01,126,12,14,0.8571428571428571
2004-04-01,127,12,14,0.8571428571428571
2004-04-01,128,12,14,0.8571428571428571
2004-04-01,129,12,14,0.8571428571428571
2004-04-01,130,12,14,0.8571428571428571
2004-04-01,131,12,14,0.8571428571428571
2004-04-01,132,12,14,0.8571428571428571
2004-04-01,133,12,14,0.8571428571428571
2004-04-01,134,12,14,0.8571428571428571
2004-04-01,135,12,14,0.8571428571428571
2004-04-01,136,12,14,0.8571428571428571
2004-04-01,137,12,14,0.8571428571428571
2004-04-01,138,12,14,0.8571428571428571
2004-04-01,139,12,14,0.8571428571428571
2004-04-01,140,12,14,0.8571428571428571
2004-04-01,141,12,14,0.8571428571428571
2004-04-01,142,12,14,0.8571428571428571
2004-04-01,143,12,14,0.8571428571428571
2004-04-01,144,12,14,0.8571428571428571
2004-04-01,145,12,14,0.8571428571428571
2004-04-01,146,12,14,0.8571428571428571
2004-04-01,147,12,14,0.8571428571428571
2004-04-01,148,12,14,0.8571428571428571
2004-04-01,149,12,14,0.8571428571428571
2004-04-01,150,12,14,0.8571428571428571
2004-04-01,151,12,14,0.8571428571428571
2004-04-01,152,12,14,0.8571428571428571
2004-04-01,153,12,14,0.8571428571428571
2004-04-01,154,12,14,0.8571428571428571
2004-04-01,155,12,14,0.8571428571428571
2004-04-01,156,12,14,0.8571428571428571
2004-04-01,157,12,14,0.8571428571428571
2004-04-01,158,12,14,0.8571428571428571
2004-04-01,159,12,14,0.8571428571428571
2004-04-01,160,12,14,0.8571428571428571
2004-04-01,161,12,14,0.8571428571428571
2004-04-01,162,12,14,0.8571428571428571
2004-04-01,163,12,14,0.8571428571428571
2004-04-01,164,12,14,0.8571428571428571
2004-04-01,165,12,14,0.8571428571428571
2004-04-01,166,12,14,0.8571428571428571
2004-04-01,167,12,14,0.8571428571428571
2004-04-01,168,12,14,0.8571428571428571
2004-04-01,169,12,14,0.8571428571428571
2004-04-01,170,12,14,0.8571428571428571
2004-04-01,171,12,14,0.8571428571428571
2004-04-01,172,12,14,0.8571428571428571
2004-04-01,173,12,14,0.8571428571428571
2004-04-01,174,12,14,0.8571428571428571
2004-04-01,175,12,14,0.8571428571428571
2004-04-01,176,12,14,0.8571428571428571
2004-04-01,177,12,14,0.8571428571428571
2004-04-01,178,12,14,0.8571428571428571
2004-04-01,179,12,14,0.8571428571428571
2004-04-01,180,12,14,0.8571428571428571
2004-04-01,181,12,14,0.8571428571428571
2004-04-01,182,12,14,0.8571428571428571
2004-04-01,183,12,14,0.8571428571428571
2004-04-01,184,12,14,0.8571428571428571
2004-04-01,185,12,14,0.8571428571428571
2004-04-01,186,12,14,0.8571428571428571
2004-05-01,68,10,12,0.8333333333333334
2004-05-01,69,10,12,0.8333333333333334
2004-05-01,70,10,12,0.8333333333333334
2004-05-01,71,10,12,0.8333333333333334
2004-05-01,72,10,12,0.8333333333333334
2004-05-01,73,10,12,0.8333333333333334
2004-05-01,74,10,12,0.8333333333333334
2004-05-01,75,10,12,0.8333333333333334
2004-05-01,76,10,12,0.8333333333333334
2004-05-01,77,10,12,0.8333333333333334
2004-05-01,78,10,12,0.8333333333333334
2004-05-01,79,10,12,0.8333333333333334
2004-05-01,80,10,12,0.8333333333333334
2004-05-01,81,10,12,0.8333333333333334
2004-05-01,82,10,12,0.8333333333333334
2004-05-01,83,10,12,0.8333333333333334
2004-05-01,84,10,12,0.8333333333333334
2004-05-01,85,10,12,0.8333333333333334
2004-05-01,86,10,12,0.8333333333333334
2004-05-01,87,10,12,0.8333333333333334
2004-05-01,88,10,12,0.8333333333333334
2004-05-01,89,10,12,0.8333333333333334
2004-05-01,90,10,12,0.8333333333333334
2004-05-01,91,10,12,0.8333333333333334
2004-05-01,92,10,12,0.8333333333333334
2004-05-01,93,10,12,0.8333333333333334
2004-05-01,94,10,12,0.8333333333333334
2004-05-01,95,10,12,0.8333333333333334
2004-05-01,96,10,12,0.8333333333333334
2004-05-01,97,10,12,0.8333333333333334
2004-05-01,98,10,12,0.8333333333333334
2004-05-01,99,10,12,0.8333333333333334
2004-05-01,100,10,12,0.8333333333333334
2004-05-01,101,10,12,0.8333333333333334
2004-05-01,102,10,12,0.8333333333333334
2004-05-01,103,10,12,0.8333333333333334
2004-05-01,104,10,12,0.8333333333333334
2004-05-01,105,10,12,0.8333333333333334
2004-05-01,106,10,12,0.8333333333333334
2004-05-01,107,10,12,0.8333333333333334
2004-05-01,108,10,12,0.8333333333333334
2004-05-01,109,10,12,0.8333333333333334
2004-05-01,110,10,12,0.8333333333333334
2004-05-01,111,10,12,0.8333333333333334
2004-05-01,112,10,12,0.8333333333333334
2004-05-01,113,10,12,0.8333333333333334
2004-05-01,114,10,12,0.8333333333333334
2004-05-01,115,10,12,0.8333333333333334
2004-05-01,116,10,12,0.8333333333333334
2004-05-01,117,10,12,0.8333333333333334
2004-05-01,118,10,12,0.8333333333333334
2004-05-01,119,10,12,0.8333333333333334
2004-05-01,120,10,12,0.8333333333333334
2004-05-01,121,10,12,0.8333333333333334
2004-05-01,122,10,12,0.8333333333333334
2004-05-01,123,10,12,0.8333333333333334
2004-05-01,124,10,12,0.8333333333333334
2004-05-01,125,10,12,0.8333333333333334
2004-05-01,126,10,12,0.8333333333333334
2004-05-01,127,10,12,0.8333333333333334
2004-05-01,128,10,12,0.8333333333333334
2004-05-01,129,10,12,0.8333333333333334
2004-05-01,130,10,12,0.8333333333333334
2004-05-01,131,10,12,0.8333333333333334
2004-05-01,132,10,12,0.8333333333333334
2004-05-01,133,10,12,0.8333333333333334
2004-05-01,134,10,12,0.8333333333333334
2004-05-01,135,10,12,0.8333333333333334
2004-05-01,136,10,12,0.8333333333333334
2004-05-01,137,10,12,0.8333333333333334
2004-05-01,138,10,12,0.8333333333333334
2004-05-01,139,10,12,0.8333333333333334
2004-05-01,140,10,12,0.8333333333333334
2004-05-01,141,10,12,0.8333333333333334
2004-05-01,142,10,12,0.8333333333333334
2004-05-01,143,10,12,0.8333333333333334
2004-05-01,144,10,12,0.8333333333333334
2004-05-01,145,10,12,0.8333333333333334
2004-05-01,146,10,12,0.8333333333333334
2004-05-01,147,10,12,0.8333333333333334
2004-05-01,148,10,12,0.8333333333333334
2004-05-01,149,10,12,0.8333333333333334
2004-05-01,150,10,12,0.8333333333333334
2004-05-01,151,10,12,0.8333333333333334
2004-05-01,152,10,12,0.8333333333333334
2004-05-01,153,10,12,0.8333333333333334
2004-05-01,154,10,12,0.8333333333333334
2004-05-01,155,10,12,0.8333333333333334
2004-05-01,156,10,12,0.8333333333333334
2004-05-01,157,10,12,0.8333333333333334
2004-05-01,158,10,12,0.8333333333333334
2004-05-01,159,10,12,0.8333333333333334
2004-05-01,160,10,12,0.8333333333333334
2004-05-01,161,10,12,0.8333333333333334
2004-05-01,162,10,12,0.8333333333333334
2004-05-01,163,10,12,0.8333333333333334
2004-05-01,164,10,12,0.8333333333333334
2004-05-01,165,10,12,0.8333333333333334
2004-05-01,166,10,12,0.8333333333333334
2004-05-01,167,10,12,0.8333333333333334
2004-05-01,168,10,12,0.8333333333333334
2004-05-01,169,10,12,0.8333333333333334
2004-05-01,170,10,12,0.8333333333333334
2004-05-01,171,10,12,0.8333333333333334
2004-05-01,172,10,12,0.8333333333333334
2004-05-01,173,10,12,0.8333333333333334
2004-05-01,174,10,12,0.8333333333333334
2004-05-01,175,10,12,0.8333333333333334
2004-05-01,176,10,12,0.8333333333333334
2004-05-01,177,10,12,0.8333333333333334
2004-05-01,178,10,12,0.8333333333333334
2004-05-01,179,10,12,0.8333333333333334
2004-05-01,180,10,12,0.8333333333333334
2004-05-01,181,10,12,0.8333333333333334
2004-05-01,182,10,12,0.8333333333333334
2004-05-01,183,10,12,0.8333333333333334
2004-05-01,184,10,12,0.8333333333333334
2004-05-01,185,10,12,0.8333333333333334
2004-06-01,67,11,12,0.9166666666666666
2004-06-01,68,11,12,0.9166666666666666
2004-06-01,69,11,12,0.9166666666666666
2004-06-01,70,11,12,0.9166666666666666
2004-06-01,71,11,12,0.9166666666666666
2004-06-01,72,11,12,0.9166666666666666
2004-06-01,73,11,12,0.9166666666666666
2004-06-01,74,11,12,0.9166666666666666
2004-06-01,75,11,12,0.9166666666666666
2004-06-01,76,11,12,0.9166666666666666
2004-06-01,77,11,12,0.9166666666666666
2004-06-01,78,11,12,0.9166666666666666
2004-06-01,79,11,12,0.9166666666666666
2004-06-01,80,11,12,0.9166666666666666
2004-06-01,81,11,12,0.9166666666666666
2004-06-01,82,11,12,0.9166666666666666
2004-06-01,83,11,12,0.9166666666666666
2004-06-01,84,11,12,0.9166666666666666
2004-06-01,85,11,12,0.9166666666666666
2004-06-01,86,11,12,0.9166666666666666
2004-06-01,87,11,12,0.9166666666666666
2004-06-01,88,11,12,0.9166666666666666
2004-06-01,89,11,12,0.9166666666666666
2004-06-01,90,11,12,0.9166666666666666
2004-06-01,91,11,12,0.9166666666666666
2004-06-01,92,11,12,0.9166666666666666
2004-06-01,93,11,12,0.9166666666666666
2004-06-01,94,11,12,0.9166666666666666
2004-06-01,95,11,12,0.9166666666666666
2004-06-01,96,11,12,0.9166666666666666
2004-06-01,97,11,12,0.9166666666666666
2004-06-01,98,11,12,0.9166666666666666
2004-06-01,99,11,12,0.9166666666666666
2004-06-01,100,11,12,0.9166666666666666
2004-06-01,101,11,12,0.9166666666666666
2004-06-01,102,11,12,0.9166666666666666
2004-06-01,103,11,12,0.9166666666666666
2004-06-01,104,11,12,0.9166666666666666
2004-06-01,105,11,12,0.9166666666666666
2004-06-01,106,11,12,0.9166666666666666
2004-06-01,107,11,12,0.9166666666666666
2004-06-01,108,11,12,0.9166666666666666
2004-06-01,109,11,12,0.9166666666666666
2004-06-01,110,11,12,0.9166666666666666
2004-06-01,111,11,12,0.9166666666666666
2004-06-01,112,11,12,0.9166666666666666
2004-06-01,113,11,12,0.9166666666666666
2004-06-01,114,11,12,0.9166666666666666
2004-06-01,115,11,12,0.9166666666666666
2004-06-01,116,11,12,0.9166666666666666
2004-06-01,117,11,12,0.9166666666666666
2004-06-01,118,11,12,0.9166666666666666
2004-06-01,119,11,12,0.9166666666666666
2004-06-01,120,11,12,0.9166666666666666
2004-06-01,121,11,12,0.9166666666666666
2004-06-01,122,11,12,0.9166666666666666
2004-06-01,123,11,12,0.9166666666666666
2004-06-01,124,11,12,0.9166666666666666
2004-06-01,125,11,12,0.9166666666666666
2004-06-01,126,11,12,0.9166666666666666
2004-06-01,127,11,12,0.9166666666666666
2004-06-01,128,11,12,0.9166666666666666
2004-06-01,129,11,12,0.9166666666666666
2004-06-01,130,11,12,0.9166666666666666
2004-06-01,131,11,12,0.9166666666666666
2004-06-01,132,11,12,0.9166666666666666
2004-06-01,133,11,12,0.9166666666666666
2004-06-01,134,11,12,0.9166666666666666
2004-06-01,135,11,12,0.9166666666666666
2004-06-01,136,11,12,0.9166666666666666
2004-06-01,137,11,12,0.9166666666666666
2004-06-01,138,11,12,0.9166666666666666
2004-06-01,139,11,12,0.9166666666666666
2004-06-01,140,11,12,0.9166666666666666
2004-06-01,141,11,12,0.9166666666666666
2004-06-01,142,11,12,0.9166666666666666
2004-06-01,143,11,12,0.9166666666666666
2004-06-01,144,11,12,0.9166666666666666
2004-06-01,145,11,12,0.9166666666666666
2004-06-01,146,11,12,0.9166666666666666
2004-06-01,147,11,12,0.9166666666666666
2004-06-01,148,11,12,0.9166666666666666
2004-06-01,149,11,12,0.9166666666666666
2004-06-01,150,11,12,0.9166666666666666
2004-06-01,151,11,12,0.9166666666666666
2004-06-01,152,11,12,0.9166666666666666
2004-06-01,153,11,12,0.9166666666666666
2004-06-01,154,11,12,0.9166666666666666
2004-06-01,155,11,12,0.9166666666666666
2004-06-01,156,11,12,0.9166666666666666
2004-06-01,157,11,12,0.9166666666666666
2004-06-01,158,11,12,0.9166666666666666
2004-06-01,159,11,12,0.9166666666666666
2004-06-01,160,11,12,0.9166666666666666
2004-06-01,161,11,12,0.9166666666666666
2004-06-01,162,11,12,0.9166666666666666
2004-06-01,163,11,12,0.9166666666666666
2004-06-01,164,11,12,0.9166666666666666
2004-06-01,165,11,12,0.9166666666666666
2004-06-01,166,11,12,0.9166666666666666
2004-06-01,167,11,12,0.9166666666666666
2004-06-01,168,11,12,0.9166666666666666
2004-06-01,169,11,12,0.9166666666666666
2004-06-01,170,11,12,0.9166666666666666
2004-06-01,171,11,12,0.9166666666666666
2004-06-01,172,11,12,0.9166666666666666
2004-06-01,173,11,12,0.9166666666666666
2004-06-01,174,11,12,0.9166666666666666
2004-06-01,175,11,12,0.9166666666666666
2004-06-01,176,11,12,0.9166666666666666
2004-06-01,177,11,12,0.9166666666666666
2004-06-01,178,11,12,0.9166666666666666
2004-06-01,179,11,12,0.9166666666666666
2004-06-01,180,11,12,0.9166666666666666
2004-06-01,181,11,12,0.9166666666666666
2004-06-01,182,11,12,0.9166666666666666
2004-06-01,183,11,12,0.9166666666666666
2004-06-01,184,11,12,0.9166666666666666
2004-07-01,66,6,8,0.75
2004-07-01,67,6,8,0.75
2004-07-01,68,6,8,0.75
2004-07-01,69,6,8,0.75
2004-07-01,70,6,8,0.75
2004-07-01,71,6,8,0.75
2004-07-01,72,6,8,0.75
2004-07-01,73,6,8,0.75
2004-07-01,74,6,8,0.75
2004-07-01,75,6,8,0.75
2004-07-01,76,6,8,0.75
2004-07-01,77,6,8,0.75
2004-07-01,78,6,8,0.75
2004-07-01,79,6,8,0.75
2004-07-01,80,6,8,0.75
2004-07-01,81,6,8,0.75
2004-07-01,82,6,8,0.75
2004-07-01,83,6,8,0.75
2004-07-01,84,6,8,0.75
2004-07-01,85,6,8,0.75
2004-07-01,86,6,8,0.75
2004-07-01,87,6,8,0.75
2004-07-01,88,6,8,0.75
2004-07-01,89,6,8,0.75
2004-07-01,90,6,8,0.75
2004-07-01,91,6,8,0.75
2004-07-01,92,6,8,0.75
2004-07-01,93,6,8,0.75
2004-07-01,94,6,8,0.75
2004-07-01,95,6,8,0.75
2004-07-01,96,6,8,0.75
2004-07-01,97,6,8,0.75
2004-07-01,98,6,8,0.75
2004-07-01,99,6,8,0.75
2004-07-01,100,6,8,0.75
2004-07-01,101,6,8,0.75
2004-07-01,102,6,8,0.75
2004-07-01,103,6,8,0.75
2004-07-01,104,6,8,0.75
2004-07-01,105,6,8,0.75
2004-07-01,106,6,8,0.75
2004-07-01,107,6,8,0.75
2004-07-01,108,6,8,0.75
2004-07-01,109,6,8,0.75
2004-07-01,110,6,8,0.75
2004-07-01,111,6,8,0.75
2004-07-01,112,6,8,0.75
2004-07-01,113,6,8,0.75
2004-07-01,114,6,8,0.75
2004-07-01,115,6,8,0.75
2004-07-01,116,6,8,0.75
2004-07-01,117,6,8,0.75
2004-07-01,118,6,8,0.75
2004-07-01,119,6,8,0.75
2004-07-01,120,6,8,0.75
2004-07-01,121,6,8,0.75
2004-07-01,122,6,8,0.75
2004-07-01,123,6,8,0.75
2004-07-01,124,6,8,0.75
2004-07-01,125,6,8,0.75
2004-07-01,126,6,8,0.75
2004-07-01,127,6,8,0.75
2004-07-01,128,6,8,0.75
2004-07-01,129,6,8,0.75
2004-07-01,130,6,8,0.75
2004-07-01,131,6,8,0.75
2004-07-01,132,6,8,0.75
2004-07-01,133,6,8,0.75
2004-07-01,134,6,8,0.75
2004-07-01,135,6,8,0.75
2004-07-01,136,6,8,0.75
2004-07-01,137,6,8,0.75
2004-07-01,138,6,8,0.75
2004-07-01,139,6,8,0.75
2004-07-01,140,6,8,0.75
2004-07-01,141,6,8,0.75
2004-07-01,142,6,8,0.75
2004-07-01,143,6,8,0.75
2004-07-01,144,6,8,0.75
2004-07-01,145,6,8,0.75
2004-07-01,146,6,8,0.75
2004-07-01,147,6,8,0.75
2004-07-01,148,6,8,0.75
2004-07-01,149,6,8,0.75
2004-07-01,150,6,8,0.75
2004-07-01,151,6,8,0.75
2004-07-01,152,6,8,0.75
2004-07-01,153,6,8,0.75
2004-07-01,154,6,8,0.75
2004-07-01,155,6,8,0.75
2004-07-01,156,6,8,0.75
2004-07-01,157,6,8,0.75
2004-07-01,158,6,8,0.75
2004-07-01,159,6,8,0.75
2004-07-01,160,6,8,0.75
2004-07-01,161,6,8,0.75
2004-07-01,162,6,8,0.75
2004-07-01,163,6,8,0.75
2004-07-01,164,6,8,0.75
2004-07-01,165,6,8,0.75
2004-07-01,166,6,8,0.75
2004-07-01,167,6,8,0.75
2004-07-01,168,6,8,0.75
2004-07-01,169,6,8,0.75
2004-07-01,170,6,8,0.75
2004-07-01,171,6,8,0.75
2004-07-01,172,6,8,0.75
2004-07-01,173,6,8,0.75
2004-07-01,174,6,8,0.75
2004-07-01,175,6,8,0.75
2004-07-01,176,6,8,0.75
2004-07-01,177,6,8,0.75
2004-07-01,178,6,8,0.75
2004-07-01,179,6,8,0.75
2004-07-01,180,6,8,0.75
2004-07-01,181,6,8,0.75
2004-07-01,182,6,8,0.75
2004-07-01,183,6,8,0.75
2004-08-01,65,9,13,0.6923076923076923
2004-08-01,66,9,13,0.6923076923076923
2004-08-01,67,9,13,0.6923076923076923
2004-08-01,68,9,13,0.6923076923076923
2004-08-01,69,9,13,0.6923076923076923
2004-08-01,70,9,13,0.6923076923076923
2004-08-01,71,9,13,0.6923076923076923
2004-08-01,72,9,13,0.6923076923076923
2004-08-01,73,9,13,0.6923076923076923
2004-08-01,74,9,13,0.6923076923076923
2004-08-01,75,9,13,0.6923076923076923
2004-08-01,76,9,13,0.6923076923076923
2004-08-01,77,9,13,0.6923076923076923
2004-08-01,78,9,13,0.6923076923076923
2004-08-01,79,9,13,0.6923076923076923
2004-08-01,80,9,13,0.6923076923076923
2004-08-01,81,9,13,0.6923076923076923
2004-08-01,82,9,13,0.6923076923076923
2004-08-01,83,9,13,0.6923076923076923
2004-08-01,84,9,13,0.6923076923076923
2004-08-01,85,9,13,0.6923076923076923
2004-08-01,86,9,13,0.6923076923076923
2004-08-01,87,9,13,0.6923076923076923
2004-08-01,88,9,13,0.6923076923076923
2004-08-01,89,9,13,0.6923076923076923
2004-08-01,90,9,13,0.6923076923076923
2004-08-01,91,9,13,0.6923076923076923
2004-08-01,92,9,13,0.6923076923076923
2004-08-01,93,9,13,0.6923076923076923
2004-08-01,94,9,13,0.6923076923076923
2004-08-01,95,9,13,0.6923076923076923
2004-08-01,96,9,13,0.6923076923076923
2004-08-01,97,9,13,0.6923076923076923
2004-08-01,98,9,13,0.6923076923076923
2004-08-01,99,9,13,0.6923076923076923
2004-08-01,100,9,13,0.6923076923076923
2004-08-01,101,9,13,0.6923076923076923
2004-08-01,102,9,13,0.6923076923076923
2004-08-01,103,9,13,0.6923076923076923
2004-08-01,104,9,13,0.6923076923076923
2004-08-01,105,9,13,0.6923076923076923
2004-08-01,106,9,13,0.6923076923076923
2004-08-01,107,9,13,0.6923076923076923
2004-08-01,108,9,13,0.6923076923076923
2004-08-01,109,9,13,0.6923076923076923
2004-08-01,110,9,13,0.6923076923076923
2004-08-01,111,9,13,0.6923076923076923
2004-08-01,112,9,13,0.6923076923076923
2004-08-01,113,9,13,0.6923076923076923
2004-08-01,114,9,13,0.6923076923076923
2004-08-01,115,9,13,0.6923076923076923
2004-08-01,116,9,13,0.6923076923076923
2004-08-01,117,9,13,0.6923076923076923
2004-08-01,118,9,13,0.6923076923076923
2004-08-01,119,9,13,0.6923076923076923
2004-08-01,120,9,13,0.6923076923076923
2004-08-01,121,9,13,0.6923076923076923
2004-08-01,122,9,13,0.6923076923076923
2004-08-01,123,9,13,0.6923076923076923
2004-08-01,124,9,13,0.6923076923076923
2004-08-01,125,9,13,0.6923076923076923
2004-08-01,126,9,13,0.6923076923076923
2004-08-01,127,9,13,0.6923076923076923
2004-08-01,128,9,13,0.6923076923076923
2004-08-01,129,9,13,0.6923076923076923
2004-08-01,130,9,13,0.6923076923076923
2004-08-01,131,9,13,0.6923076923076923
2004-08-01,132,9,13,0.6923076923076923
2004-08-01,133,9,13,0.6923076923076923
2004-08-01,134,9,13,0.6923076923076923
2004-08-01,135,9,13,0.6923076923076923
2004-08-01,136,9,13,0.6923076923076923
2004-08-01,137,9,13,0.6923076923076923
2004-08-01,138,9,13,0.6923076923076923
2004-08-01,139,9,13,0.6923076923076923
2004-08-01,140,9,13,0.6923076923076923
2004-08-01,141,9,13,0.6923076923076923
2004-08-01,142,9,13,0.6923076923076923
2004-08-01,143,9,13,0.6923076923076923
2004-08-01,144,9,13,0.6923076923076923
2004-08-01,145,9,13,0.6923076923076923
2004-08-01,146,9,13,0.6923076923076923
2004-08-01,147,9,13,0.6923076923076923
2004-08-01,148,9,13,0.6923076923076923
2004-08-01,149,9,13,0.6923076923076923
2004-08-01,150,9,13,0.6923076923076923
2004-08-01,151,9,13,0.6923076923076923
2004-08-01,152,9,13,0.6923076923076923
2004-08-01,153,9,13,0.6923076923076923
2004-08-01,154,9,13,0.6923076923076923
2004-08-01,155,9,13,0.6923076923076923
2004-08-01,156,9,13,0.6923076923076923
2004-08-01,157,9,13,0.6923076923076923
2004-08-01,158,9,13,0.6923076923076923
2004-08-01,159,9,13,0.6923076923076923
2004-08-01,160,9,13,0.6923076923076923
2004-08-01,161,9,13,0.6923076923076923
2004-08-01,162,9,13,0.6923076923076923
2004-08-01,163,9,13,0.6923076923076923
2004-08-01,164,9,13,0.6923076923076923
2004-08-01,165,9,13,0.6923076923076923
2004-08-01,166,9,13,0.6923076923076923
2004-08-01,167,9,13,0.6923076923076923
2004-08-01,168,9,13,0.6923076923076923
2004-08-01,169,9,13,0.6923076923076923
2004-08-01,170,9,13,0.6923076923076923
2004-08-01,171,9,13,0.6923076923076923
2004-08-01,172,9,13,0.6923076923076923
2004-08-01,173,9,13,0.6923076923076923
2004-08-01,174,9,13,0.6923076923076923
2004-08-01,175,9,13,0.6923076923076923
2004-08-01,176,9,13,0.6923076923076923
2004-08-01,177,9,13,0.6923076923076923
2004-08-01,178,9,13,0.6923076923076923
2004-08-01,179,9,13,0.6923076923076923
2004-08-01,180,9,13,0.6923076923076923
2004-08-01,181,9,13,0.6923076923076923
2004-08-01,182,9,13,0.6923076923076923
2004-09-01,64,13,16,0.8125
2004-09-01,65,13,16,0.8125
2004-09-01,66,13,16,0.8125
2004-09-01,67,13,16,0.8125
2004-09-01,68,13,16,0.8125
2004-09-01,69,13,16,0.8125
2004-09-01,70,13,16,0.8125
2004-09-01,71,13,16,0.8125
2004-09-01,72,13,16,0.8125
2004-09-01,73,13,16,0.8125
2004-09-01,74,13,16,0.8125
2004-09-01,75,13,16,0.8125
2004-09-01,76,13,16,0.8125
2004-09-01,77,13,16,0.8125
2004-09-01,78,13,16,0.8125
2004-09-01,79,13,16,0.8125
2004-09-01,80,13,16,0.8125
2004-09-01,81,13,16,0.8125
2004-09-01,82,13,16,0.8125
2004-09-01,83,13,16,0.8125
2004-09-01,84,13,16,0.8125
2004-09-01,85,13,16,0.8125
2004-09-01,86,13,16,0.8125
2004-09-01,87,13,16,0.8125
2004-09-01,88,13,16,0.8125
2004-09-01,89,13,16,0.8125
2004-09-01,90,13,16,0.8125
2004-09-01,91,13,16,0.8125
2004-09-01,92,13,16,0.8125
2004-09-01,93,13,16,0.8125
2004-09-01,94,13,16,0.8125
2004-09-01,95,13,16,0.8125
2004-09-01,96,13,16,0.8125
2004-09-01,97,13,16,0.8125
2004-09-01,98,13,16,0.8125
2004-09-01,99,13,16,0.8125
2004-09-01,100,13,16,0.8125
2004-09-01,101,13,16,0.8125
2004-09-01,102,13,16,0.8125
2004-09-01,103,13,16,0.8125
2004-09-01,104,13,16,0.8125
2004-09-01,105,13,16,0.8125
2004-09-01,106,13,16,0.8125
2004-09-01,107,13,16,0.8125
2004-09-01,108,13,16,0.8125
2004-09-01,109,13,16,0.8125
2004-09-01,110,13,16,0.8125
2004-09-01,111,13,16,0.8125
2004-09-01,112,13,16,0.8125
2004-09-01,113,13,16,0.8125
2004-09-01,114,13,16,0.8125
2004-09-01,115,13,16,0.8125
2004-09-01,116,13,16,0.8125
2004-09-01,117,13,16,0.8125
2004-09-01,118,13,16,0.8125
2004-09-01,119,13,16,0.8125
2004-09-01,120,13,16,0.8125
2004-09-01,121,13,16,0.8125
2004-09-01,122,13,16,0.8125
2004-09-01,123,13,16,0.8125
2004-09-01,124,13,16,0.8125
2004-09-01,125,13,16,0.8125
2004-09-01,126,13,16,0.8125
2004-09-01,127,13,16,0.8125
2004-09-01,128,13,16,0.8125
2004-09-01,129,13,16,0.8125
2004-09-01,130,13,16,0.8125
2004-09-01,131,13,16,0.8125
2004-09-01,132,13,16,0.8125
2004-09-01,133,13,16,0.8125
2004-09-01,134,13,16,0.8125
2004-09-01,135,13,16,0.8125
2004-09-01,136,13,16,0.8125
2004-09-01,137,13,16,0.8125
2004-09-01,138,13,16,0.8125
2004-09-01,139,13,16,0.8125
2004-09-01,140,13,16,0.8125
2004-09-01,141,13,16,0.8125
2004-09-01,142,13,16,0.8125
2004-09-01,143,13,16,0.8125
2004-09-01,144,13,16,0.8125
2004-09-01,145,13,16,0.8125
2004-09-01,146,13,16,0.8125
2004-09-01,147,13,16,0.8125
2004-09-01,148,13,16,0.8125
2004-09-01,149,13,16,0.8125
2004-09-01,150,13,16,0.8125
2004-09-01,151,13,16,0.8125
2004-09-01,152,13,16,0.8125
2004-09-01,153,13,16,0.8125
2004-09-01,154,13,16,0.8125
2004-09-01,155,13,16,0.8125
2004-09-01,156,13,16,0.8125
2004-09-01,157,13,16,0.8125
2004-09-01,158,13,16,0.8125
2004-09-01,159,13,16,0.8125
2004-09-01,160,13,16,0.8125
2004-09-01,161,13,16,0.8125
2004-09-01,162,13,16,0.8125
2004-09-01,163,13,16,0.8125
2004-09-01,164,13,16,0.8125
2004-09-01,165,13,16,0.8125
2004-09-01,166,13,16,0.8125
2004-09-01,167,13,16,0.8125
2004-09-01,168,13,16,0.8125
2004-09-01,169,13,16,0.8125
2004-09-01,170,13,16,0.8125
2004-09-01,171,13,16,0.8125
2004-09-01,172,13,16,0.8125
2004-09-01,173,13,16,0.8125
2004-09-01,174,13,16,0.8125
2004-09-01,175,13,16,0.8125
2004-09-01,176,13,16,0.8125
2004-09-01,177,13,16,0.8125
2004-09-01,178,13,16,0.8125
2004-09-01,179,13,16,0.8125
2004-09-01,180,13,16,0.8125
2004-09-01,181,13,16,0.8125
2004-10-01,63,7,8,0.875
2004-10-01,64,7,8,0.875
2004-10-01,65,7,8,0.875
2004-10-01,66,7,8,0.875
2004-10-01,67,7,8,0.875
2004-10-01,68,7,8,0.875
2004-10-01,69,7,8,0.875
2004-10-01,70,7,8,0.875
2004-10-01,71,7,8,0.875
2004-10-01,72,7,8,0.875
2004-10-01,73,7,8,0.875
2004-10-01,74,7,8,0.875
2004-10-01,75,7,8,0.875
2004-10-01,76,7,8,0.875
2004-10-01,77,7,8,0.875
2004-10-01,78,7,8,0.875
2004-10-01,79,7,8,0.875
2004-10-01,80,7,8,0.875
2004-10-01,81,7,8,0.875
2004-10-01,82,7,8,0.875
2004-10-01,83,7,8,0.875
2004-10-01,84,7,8,0.875
2004-10-01,85,7,8,0.875
2004-10-01,86,7,8,0.875
2004-10-01,87,7,8,0.875
2004-10-01,88,7,8,0.875
2004-10-01,89,7,8,0.875
2004-10-01,90,7,8,0.875
2004-10-01,91,7,8,0.875
2004-10-01,92,7,8,0.875
2004-10-01,93,7,8,0.875
2004-10-01,94,7,8,0.875
2004-10-01,95,7,8,0.875
2004-10-01,96,7,8,0.875
2004-10-01,97,7,8,0.875
2004-10-01,98,7,8,0.875
2004-10-01,99,7,8,0.875
2004-10-01,100,7,8,0.875
2004-10-01,101,7,8,0.875
2004-10-01,102,7,8,0.875
2004-10-01,103,7,8,0.875
2004-10-01,104,7,8,0.875
2004-10-01,105,7,8,0.875
2004-10-01,106,7,8,0.875
2004-10-01,107,7,8,0.875
2004-10-01,108,7,8,0.875
2004-10-01,109,7,8,0.875
2004-10-01,110,7,8,0.875
2004-10-01,111,7,8,0.875
2004-10-01,112,7,8,0.875
2004-10-01,113,7,8,0.875
2004-10-01,114,7,8,0.875
2004-10-01,115,7,8,0.875
2004-10-01,116,7,8,0.875
2004-10-01,117,7,8,0.875
2004-10-01,118,7,8,0.875
2004-10-01,119,7,8,0.875
2004-10-01,120,7,8,0.875
2004-10-01,121,7,8,0.875
2004-10-01,122,7,8,0.875
2004-10-01,123,7,8,0.875
2004-10-01,124,7,8,0.875
2004-10-01,125,7,8,0.875
2004-10-01,126,7,8,0.875
2004-10-01,127,7,8,0.875
2004-10-01,128,7,8,0.875
2004-10-01,129,7,8,0.875
2004-10-01,130,7,8,0.875
2004-10-01,131,7,8,0.875
2004-10-01,132,7,8,0.875
2004-10-01,133,7,8,0.875
2004-10-01,134,7,8,0.875
2004-10-01,135,7,8,0.875
2004-10-01,136,7,8,0.875
2004-10-01,137,7,8,0.875
2004-10-01,138,7,8,0.875
2004-10-01,139,7,8,0.875
2004-10-01,140,7,8,0.875
2004-10-01,141,7,8,0.875
2004-10-01,142,7,8,0.875
2004-10-01,143,7,8,0.875
2004-10-01,144,7,8,0.875
2004-10-01,145,7,8,0.875
2004-10-01,146,7,8,0.875
2004-10-01,147,7,8,0.875
2004-10-01,148,7,8,0.875
2004-10-01,149,7,8,0.875
2004-10-01,150,7,8,0.875
2004-10-01,151,7,8,0.875
2004-10-01,152,7,8,0.875
2004-10-01,153,7,8,0.875
2004-10-01,154,7,8,0.875
2004-10-01,155,7,8,0.875
2004-10-01,156,7,8,0.875
2004-10-01,157,7,8,0.875
2004-10-01,158,7,8,0.875
2004-10-01,159,7,8,0.875
2004-10-01,160,7,8,0.875
2004-10-01,161,7,8,0.875
2004-10-01,162,7,8,0.875
2004-10-01,163,7,8,0.875
2004-10-01,164,7,8,0.875
2004-10-01,165,7,8,0.875
2004-10-01,166,7,8,0.875
2004-10-01,167,7,8,0.875
2004-10-01,168,7,8,0.875
2004-10-01,169,7,8,0.875
2004-10-01,170,7,8,0.875
2004-10-01,171,7,8,0.875
2004-10-01,172,7,8,0.875
2004-10-01,173,7,8,0.875
2004-10-01,174,7,8,0.875
2004-10-01,175,7,8,0.875
2004-10-01,176,7,8,0.875
2004-10-01,177,7,8,0.875
2004-10-01,178,7,8,0.875
2004-10-01,179,7,8,0.875
2004-10-01,180,7,8,0.875
2004-11-01,62,9,11,0.8181818181818182
2004-11-01,63,9,11,0.8181818181818182
2004-11-01,64,9,11,0.8181818181818182
2004-11-01,65,9,11,0.8181818181818182
2004-11-01,66,9,11,0.8181818181818182
2004-11-01,67,9,11,0.8181818181818182
2004-11-01,68,9,11,0.8181818181818182
2004-11-01,69,9,11,0.8181818181818182
2004-11-01,70,9,11,0.8181818181818182
2004-11-01,71,9,11,0.8181818181818182
2004-11-01,72,9,11,0.8181818181818182
2004-11-01,73,9,11,0.8181818181818182
2004-11-01,74,9,11,0.8181818181818182
2004-11-01,75,9,11,0.8181818181818182
2004-11-01,76,9,11,0.8181818181818182
2004-11-01,77,9,11,0.8181818181818182
2004-11-01,78,9,11,0.8181818181818182
2004-11-01,79,9,11,0.8181818181818182
2004-11-01,80,9,11,0.8181818181818182
2004-11-01,81,9,11,0.8181818181818182
2004-11-01,82,9,11,0.8181818181818182
2004-11-01,83,9,11,0.8181818181818182
2004-11-01,84,9,11,0.8181818181818182
2004-11-01,85,9,11,0.8181818181818182
2004-11-01,86,9,11,0.8181818181818182
2004-11-01,87,9,11,0.8181818181818182
2004-11-01,88,9,11,0.8181818181818182
2004-11-01,89,9,11,0.8181818181818182
2004-11-01,90,9,11,0.8181818181818182
2004-11-01,91,9,11,0.8181818181818182
2004-11-01,92,9,11,0.8181818181818182
2004-11-01,93,9,11,0.8181818181818182
2004-11-01,94,9,11,0.8181818181818182
2004-11-01,95,9,11,0.8181818181818182
2004-11-01,96,9,11,0.8181818181818182
2004-11-01,97,9,11,0.8181818181818182
2004-11-01,98,9,11,0.8181818181818182
2004-11-01,99,9,11,0.8181818181818182
2004-11-01,100,9,11,0.8181818181818182
2004-11-01,101,9,11,0.8181818181818182
2004-11-01,102,9,11,0.8181818181818182
2004-11-01,103,9,11,0.8181818181818182
2004-11-01,104,9,11,0.8181818181818182
2004-11-01,105,9,11,0.8181818181818182
2004-11-01,106,9,11,0.8181818181818182
2004-11-01,107,9,11,0.8181818181818182
2004-11-01,108,9,11,0.8181818181818182
2004-11-01,109,9,11,0.8181818181818182
2004-11-01,110,9,11,0.8181818181818182
2004-11-01,111,9,11,0.8181818181818182
2004-11-01,112,9,11,0.8181818181818182
2004-11-01,113,9,11,0.8181818181818182
2004-11-01,114,9,11,0.8181818181818182
2004-11-01,115,9,11,0.8181818181818182
2004-11-01,116,9,11,0.8181818181818182
2004-11-01,117,9,11,0.8181818181818182
2004-11-01,118,9,11,0.8181818181818182
2004-11-01,119,9,11,0.8181818181818182
2004-11-01,120,9,11,0.8181818181818182
2004-11-01,121,9,11,0.8181818181818182
2004-11-01,122,9,11,0.8181818181818182
2004-11-01,123,9,11,0.8181818181818182
2004-11-01,124,9,11,0.8181818181818182
2004-11-01,125,9,11,0.8181818181818182
2004-11-01,126,9,11,0.8181818181818182
2004-11-01,127,9,11,0.8181818181818182
2004-11-01,128,9,11,0.8181818181818182
2004-11-01,129,9,11,0.8181818181818182
2004-11-01,130,9,11,0.8181818181818182
2004-11-01,131,9,11,0.8181818181818182
2004-11-01,132,9,11,0.8181818181818182
2004-11-01,133,9,11,0.8181818181818182
2004-11-01,134,9,11,0.8181818181818182
2004-11-01,135,9,11,0.8181818181818182
2004-11-01,136,9,11,0.8181818181818182
2004-11-01,137,9,11,0.8181818181818182
2004-11-01,138,9,11,0.8181818181818182
2004-11-01,139,9,11,0.8181818181818182
2004-11-01,140,9,11,0.8181818181818182
2004-11-01,141,9,11,0.8181818181818182
2004-11-01,142,9,11,0.8181818181818182
2004-11-01,143,9,11,0.8181818181818182
2004-11-01,144,9,11,0.8181818181818182
2004-11-01,145,9,11,0.8181818181818182
2004-11-01,146,9,11,0.8181818181818182
2004-11-01,147,9,11,0.8181818181818182
2004-11-01,148,9,11,0.8181818181818182
2004-11-01,149,9,11,0.8181818181818182
2004-11-01,150,9,11,0.8181818181818182
2004-11-01,151,9,11,0.8181818181818182
2004-11-01,152,9,11,0.8181818181818182
2004-11-01,153,8,11,0.7272727272727273
2004-11-01,154,8,11,0.7272727272727273
2004-11-01,155,8,11,0.7272727272727273
2004-11-01,156,8,11,0.7272727272727273
2004-11-01,157,8,11,0.7272727272727273
2004-11-01,158,8,11,0.7272727272727273
2004-11-01,159,8,11,0.7272727272727273
2004-11-01,160,8,11,0.7272727272727273
2004-11-01,161,8,11,0.7272727272727273
2004-11-01,162,8,11,0.7272727272727273
2004-11-01,163,7,11,0.6363636363636364
2004-11-01,164,7,11,0.6363636363636364
2004-11-01,165,7,11,0.6363636363636364
2004-11-01,166,7,11,0.6363636363636364
2004-11-01,167,7,11,0.6363636363636364
2004-11-01,168,7,11,0.6363636363636364
2004-11-01,169,7,11,0.6363636363636364
2004-11-01,170,7,11,0.6363636363636364
2004-11-01,171,7,11,0.6363636363636364
2004-11-01,172,7,11,0.6363636363636364
2004-11-01,173,7,11,0.6363636363636364
2004-11-01,174,7,11,0.6363636363636364
2004-11-01,175,7,11,0.6363636363636364
2004-11-01,176,7,11,0.6363636363636364
2004-11-01,177,7,11,0.6363636363636364
2004-11-01,178,7,11,0.6363636363636364
2004-11-01,179,7,11,0.6363636363636364
2004-12-01,61,13,14,0.9285714285714286
2004-12-01,62,13,14,0.9285714285714286
2004-12-01,63,13,14,0.9285714285714286
2004-12-01,64,13,14,0.9285714285714286
2004-12-01,65,13,14,0.9285714285714286
2004-12-01,66,13,14,0.9285714285714286
2004-12-01,67,13,14,0.9285714285714286
2004-12-01,68,13,14,0.9285714285714286
2004-12-01,69,13,14,0.9285714285714286
2004-12-01,70,13,14,0.9285714285714286
2004-12-01,71,13,14,0.9285714285714286
2004-12-01,72,13,14,0.9285714285714286
2004-12-01,73,13,14,0.9285714285714286
2004-12-01,74,13,14,0.9285714285714286
2004-12-01,75,13,14,0.9285714285714286
2004-12-01,76,13,14,0.9285714285714286
2004-12-01,77,13,14,0.9285714285714286
2004-12-01,78,13,14,0.9285714285714286
2004-12-01,79,13,14,0.9285714285714286
2004-12-01,80,13,14,0.9285714285714286
2004-12-01,81,13,14,0.9285714285714286
2004-12-01,82,13,14,0.9285714285714286
2004-12-01,83,13,14,0.9285714285714286
2004-12-01,84,13,14,0.9285714285714286
2004-12-01,85,13,14,0.9285714285714286
2004-12-01,86,13,14,0.9285714285714286
2004-12-01,87,13,14,0.9285714285714286
2004-12-01,88,13,14,0.9285714285714286
2004-12-01,89,13,14,0.9285714285714286
2004-12-01,90,13,14,0.9285714285714286
2004-12-01,91,13,14,0.9285714285714286
2004-12-01,92,13,14,0.9285714285714286
2004-12-01,93,13,14,0.9285714285714286
2004-12-01,94,13,14,0.9285714285714286
2004-12-01,95,13,14,0.9285714285714286
2004-12-01,96,13,14,0.9285714285714286
2004-12-01,97,13,14,0.9285714285714286
2004-12-01,98,13,14,0.9285714285714286
2004-12-01,99,13,14,0.9285714285714286
2004-12-01,100,13,14,0.9285714285714286
2004-12-01,101,13,14,0.9285714285714286
2004-12-01,102,13,14,0.9285714285714286
2004-12-01,103,13,14,0.9285714285714286
2004-12-01,104,13,14,0.9285714285714286
2004-12-01,105,13,14,0.9285714285714286
2004-12-01,106,13,14,0.9285714285714286
2004-12-01,107,13,14,0.9285714285714286
2004-12-01,108,13,14,0.9285714285714286
2004-12-01,109,13,14,0.9285714285714286
2004-12-01,110,13,14,0.9285714285714286
2004-12-01,111,13,14,0.9285714285714286
2004-12-01,112,13,14,0.9285714285714286
2004-12-01,113,13,14,0.9285714285714286
2004-12-01,114,13,14,0.9285714285714286
2004-12-01,115,13,14,0.9285714285714286
2004-12-01,116,13,14,0.9285714285714286
2004-12-01,117,13,14,0.9285714285714286
2004-12-01,118,13,14,0.9285714285714286
2004-12-01,119,13,14,0.9285714285714286
2004-12-01,120,13,14,0.9285714285714286
2004-12-01,121,13,14,0.9285714285714286
2004-12-01,122,13,14,0.9285714285714286
2004-12-01,123,13,14,0.9285714285714286
2004-12-01,124,13,14,0.9285714285714286
2004-12-01,125,13,14,0.9285714285714286
2004-12-01,126,13,14,0.9285714285714286
2004-12-01,127,13,14,0.9285714285714286
2004-12-01,128,13,14,0.9285714285714286
2004-12-01,129,13,14,0.9285714285714286
2004-12-01,130,13,14,0.9285714285714286
2004-12-01,131,13,14,0.9285714285714286
2004-12-01,132,13,14,0.9285714285714286
2004-12-01,133,13,14,0.9285714285714286
2004-12-01,134,13,14,0.9285714285714286
2004-12-01,135,13,14,0.9285714285714286
2004-12-01,136,13,14,0.9285714285714286
2004-12-01,137,13,14,0.9285714285714286
2004-12-01,138,13,14,0.9285714285714286
2004-12-01,139,13,14,0.9285714285714286
2004-12-01,140,13,14,0.9285714285714286
2004-12-01,141,13,14,0.9285714285714286
2004-12-01,142,13,14,0.9285714285714286
2004-12-01,143,13,14,0.9285714285714286
2004-12-01,144,13,14,0.9285714285714286
2004-12-01,145,13,14,0.9285714285714286
2004-12-01,146,13,14,0.9285714285714286
2004-12-01,147,13,14,0.9285714285714286
2004-12-01,148,13,14,0.9285714285714286
2004-12-01,149,13,14,0.9285714285714286
2004-12-01,150,13,14,0.9285714285714286
2004-12-01,151,13,14,0.9285714285714286
2004-12-01,152,13,14,0.9285714285714286
2004-12-01,153,13,14,0.9285714285714286
2004-12-01,154,13,14,0.9285714285714286
2004-12-01,155,13,14,0.9285714285714286
2004-12-01,156,13,14,0.9285714285714286
2004-12-01,157,13,14,0.9285714285714286
2004-12-01,158,13,14,0.9285714285714286
2004-12-01,159,13,14,0.9285714285714286
2004-12-01,160,13,14,0.9285714285714286
2004-12-01,161,13,14,0.9285714285714286
2004-12-01,162,13,14,0.9285714285714286
2004-12-01,163,13,14,0.9285714285714286
2004-12-01,164,13,14,0.9285714285714286
2004-12-01,165,13,14,0.9285714285714286
2004-12-01,166,13,14,0.9285714285714286
2004-12-01,167,13,14,0.9285714285714286
2004-12-01,168,13,14,0.9285714285714286
2004-12-01,169,13,14,0.9285714285714286
2004-12-01,170,13,14,0.9285714285714286
2004-12-01,171,13,14,0.9285714285714286
2004-12-01,172,13,14,0.9285714285714286
2004-12-01,173,13,14,0.9285714285714286
2004-12-01,174,13,14,0.9285714285714286
2004-12-01,175,13,14,0.9285714285714286
2004-12-01,176,13,14,0.9285714285714286
2004-12-01,177,13,14,0.9285714285714286
2004-12-01,178,13,14,0.9285714285714286
2005-01-01,60,9,13,0.6923076923076923
2005-01-01,61,9,13,0.6923076923076923
2005-01-01,62,9,13,0.6923076923076923
2005-01-01,63,9,13,0.6923076923076923
2005-01-01,64,9,13,0.6923076923076923
2005-01-01,65,9,13,0.6923076923076923
2005-01-01,66,9,13,0.6923076923076923
2005-01-01,67,9,13,0.6923076923076923
2005-01-01,68,9,13,0.6923076923076923
2005-01-01,69,9,13,0.6923076923076923
2005-01-01,70,9,13,0.6923076923076923
2005-01-01,71,9,13,0.6923076923076923
2005-01-01,72,9,13,0.6923076923076923
2005-01-01,73,9,13,0.6923076923076923
2005-01-01,74,9,13,0.6923076923076923
2005-01-01,75,9,13,0.6923076923076923
2005-01-01,76,9,13,0.6923076923076923
2005-01-01,77,9,13,0.6923076923076923
2005-01-01,78,9,13,0.6923076923076923
2005-01-01,79,9,13,0.6923076923076923
2005-01-01,80,9,13,0.6923076923076923
2005-01-01,81,9,13,0.6923076923076923
2005-01-01,82,9,13,0.6923076923076923
2005-01-01,83,9,13,0.6923076923076923
2005-01-01,84,9,13,0.6923076923076923
2005-01-01,85,9,13,0.6923076923076923
2005-01-01,86,9,13,0.6923076923076923
2005-01-01,87,9,13,0.6923076923076923
2005-01-01,88,9,13,0.6923076923076923
2005-01-01,89,9,13,0.6923076923076923
2005-01-01,90,9,13,0.6923076923076923
2005-01-01,91,9,13,0.6923076923076923
2005-01-01,92,9,13,0.6923076923076923
2005-01-01,93,9,13,0.6923076923076923
2005-01-01,94,9,13,0.6923076923076923
2005-01-01,95,9,13,0.6923076923076923
2005-01-01,96,9,13,0.6923076923076923
2005-01-01,97,9,13,0.6923076923076923
2005-01-01,98,9,13,0.6923076923076923
2005-01-01,99,9,13,0.6923076923076923
2005-01-01,100,9,13,0.6923076923076923
2005-01-01,101,9,13,0.6923076923076923
2005-01-01,102,9,13,0.6923076923076923
2005-01-01,103,9,13,0.6923076923076923
2005-01-01,104,9,13,0.6923076923076923
2005-01-01,105,9,13,0.6923076923076923
2005-01-01,106,9,13,0.6923076923076923
2005-01-01,107,9,13,0.6923076923076923
2005-01-01,108,9,13,0.6923076923076923
2005-01-01,109,9,13,0.6923076923076923
2005-01-01,110,9,13,0.6923076923076923
2005-01-01,111,9,13,0.6923076923076923
2005-01-01,112,9,13,0.6923076923076923
2005-01-01,113,9,13,0.6923076923076923
2005-01-01,114,9,13,0.6923076923076923
2005-01-01,115,9,13,0.6923076923076923
2005-01-01,116,9,13,0.6923076923076923
2005-01-01,117,9,13,0.6923076923076923
2005-01-01,118,9,13,0.6923076923076923
2005-01-01,119,9,13,0.6923076923076923
2005-01-01,120,9,13,0.6923076923076923
2005-01-01,121,9,13,0.6923076923076923
2005-01-01,122,9,13,0.6923076923076923
2005-01-01,123,9,13,0.6923076923076923
2005-01-01,124,9,13,0.6923076923076923
2005-01-01,125,9,13,0.6923076923076923
2005-01-01,126,9,13,0.6923076923076923
2005-01-01,127,9,13,0.6923076923076923
2005-01-01,128,9,13,0.6923076923076923
2005-01-01,129,9,13,0.6923076923076923
2005-01-01,130,9,13,0.6923076923076923
2005-01-01,131,9,13,0.6923076923076923
2005-01-01,132,9,13,0.6923076923076923
2005-01-01,133,9,13,0.6923076923076923
2005-01-01,134,9,13,0.6923076923076923
2005-01-01,135,9,13,0.6923076923076923
2005-01-01,136,9,13,0.6923076923076923
2005-01-01,137,9,13,0.6923076923076923
2005-01-01,138,9,13,0.6923076923076923
2005-01-01,139,9,13,0.6923076923076923
2005-01-01,140,9,13,0.6923076923076923
2005-01-01,141,9,13,0.6923076923076923
2005-01-01,142,9,13,0.6923076923076923
2005-01-01,143,9,13,0.6923076923076923
2005-01-01,144,9,13,0.6923076923076923
2005-01-01,145,9,13,0.6923076923076923
2005-01-01,146,9,13,0.6923076923076923
2005-01-01,147,9,13,0.6923076923076923
2005-01-01,148,9,13,0.6923076923076923
2005-01-01,149,9,13,0.6923076923076923
2005-01-01,150,9,13,0.6923076923076923
2005-01-01,151,9,13,0.6923076923076923
2005-01-01,152,9,13,0.6923076923076923
2005-01-01,153,9,13,0.6923076923076923
2005-01-01,154,9,13,0.6923076923076923
2005-01-01,155,9,13,0.6923076923076923
2005-01-01,156,9,13,0.6923076923076923
2005-01-01,157,9,13,0.6923076923076923
2005-01-01,158,9,13,0.6923076923076923
2005-01-01,159,9,13,0.6923076923076923
2005-01-01,160,9,13,0.6923076923076923
2005-01-01,161,9,13,0.6923076923076923
2005-01-01,162,9,13,0.6923076923076923
2005-01-01,163,9,13,0.6923076923076923
2005-01-01,164,9,13,0.6923076923076923
2005-01-01,165,9,13,0.6923076923076923
2005-01-01,166,9,13,0.6923076923076923
2005-01-01,167,9,13,0.6923076923076923
2005-01-01,168,9,13,0.6923076923076923
2005-01-01,169,9,13,0.6923076923076923
2005-01-01,170,9,13,0.6923076923076923
2005-01-01,171,9,13,0.6923076923076923
2005-01-01,172,9,13,0.6923076923076923
2005-01-01,173,9,13,0.6923076923076923
2005-01-01,174,9,13,0.6923076923076923
2005-01-01,175,9,13,0.6923076923076923
2005-01-01,176,9,13,0.6923076923076923
2005-01-01,177,9,13,0.6923076923076923
2005-02-01,59,9,12,0.75
2005-02-01,60,9,12,0.75
2005-02-01,61,9,12,0.75
2005-02-01,62,9,12,0.75
2005-02-01,63,9,12,0.75
2005-02-01,64,9,12,0.75
2005-02-01,65,9,12,0.75
2005-02-01,66,9,12,0.75
2005-02-01,67,9,12,0.75
2005-02-01,68,9,12,0.75
2005-02-01,69,9,12,0.75
2005-02-01,70,9,12,0.75
2005-02-01,71,9,12,0.75
2005-02-01,72,9,12,0.75
2005-02-01,73,9,12,0.75
2005-02-01,74,9,12,0.75
2005-02-01,75,9,12,0.75
2005-02-01,76,9,12,0.75
2005-02-01,77,9,12,0.75
2005-02-01,78,9,12,0.75
2005-02-01,79,9,12,0.75
2005-02-01,80,9,12,0.75
2005-02-01,81,9,12,0.75
2005-02-01,82,9,12,0.75
2005-02-01,83,9,12,0.75
2005-02-01,84,9,12,0.75
2005-02-01,85,9,12,0.75
2005-02-01,86,9,12,0.75
2005-02-01,87,9,12,0.75
2005-02-01,88,9,12,0.75
2005-02-01,89,9,12,0.75
2005-02-01,90,9,12,0.75
2005-02-01,91,9,12,0.75
2005-02-01,92,9,12,0.75
2005-02-01,93,9,12,0.75
2005-02-01,94,9,12,0.75
2005-02-01,95,9,12,0.75
2005-02-01,96,9,12,0.75
2005-02-01,97,9,12,0.75
2005-02-01,98,9,12,0.75
2005-02-01,99,9,12,0.75
2005-02-01,100,9,12,0.75
2005-02-01,101,9,12,0.75
2005-02-01,102,9,12,0.75
2005-02-01,103,9,12,0.75
2005-02-01,104,9,12,0.75
2005-02-01,105,9,12,0.75
2005-02-01,106,9,12,0.75
2005-02-01,107,9,12,0.75
2005-02-01,108,9,12,0.75
2005-02-01,109,9,12,0.75
2005-02-01,110,9,12,0.75
2005-02-01,111,9,12,0.75
2005-02-01,112,9,12,0.75
2005-02-01,113,9,12,0.75
2005-02-01,114,9,12,0.75
2005-02-01,115,9,12,0.75
2005-02-01,116,9,12,0.75
2005-02-01,117,9,12,0.75
2005-02-01,118,9,12,0.75
2005-02-01,119,9,12,0.75
2005-02-01,120,9,12,0.75
2005-02-01,121,9,12,0.75
2005-02-01,122,9,12,0.75
2005-02-01,123,9,12,0.75
2005-02-01,124,9,12,0.75
2005-02-01,125,9,12,0.75
2005-02-01,126,9,12,0.75
2005-02-01,127,9,12,0.75
2005-02-01,128,9,12,0.75
2005-02-01,129,9,12,0.75
2005-02-01,130,9,12,0.75
2005-02-01,131,9,12,0.75
2005-02-01,132,9,12,0.75
2005-02-01,133,9,12,0.75
2005-02-01,134,9,12,0.75
2005-02-01,135,9,12,0.75
2005-02-01,136,9,12,0.75
2005-02-01,137,9,12,0.75
2005-02-01,138,9,12,0.75
2005-02-01,139,9,12,0.75
2005-02-01,140,9,12,0.75
2005-02-01,141,9,12,0.75
2005-02-01,142,9,12,0.75
2005-02-01,143,9,12,0.75
2005-02-01,144,9,12,0.75
2005-02-01,145,9,12,0.75
2005-02-01,146,9,12,0.75
2005-02-01,147,9,12,0.75
2005-02-01,148,9,12,0.75
2005-02-01,149,9,12,0.75
2005-02-01,150,9,12,0.75
2005-02-01,151,9,12,0.75
2005-02-01,152,9,12,0.75
2005-02-01,153,9,12,0.75
2005-02-01,154,9,12,0.75
2005-02-01,155,9,12,0.75
2005-02-01,156,9,12,0.75
2005-02-01,157,9,12,0.75
2005-02-01,158,9,12,0.75
2005-02-01,159,9,12,0.75
2005-02-01,160,9,12,0.75
2005-02-01,161,9,12,0.75
2005-02-01,162,9,12,0.75
2005-02-01,163,9,12,0.75
2005-02-01,164,9,12,0.75
2005-02-01,165,9,12,0.75
2005-02-01,166,9,12,0.75
2005-02-01,167,9,12,0.75
2005-02-01,168,9,12,0.75
2005-02-01,169,9,12,0.75
2005-02-01,170,9,12,0.75
2005-02-01,171,9,12,0.75
2005-02-01,172,9,12,0.75
2005-02-01,173,9,12,0.75
2005-02-01,174,9,12,0.75
2005-02-01,175,9,12,0.75
2005-02-01,176,9,12,0.75
2005-03-01,58,6,8,0.75
2005-03-01,59,6,8,0.75
2005-03-01,60,6,8,0.75
2005-03-01,61,6,8,0.75
2005-03-01,62,6,8,0.75
2005-03-01,63,6,8,0.75
2005-03-01,64,6,8,0.75
2005-03-01,65,6,8,0.75
2005-03-01,66,6,8,0.75
2005-03-01,67,6,8,0.75
2005-03-01,68,6,8,0.75
2005-03-01,69,6,8,0.75
2005-03-01,70,6,8,0.75
2005-03-01,71,6,8,0.75
2005-03-01,72,6,8,0.75
2005-03-01,73,6,8,0.75
2005-03-01,74,6,8,0.75
2005-03-01,75,6,8,0.75
2005-03-01,76,6,8,0.75
2005-03-01,77,6,8,0.75
2005-03-01,78,6,8,0.75
2005-03-01,79,6,8,0.75
2005-03-01,80,6,8,0.75
2005-03-01,81,6,8,0.75
2005-03-01,82,6,8,0.75
2005-03-01,83,6,8,0.75
2005-03-01,84,6,8,0.75
2005-03-01,85,6,8,0.75
2005-03-01,86,6,8,0.75
2005-03-01,87,6,8,0.75
2005-03-01,88,6,8,0.75
2005-03-01,89,6,8,0.75
2005-03-01,90,6,8,0.75
2005-03-01,91,6,8,0.75
2005-03-01,92,6,8,0.75
2005-03-01,93,6,8,0.75
2005-03-01,94,6,8,0.75
2005-03-01,95,6,8,0.75
2005-03-01,96,6,8,0.75
2005-03-01,97,6,8,0.75
2005-03-01,98,6,8,0.75
2005-03-01,99,6,8,0.75
2005-03-01,100,6,8,0.75
2005-03-01,101,6,8,0.75
2005-03-01,102,6,8,0.75
2005-03-01,103,6,8,0.75
2005-03-01,104,6,8,0.75
2005-03-01,105,6,8,0.75
2005-03-01,106,6,8,0.75
2005-03-01,107,6,8,0.75
2005-03-01,108,6,8,0.75
2005-03-01,109,6,8,0.75
2005-03-01,110,6,8,0.75
2005-03-01,111,6,8,0.75
2005-03-01,112,6,8,0.75
2005-03-01,113,6,8,0.75
2005-03-01,114,6,8,0.75
2005-03-01,115,6,8,0.75
2005-03-01,116,6,8,0.75
2005-03-01,117,6,8,0.75
2005-03-01,118,6,8,0.75
2005-03-01,119,6,8,0.75
2005-03-01,120,6,8,0.75
2005-03-01,121,6,8,0.75
2005-03-01,122,6,8,0.75
2005-03-01,123,6,8,0.75
2005-03-01,124,6,8,0.75
2005-03-01,125,6,8,0.75
2005-03-01,126,6,8,0.75
2005-03-01,127,6,8,0.75
2005-03-01,128,6,8,0.75
2005-03-01,129,6,8,0.75
2005-03-01,130,6,8,0.75
2005-03-01,131,6,8,0.75
2005-03-01,132,6,8,0.75
2005-03-01,133,6,8,0.75
2005-03-01,134,6,8,0.75
2005-03-01,135,6,8,0.75
2005-03-01,136,6,8,0.75
2005-03-01,137,6,8,0.75
2005-03-01,138,6,8,0.75
2005-03-01,139,6,8,0.75
2005-03-01,140,6,8,0.75
2005-03-01,141,6,8,0.75
2005-03-01,142,6,8,0.75
2005-03-01,143,6,8,0.75
2005-03-01,144,6,8,0.75
2005-03-01,145,6,8,0.75
2005-03-01,146,6,8,0.75
2005-03-01,147,6,8,0.75
2005-03-01,148,6,8,0.75
2005-03-01,149,6,8,0.75
2005-03-01,150,6,8,0.75
2005-03-01,151,6,8,0.75
2005-03-01,152,6,8,0.75
2005-03-01,153,6,8,0.75
2005-03-01,154,6,8,0.75
2005-03-01,155,6,8,0.75
2005-03-01,156,6,8,0.75
2005-03-01,157,6,8,0.75
2005-03-01,158,6,8,0.75
2005-03-01,159,6,8,0.75
2005-03-01,160,6,8,0.75
2005-03-01,161,6,8,0.75
2005-03-01,162,6,8,0.75
2005-03-01,163,6,8,0.75
2005-03-01,164,6,8,0.75
2005-03-01,165,6,8,0.75
2005-03-01,166,6,8,0.75
2005-03-01,167,6,8,0.75
2005-03-01,168,6,8,0.75
2005-03-01,169,6,8,0.75
2005-03-01,170,6,8,0.75
2005-03-01,171,6,8,0.75
2005-03-01,172,6,8,0.75
2005-03-01,173,6,8,0.75
2005-03-01,174,6,8,0.75
2005-03-01,175,6,8,0.75
2005-04-01,57,8,11,0.7272727272727273
2005-04-01,58,8,11,0.7272727272727273
2005-04-01,59,8,11,0.7272727272727273
2005-04-01,60,8,11,0.7272727272727273
2005-04-01,61,8,11,0.7272727272727273
2005-04-01,62,8,11,0.7272727272727273
2005-04-01,63,8,11,0.7272727272727273
2005-04-01,64,8,11,0.7272727272727273
2005-04-01,65,8,11,0.7272727272727273
2005-04-01,66,8,11,0.7272727272727273
2005-04-01,67,8,11,0.7272727272727273
2005-04-01,68,8,11,0.7272727272727273
2005-04-01,69,8,11,0.7272727272727273
2005-04-01,70,8,11,0.7272727272727273
2005-04-01,71,8,11,0.7272727272727273
2005-04-01,72,8,11,0.7272727272727273
2005-04-01,73,8,11,0.7272727272727273
2005-04-01,74,8,11,0.7272727272727273
2005-04-01,75,8,11,0.7272727272727273
2005-04-01,76,8,11,0.7272727272727273
2005-04-01,77,8,11,0.7272727272727273
2005-04-01,78,8,11,0.7272727272727273
2005-04-01,79,8,11,0.7272727272727273
2005-04-01,80,8,11,0.7272727272727273
2005-04-01,81,8,11,0.7272727272727273
2005-04-01,82,8,11,0.7272727272727273
2005-04-01,83,8,11,0.7272727272727273
2005-04-01,84,8,11,0.7272727272727273
2005-04-01,85,8,11,0.7272727272727273
2005-04-01,86,8,11,0.7272727272727273
2005-04-01,87,8,11,0.7272727272727273
2005-04-01,88,8,11,0.7272727272727273
2005-04-01,89,8,11,0.7272727272727273
2005-04-01,90,8,11,0.7272727272727273
2005-04-01,91,8,11,0.7272727272727273
2005-04-01,92,8,11,0.7272727272727273
2005-04-01,93,8,11,0.7272727272727273
2005-04-01,94,8,11,0.7272727272727273
2005-04-01,95,8,11,0.7272727272727273
2005-04-01,96,8,11,0.7272727272727273
2005-04-01,97,8,11,0.7272727272727273
2005-04-01,98,8,11,0.7272727272727273
2005-04-01,99,8,11,0.7272727272727273
2005-04-01,100,8,11,0.7272727272727273
2005-04-01,101,8,11,0.7272727272727273
2005-04-01,102,8,11,0.7272727272727273
2005-04-01,103,8,11,0.7272727272727273
2005-04-01,104,8,11,0.7272727272727273
2005-04-01,105,8,11,0.7272727272727273
2005-04-01,106,8,11,0.7272727272727273
2005-04-01,107,8,11,0.7272727272727273
2005-04-01,108,8,11,0.7272727272727273
2005-04-01,109,8,11,0.7272727272727273
2005-04-01,110,8,11,0.7272727272727273
2005-04-01,111,8,11,0.7272727272727273
2005-04-01,112,8,11,0.7272727272727273
2005-04-01,113,8,11,0.7272727272727273
2005-04-01,114,8,11,0.7272727272727273
2005-04-01,115,8,11,0.7272727272727273
2005-04-01,116,8,11,0.7272727272727273
2005-04-01,117,8,11,0.7272727272727273
2005-04-01,118,8,11,0.7272727272727273
2005-04-01,119,8,11,0.7272727272727273
2005-04-01,120,8,11,0.7272727272727273
2005-04-01,121,8,11,0.7272727272727273
2005-04-01,122,8,11,0.7272727272727273
2005-04-01,123,8,11,0.7272727272727273
2005-04-01,124,8,11,0.7272727272727273
2005-04-01,125,8,11,0.7272727272727273
2005-04-01,126,8,11,0.7272727272727273
2005-04-01,127,8,11,0.7272727272727273
2005-04-01,128,8,11,0.7272727272727273
2005-04-01,129,8,11,0.7272727272727273
2005-04-01,130,8,11,0.7272727272727273
2005-04-01,131,8,11,0.7272727272727273
2005-04-01,132,8,11,0.7272727272727273
2005-04-01,133,8,11,0.7272727272727273
2005-04-01,134,8,11,0.7272727272727273
2005-04-01,135,8,11,0.7272727272727273
2005-04-01,136,8,11,0.7272727272727273
2005-04-01,137,8,11,0.7272727272727273
2005-04-01,138,8,11,0.7272727272727273
2005-04-01,139,8,11,0.7272727272727273
2005-04-01,140,8,11,0.7272727272727273
2005-04-01,141,8,11,0.7272727272727273
2005-04-01,142,8,11,0.7272727272727273
2005-04-01,143,8,11,0.7272727272727273
2005-04-01,144,8,11,0.7272727272727273
2005-04-01,145,8,11,0.7272727272727273
2005-04-01,146,8,11,0.7272727272727273
2005-04-01,147,8,11,0.7272727272727273
2005-04-01,148,8,11,0.7272727272727273
2005-04-01,149,8,11,0.7272727272727273
2005-04-01,150,8,11,0.7272727272727273
2005-04-01,151,8,11,0.7272727272727273
2005-04-01,152,8,11,0.7272727272727273
2005-04-01,153,8,11,0.7272727272727273
2005-04-01,154,8,11,0.7272727272727273
2005-04-01,155,8,11,0.7272727272727273
2005-04-01,156,8,11,0.7272727272727273
2005-04-01,157,8,11,0.7272727272727273
2005-04-01,158,8,11,0.7272727272727273
2005-04-01,159,8,11,0.7272727272727273
2005-04-01,160,8,11,0.7272727272727273
2005-04-01,161,8,11,0.7272727272727273
2005-04-01,162,8,11,0.7272727272727273
2005-04-01,163,8,11,0.7272727272727273
2005-04-01,164,8,11,0.7272727272727273
2005-04-01,165,8,11,0.7272727272727273
2005-04-01,166,8,11,0.7272727272727273
2005-04-01,167,8,11,0.7272727272727273
2005-04-01,168,8,11,0.7272727272727273
2005-04-01,169,8,11,0.7272727272727273
2005-04-01,170,8,11,0.7272727272727273
2005-04-01,171,8,11,0.7272727272727273
2005-04-01,172,8,11,0.7272727272727273
2005-04-01,173,8,11,0.7272727272727273
2005-04-01,174,8,11,0.7272727272727273
2005-05-01,56,12,14,0.8571428571428571
2005-05-01,57,12,14,0.8571428571428571
2005-05-01,58,12,14,0.8571428571428571
2005-05-01,59,12,14,0.8571428571428571
2005-05-01,60,12,14,0.8571428571428571
2005-05-01,61,12,14,0.8571428571428571
2005-05-01,62,12,14,0.8571428571428571
2005-05-01,63,12,14,0.8571428571428571
2005-05-01,64,12,14,0.8571428571428571
2005-05-01,65,12,14,0.8571428571428571
2005-05-01,66,12,14,0.8571428571428571
2005-05-01,67,12,14,0.8571428571428571
2005-05-01,68,12,14,0.8571428571428571
2005-05-01,69,12,14,0.8571428571428571
2005-05-01,70,12,14,0.8571428571428571
2005-05-01,71,12,14,0.8571428571428571
2005-05-01,72,12,14,0.8571428571428571
2005-05-01,73,12,14,0.8571428571428571
2005-05-01,74,12,14,0.8571428571428571
2005-05-01,75,12,14,0.8571428571428571
2005-05-01,76,12,14,0.8571428571428571
2005-05-01,77,12,14,0.8571428571428571
2005-05-01,78,12,14,0.8571428571428571
2005-05-01,79,12,14,0.8571428571428571
2005-05-01,80,12,14,0.8571428571428571
2005-05-01,81,12,14,0.8571428571428571
2005-05-01,82,12,14,0.8571428571428571
2005-05-01,83,12,14,0.8571428571428571
2005-05-01,84,12,14,0.8571428571428571
2005-05-01,85,12,14,0.8571428571428571
2005-05-01,86,12,14,0.8571428571428571
2005-05-01,87,12,14,0.8571428571428571
2005-05-01,88,12,14,0.8571428571428571
2005-05-01,89,12,14,0.8571428571428571
2005-05-01,90,12,14,0.8571428571428571
2005-05-01,91,12,14,0.8571428571428571
2005-05-01,92,12,14,0.8571428571428571
2005-05-01,93,12,14,0.8571428571428571
2005-05-01,94,12,14,0.8571428571428571
2005-05-01,95,12,14,0.8571428571428571
2005-05-01,96,12,14,0.8571428571428571
2005-05-01,97,12,14,0.8571428571428571
2005-05-01,98,12,14,0.8571428571428571
2005-05-01,99,12,14,0.8571428571428571
2005-05-01,100,12,14,0.8571428571428571
2005-05-01,101,12,14,0.8571428571428571
2005-05-01,102,12,14,0.8571428571428571
2005-05-01,103,12,14,0.8571428571428571
2005-05-01,104,12,14,0.8571428571428571
2005-05-01,105,12,14,0.8571428571428571
2005-05-01,106,12,14,0.8571428571428571
2005-05-01,107,12,14,0.8571428571428571
2005-05-01,108,12,14,0.8571428571428571
2005-05-01,109,12,14,0.8571428571428571
2005-05-01,110,12,14,0.8571428571428571
2005-05-01,111,12,14,0.8571428571428571
2005-05-01,112,12,14,0.8571428571428571
2005-05-01,113,12,14,0.8571428571428571
2005-05-01,114,12,14,0.8571428571428571
2005-05-01,115,12,14,0.8571428571428571
2005-05-01,116,12,14,0.8571428571428571
2005-05-01,117,12,14,0.8571428571428571
2005-05-01,118,12,14,0.8571428571428571
2005-05-01,119,12,14,0.8571428571428571
2005-05-01,120,12,14,0.8571428571428571
2005-05-01,121,12,14,0.8571428571428571
2005-05-01,122,12,14,0.8571428571428571
2005-05-01,123,12,14,0.8571428571428571
2005-05-01,124,12,14,0.8571428571428571
2005-05-01,125,12,14,0.8571428571428571
2005-05-01,126,12,14,0.8571428571428571
2005-05-01,127,12,14,0.8571428571428571
2005-05-01,128,12,14,0.8571428571428571
2005-05-01,129,12,14,0.8571428571428571
2005-05-01,130,12,14,0.8571428571428571
2005-05-01,131,12,14,0.8571428571428571
2005-05-01,132,12,14,0.8571428571428571
2005-05-01,133,12,14,0.8571428571428571
2005-05-01,134,12,14,0.8571428571428571
2005-05-01,135,12,14,0.8571428571428571
2005-05-01,136,12,14,0.8571428571428571
2005-05-01,137,12,14,0.8571428571428571
2005-05-01,138,12,14,0.8571428571428571
2005-05-01,139,12,14,0.8571428571428571
2005-05-01,140,12,14,0.8571428571428571
2005-05-01,141,12,14,0.8571428571428571
2005-05-01,142,12,14,0.8571428571428571
2005-05-01,143,12,14,0.8571428571428571
2005-05-01,144,12,14,0.8571428571428571
2005-05-01,145,12,14,0.8571428571428571
2005-05-01,146,12,14,0.8571428571428571
2005-05-01,147,12,14,0.8571428571428571
2005-05-01,148,12,14,0.8571428571428571
2005-05-01,149,12,14,0.8571428571428571
2005-05-01,150,12,14,0.8571428571428571
2005-05-01,151,12,14,0.8571428571428571
2005-05-01,152,12,14,0.8571428571428571
2005-05-01,153,12,14,0.8571428571428571
2005-05-01,154,12,14,0.8571428571428571
2005-05-01,155,12,14,0.8571428571428571
2005-05-01,156,12,14,0.8571428571428571
2005-05-01,157,12,14,0.8571428571428571
2005-05-01,158,12,14,0.8571428571428571
2005-05-01,159,12,14,0.8571428571428571
2005-05-01,160,12,14,0.8571428571428571
2005-05-01,161,12,14,0.8571428571428571
2005-05-01,162,12,14,0.8571428571428571
2005-05-01,163,12,14,0.8571428571428571
2005-05-01,164,12,14,0.8571428571428571
2005-05-01,165,12,14,0.8571428571428571
2005-05-01,166,12,14,0.8571428571428571
2005-05-01,167,12,14,0.8571428571428571
2005-05-01,168,12,14,0.8571428571428571
2005-05-01,169,12,14,0.8571428571428571
2005-05-01,170,12,14,0.8571428571428571
2005-05-01,171,12,14,0.8571428571428571
2005-05-01,172,12,14,0.8571428571428571
2005-05-01,173,12,14,0.8571428571428571
2005-06-01,55,9,10,0.9
2005-06-01,56,9,10,0.9
2005-06-01,57,9,10,0.9
2005-06-01,58,9,10,0.9
2005-06-01,59,9,10,0.9
2005-06-01,60,9,10,0.9
2005-06-01,61,9,10,0.9
2005-06-01,62,9,10,0.9
2005-06-01,63,9,10,0.9
2005-06-01,64,9,10,0.9
2005-06-01,65,9,10,0.9
2005-06-01,66,9,10,0.9
2005-06-01,67,9,10,0.9
2005-06-01,68,9,10,0.9
2005-06-01,69,9,10,0.9
2005-06-01,70,9,10,0.9
2005-06-01,71,9,10,0.9
2005-06-01,72,9,10,0.9
2005-06-01,73,9,10,0.9
2005-06-01,74,9,10,0.9
2005-06-01,75,9,10,0.9
2005-06-01,76,9,10,0.9
2005-06-01,77,9,10,0.9
2005-06-01,78,9,10,0.9
2005-06-01,79,9,10,0.9
2005-06-01,80,9,10,0.9
2005-06-01,81,9,10,0.9
2005-06-01,82,9,10,0.9
2005-06-01,83,9,10,0.9
2005-06-01,84,9,10,0.9
2005-06-01,85,9,10,0.9
2005-06-01,86,9,10,0.9
2005-06-01,87,9,10,0.9
2005-06-01,88,9,10,0.9
2005-06-01,89,9,10,0.9
2005-06-01,90,9,10,0.9
2005-06-01,91,9,10,0.9
2005-06-01,92,9,10,0.9
2005-06-01,93,9,10,0.9
2005-06-01,94,9,10,0.9
2005-06-01,95,9,10,0.9
2005-06-01,96,9,10,0.9
2005-06-01,97,9,10,0.9
2005-06-01,98,9,10,0.9
2005-06-01,99,9,10,0.9
2005-06-01,100,9,10,0.9
2005-06-01,101,9,10,0.9
2005-06-01,102,9,10,0.9
2005-06-01,103,9,10,0.9
2005-06-01,104,9,10,0.9
2005-06-01,105,9,10,0.9
2005-06-01,106,9,10,0.9
2005-06-01,107,9,10,0.9
2005-06-01,108,9,10,0.9
2005-06-01,109,9,10,0.9
2005-06-01,110,9,10,0.9
2005-06-01,111,9,10,0.9
2005-06-01,112,9,10,0.9
2005-06-01,113,9,10,0.9
2005-06-01,114,9,10,0.9
2005-06-01,115,9,10,0.9
2005-06-01,116,9,10,0.9
2005-06-01,117,9,10,0.9
2005-06-01,118,9,10,0.9
2005-06-01,119,9,10,0.9
2005-06-01,120,9,10,0.9
2005-06-01,121,9,10,0.9
2005-06-01,122,9,10,0.9
2005-06-01,123,9,10,0.9
2005-06-01,124,9,10,0.9
2005-06-01,125,9,10,0.9
2005-06-01,126,9,10,0.9
2005-06-01,127,9,10,0.9
2005-06-01,128,9,10,0.9
2005-06-01,129,9,10,0.9
2005-06-01,130,9,10,0.9
2005-06-01,131,9,10,0.9
2005-06-01,132,9,10,0.9
2005-06-01,133,9,10,0.9
2005-06-01,134,9,10,0.9
2005-06-01,135,9,10,0.9
2005-06-01,136,9,10,0.9
2005-06-01,137,9,10,0.9
2005-06-01,138,9,10,0.9
2005-06-01,139,9,10,0.9
2005-06-01,140,9,10,0.9
2005-06-01,141,9,10,0.9
2005-06-01,142,9,10,0.9
2005-06-01,143,9,10,0.9
2005-06-01,144,9,10,0.9
2005-06-01,145,9,10,0.9
2005-06-01,146,9,10,0.9
2005-06-01,147,9,10,0.9
2005-06-01,148,9,10,0.9
2005-06-01,149,9,10,0.9
2005-06-01,150,9,10,0.9
2005-06-01,151,9,10,0.9
2005-06-01,152,9,10,0.9
2005-06-01,153,9,10,0.9
2005-06-01,154,9,10,0.9
2005-06-01,155,9,10,0.9
2005-06-01,156,9,10,0.9
2005-06-01,157,9,10,0.9
2005-06-01,158,9,10,0.9
2005-06-01,159,9,10,0.9
2005-06-01,160,9,10,0.9
2005-06-01,161,9,10,0.9
2005-06-01,162,9,10,0.9
2005-06-01,163,9,10,0.9
2005-06-01,164,9,10,0.9
2005-06-01,165,9,10,0.9
2005-06-01,166,9,10,0.9
2005-06-01,167,9,10,0.9
2005-06-01,168,9,10,0.9
2005-06-01,169,9,10,0.9
2005-06-01,170,9,10,0.9
2005-06-01,171,9,10,0.9
2005-06-01,172,9,10,0.9
2005-07-01,54,13,13,1.0
2005-07-01,55,13,13,1.0
2005-07-01,56,13,13,1.0
2005-07-01,57,13,13,1.0
2005-07-01,58,13,13,1.0
2005-07-01,59,13,13,1.0
2005-07-01,60,13,13,1.0
2005-07-01,61,13,13,1.0
2005-07-01,62,13,13,1.0
2005-07-01,63,13,13,1.0
2005-07-01,64,13,13,1.0
2005-07-01,65,13,13,1.0
2005-07-01,66,13,13,1.0
2005-07-01,67,13,13,1.0
2005-07-01,68,13,13,1.0
2005-07-01,69,13,13,1.0
2005-07-01,70,13,13,1.0
2005-07-01,71,13,13,1.0
2005-07-01,72,13,13,1.0
2005-07-01,73,13,13,1.0
2005-07-01,74,13,13,1.0
2005-07-01,75,13,13,1.0
2005-07-01,76,13,13,1.0
2005-07-01,77,13,13,1.0
2005-07-01,78,13,13,1.0
2005-07-01,79,13,13,1.0
2005-07-01,80,13,13,1.0
2005-07-01,81,13,13,1.0
2005-07-01,82,13,13,1.0
2005-07-01,83,13,13,1.0
2005-07-01,84,13,13,1.0
2005-07-01,85,13,13,1.0
2005-07-01,86,13,13,1.0
2005-07-01,87,13,13,1.0
2005-07-01,88,13,13,1.0
2005-07-01,89,13,13,1.0
2005-07-01,90,13,13,1.0
2005-07-01,91,13,13,1.0
2005-07-01,92,13,13,1.0
2005-07-01,93,13,13,1.0
2005-07-01,94,13,13,1.0
2005-07-01,95,13,13,1.0
2005-07-01,96,13,13,1.0
2005-07-01,97,13,13,1.0
2005-07-01,98,13,13,1.0
2005-07-01,99,13,13,1.0
2005-07-01,100,13,13,1.0
2005-07-01,101,13,13,1.0
2005-07-01,102,13,13,1.0
2005-07-01,103,13,13,1.0
2005-07-01,104,13,13,1.0
2005-07-01,105,13,13,1.0
2005-07-01,106,13,13,1.0
2005-07-01,107,13,13,1.0
2005-07-01,108,13,13,1.0
2005-07-01,109,13,13,1.0
2005-07-01,110,13,13,1.0
2005-07-01,111,13,13,1.0
2005-07-01,112,13,13,1.0
2005-07-01,113,13,13,1.0
2005-07-01,114,13,13,1.0
2005-07-01,115,13,13,1.0
2005-07-01,116,13,13,1.0
2005-07-01,117,13,13,1.0
2005-07-01,118,13,13,1.0
2005-07-01,119,13,13,1.0
2005-07-01,120,13,13,1.0
2005-07-01,121,13,13,1.0
2005-07-01,122,13,13,1.0
2005-07-01,123,13,13,1.0
2005-07-01,124,13,13,1.0
2005-07-01,125,13,13,1.0
2005-07-01,126,13,13,1.0
2005-07-01,127,13,13,1.0
2005-07-01,128,13,13,1.0
2005-07-01,129,13,13,1.0
2005-07-01,130,13,13,1.0
2005-07-01,131,13,13,1.0
2005-07-01,132,13,13,1.0
2005-07-01,133,13,13,1.0
2005-07-01,134,13,13,1.0
2005-07-01,135,13,13,1.0
2005-07-01,136,13,13,1.0
2005-07-01,137,13,13,1.0
2005-07-01,138,13,13,1.0
2005-07-01,139,13,13,1.0
2005-07-01,140,13,13,1.0
2005-07-01,141,13,13,1.0
2005-07-01,142,13,13,1.0
2005-07-01,143,13,13,1.0
2005-07-01,144,13,13,1.0
2005-07-01,145,13,13,1.0
2005-07-01,146,13,13,1.0
2005-07-01,147,13,13,1.0
2005-07-01,148,13,13,1.0
2005-07-01,149,13,13,1.0
2005-07-01,150,13,13,1.0
2005-07-01,151,13,13,1.0
2005-07-01,152,13,13,1.0
2005-07-01,153,13,13,1.0
2005-07-01,154,13,13,1.0
2005-07-01,155,13,13,1.0
2005-07-01,156,13,13,1.0
2005-07-01,157,13,13,1.0
2005-07-01,158,13,13,1.0
2005-07-01,159,13,13,1.0
2005-07-01,160,13,13,1.0
2005-07-01,161,13,13,1.0
2005-07-01,162,13,13,1.0
2005-07-01,163,13,13,1.0
2005-07-01,164,13,13,1.0
2005-07-01,165,13,13,1.0
2005-07-01,166,13,13,1.0
2005-07-01,167,13,13,1.0
2005-07-01,168,13,13,1.0
2005-07-01,169,13,13,1.0
2005-07-01,170,13,13,1.0
2005-07-01,171,13,13,1.0
2005-08-01,53,10,13,0.7692307692307693
2005-08-01,54,10,13,0.7692307692307693
2005-08-01,55,10,13,0.7692307692307693
2005-08-01,56,10,13,0.7692307692307693
2005-08-01,57,10,13,0.7692307692307693
2005-08-01,58,10,13,0.7692307692307693
2005-08-01,59,10,13,0.7692307692307693
2005-08-01,60,10,13,0.7692307692307693
2005-08-01,61,10,13,0.7692307692307693
2005-08-01,62,10,13,0.7692307692307693
2005-08-01,63,10,13,0.7692307692307693
2005-08-01,64,10,13,0.7692307692307693
2005-08-01,65,10,13,0.7692307692307693
2005-08-01,66,10,13,0.7692307692307693
2005-08-01,67,10,13,0.7692307692307693
2005-08-01,68,10,13,0.7692307692307693
2005-08-01,69,10,13,0.7692307692307693
2005-08-01,70,10,13,0.7692307692307693
2005-08-01,71,10,13,0.7692307692307693
2005-08-01,72,10,13,0.7692307692307693
2005-08-01,73,10,13,0.7692307692307693
2005-08-01,74,10,13,0.7692307692307693
2005-08-01,75,10,13,0.7692307692307693
2005-08-01,76,10,13,0.7692307692307693
2005-08-01,77,10,13,0.7692307692307693
2005-08-01,78,10,13,0.7692307692307693
2005-08-01,79,10,13,0.7692307692307693
2005-08-01,80,10,13,0.7692307692307693
2005-08-01,81,10,13,0.7692307692307693
2005-08-01,82,10,13,0.7692307692307693
2005-08-01,83,10,13,0.7692307692307693
2005-08-01,84,10,13,0.7692307692307693
2005-08-01,85,10,13,0.7692307692307693
2005-08-01,86,10,13,0.7692307692307693
2005-08-01,87,10,13,0.7692307692307693
2005-08-01,88,10,13,0.7692307692307693
2005-08-01,89,10,13,0.7692307692307693
2005-08-01,90,10,13,0.7692307692307693
2005-08-01,91,10,13,0.7692307692307693
2005-08-01,92,10,13,0.7692307692307693
2005-08-01,93,10,13,0.7692307692307693
2005-08-01,94,10,13,0.7692307692307693
2005-08-01,95,10,13,0.7692307692307693
2005-08-01,96,10,13,0.7692307692307693
2005-08-01,97,10,13,0.7692307692307693
2005-08-01,98,10,13,0.7692307692307693
2005-08-01,99,10,13,0.7692307692307693
2005-08-01,100,10,13,0.7692307692307693
2005-08-01,101,10,13,0.7692307692307693
2005-08-01,102,10,13,0.7692307692307693
2005-08-01,103,10,13,0.7692307692307693
2005-08-01,104,10,13,0.7692307692307693
2005-08-01,105,10,13,0.7692307692307693
2005-08-01,106,10,13,0.7692307692307693
2005-08-01,107,10,13,0.7692307692307693
2005-08-01,108,10,13,0.7692307692307693
2005-08-01,109,10,13,0.7692307692307693
2005-08-01,110,10,13,0.7692307692307693
2005-08-01,111,10,13,0.7692307692307693
2005-08-01,112,10,13,0.7692307692307693
2005-08-01,113,10,13,0.7692307692307693
2005-08-01,114,10,13,0.7692307692307693
2005-08-01,115,10,13,0.7692307692307693
2005-08-01,116,10,13,0.7692307692307693
2005-08-01,117,10,13,0.7692307692307693
2005-08-01,118,10,13,0.7692307692307693
2005-08-01,119,10,13,0.7692307692307693
2005-08-01,120,10,13,0.7692307692307693
2005-08-01,121,10,13,0.7692307692307693
2005-08-01,122,10,13,0.7692307692307693
2005-08-01,123,10,13,0.7692307692307693
2005-08-01,124,10,13,0.7692307692307693
2005-08-01,125,10,13,0.7692307692307693
2005-08-01,126,10,13,0.7692307692307693
2005-08-01,127,10,13,0.7692307692307693
2005-08-01,128,10,13,0.7692307692307693
2005-08-01,129,10,13,0.7692307692307693
2005-08-01,130,10,13,0.7692307692307693
2005-08-01,131,10,13,0.7692307692307693
2005-08-01,132,10,13,0.7692307692307693
2005-08-01,133,10,13,0.7692307692307693
2005-08-01,134,10,13,0.7692307692307693
2005-08-01,135,10,13,0.7692307692307693
2005-08-01,136,10,13,0.7692307692307693
2005-08-01,137,10,13,0.7692307692307693
2005-08-01,138,10,13,0.7692307692307693
2005-08-01,139,10,13,0.7692307692307693
2005-08-01,140,10,13,0.7692307692307693
2005-08-01,141,10,13,0.7692307692307693
2005-08-01,142,10,13,0.7692307692307693
2005-08-01,143,10,13,0.7692307692307693
2005-08-01,144,10,13,0.7692307692307693
2005-08-01,145,10,13,0.7692307692307693
2005-08-01,146,10,13,0.7692307692307693
2005-08-01,147,10,13,0.7692307692307693
2005-08-01,148,10,13,0.7692307692307693
2005-08-01,149,10,13,0.7692307692307693
2005-08-01,150,10,13,0.7692307692307693
2005-08-01,151,10,13,0.7692307692307693
2005-08-01,152,10,13,0.7692307692307693
2005-08-01,153,10,13,0.7692307692307693
2005-08-01,154,10,13,0.7692307692307693
2005-08-01,155,10,13,0.7692307692307693
2005-08-01,156,10,13,0.7692307692307693
2005-08-01,157,10,13,0.7692307692307693
2005-08-01,158,10,13,0.7692307692307693
2005-08-01,159,10,13,0.7692307692307693
2005-08-01,160,10,13,0.7692307692307693
2005-08-01,161,10,13,0.7692307692307693
2005-08-01,162,10,13,0.7692307692307693
2005-08-01,163,10,13,0.7692307692307693
2005-08-01,164,10,13,0.7692307692307693
2005-08-01,165,10,13,0.7692307692307693
2005-08-01,166,10,13,0.7692307692307693
2005-08-01,167,10,13,0.7692307692307693
2005-08-01,168,10,13,0.7692307692307693
2005-08-01,169,10,13,0.7692307692307693
2005-08-01,170,10,13,0.7692307692307693
2005-09-01,52,12,12,1.0
2005-09-01,53,12,12,1.0
2005-09-01,54,12,12,1.0
2005-09-01,55,12,12,1.0
2005-09-01,56,12,12,1.0
2005-09-01,57,12,12,1.0
2005-09-01,58,12,12,1.0
2005-09-01,59,12,12,1.0
2005-09-01,60,12,12,1.0
2005-09-01,61,12,12,1.0
2005-09-01,62,12,12,1.0
2005-09-01,63,12,12,1.0
2005-09-01,64,12,12,1.0
2005-09-01,65,12,12,1.0
2005-09-01,66,12,12,1.0
2005-09-01,67,12,12,1.0
2005-09-01,68,12,12,1.0
2005-09-01,69,12,12,1.0
2005-09-01,70,12,12,1.0
2005-09-01,71,12,12,1.0
2005-09-01,72,12,12,1.0
2005-09-01,73,12,12,1.0
2005-09-01,74,12,12,1.0
2005-09-01,75,12,12,1.0
2005-09-01,76,12,12,1.0
2005-09-01,77,12,12,1.0
2005-09-01,78,12,12,1.0
2005-09-01,79,12,12,1.0
2005-09-01,80,12,12,1.0
2005-09-01,81,12,12,1.0
2005-09-01,82,12,12,1.0
2005-09-01,83,12,12,1.0
2005-09-01,84,12,12,1.0
2005-09-01,85,12,12,1.0
2005-09-01,86,12,12,1.0
2005-09-01,87,12,12,1.0
2005-09-01,88,12,12,1.0
2005-09-01,89,12,12,1.0
2005-09-01,90,12,12,1.0
2005-09-01,91,12,12,1.0
2005-09-01,92,12,12,1.0
2005-09-01,93,12,12,1.0
2005-09-01,94,12,12,1.0
2005-09-01,95,12,12,1.0
2005-09-01,96,12,12,1.0
2005-09-01,97,12,12,1.0
2005-09-01,98,12,12,1.0
2005-09-01,99,12,12,1.0
2005-09-01,100,12,12,1.0
2005-09-01,101,12,12,1.0
2005-09-01,102,12,12,1.0
2005-09-01,103,12,12,1.0
2005-09-01,104,12,12,1.0
2005-09-01,105,12,12,1.0
2005-09-01,106,12,12,1.0
2005-09-01,107,12,12,1.0
2005-09-01,108,12,12,1.0
2005-09-01,109,12,12,1.0
2005-09-01,110,12,12,1.0
2005-09-01,111,12,12,1.0
2005-09-01,112,12,12,1.0
2005-09-01,113,12,12,1.0
2005-09-01,114,12,12,1.0
2005-09-01,115,12,12,1.0
2005-09-01,116,12,12,1.0
2005-09-01,117,12,12,1.0
2005-09-01,118,12,12,1.0
2005-09-01,119,12,12,1.0
2005-09-01,120,12,12,1.0
2005-09-01,121,12,12,1.0
2005-09-01,122,12,12,1.0
2005-09-01,123,12,12,1.0
2005-09-01,124,12,12,1.0
2005-09-01,125,12,12,1.0
2005-09-01,126,12,12,1.0
2005-09-01,127,12,12,1.0
2005-09-01,128,12,12,1.0
2005-09-01,129,12,12,1.0
2005-09-01,130,12,12,1.0
2005-09-01,131,12,12,1.0
2005-09-01,132,12,12,1.0
2005-09-01,133,12,12,1.0
2005-09-01,134,12,12,1.0
2005-09-01,135,12,12,1.0
2005-09-01,136,12,12,1.0
2005-09-01,137,12,12,1.0
2005-09-01,138,12,12,1.0
2005-09-01,139,12,12,1.0
2005-09-01,140,12,12,1.0
2005-09-01,141,12,12,1.0
2005-09-01,142,12,12,1.0
2005-09-01,143,12,12,1.0
2005-09-01,144,12,12,1.0
2005-09-01,145,12,12,1.0
2005-09-01,146,12,12,1.0
2005-09-01,147,12,12,1.0
2005-09-01,148,12,12,1.0
2005-09-01,149,12,12,1.0
2005-09-01,150,12,12,1.0
2005-09-01,151,12,12,1.0
2005-09-01,152,12,12,1.0
2005-09-01,153,12,12,1.0
2005-09-01,154,12,12,1.0
2005-09-01,155,12,12,1.0
2005-09-01,156,12,12,1.0
2005-09-01,157,12,12,1.0
2005-09-01,158,12,12,1.0
2005-09-01,159,12,12,1.0
2005-09-01,160,12,12,1.0
2005-09-01,161,12,12,1.0
2005-09-01,162,12,12,1.0
2005-09-01,163,12,12,1.0
2005-09-01,164,12,12,1.0
2005-09-01,165,12,12,1.0
2005-09-01,166,12,12,1.0
2005-09-01,167,12,12,1.0
2005-09-01,168,12,12,1.0
2005-09-01,169,12,12,1.0
2005-10-01,51,5,7,0.7142857142857143
2005-10-01,52,5,7,0.7142857142857143
2005-10-01,53,5,7,0.7142857142857143
2005-10-01,54,5,7,0.7142857142857143
2005-10-01,55,5,7,0.7142857142857143
2005-10-01,56,5,7,0.7142857142857143
2005-10-01,57,5,7,0.7142857142857143
2005-10-01,58,5,7,0.7142857142857143
2005-10-01,59,5,7,0.7142857142857143
2005-10-01,60,5,7,0.7142857142857143
2005-10-01,61,5,7,0.7142857142857143
2005-10-01,62,5,7,0.7142857142857143
2005-10-01,63,5,7,0.7142857142857143
2005-10-01,64,5,7,0.7142857142857143
2005-10-01,65,5,7,0.7142857142857143
2005-10-01,66,5,7,0.7142857142857143
2005-10-01,67,5,7,0.7142857142857143
2005-10-01,68,5,7,0.7142857142857143
2005-10-01,69,5,7,0.7142857142857143
2005-10-01,70,5,7,0.7142857142857143
2005-10-01,71,5,7,0.7142857142857143
2005-10-01,72,5,7,0.7142857142857143
2005-10-01,73,5,7,0.7142857142857143
2005-10-01,74,5,7,0.7142857142857143
2005-10-01,75,5,7,0.7142857142857143
2005-10-01,76,5,7,0.7142857142857143
2005-10-01,77,5,7,0.7142857142857143
2005-10-01,78,5,7,0.7142857142857143
2005-10-01,79,5,7,0.7142857142857143
2005-10-01,80,5,7,0.7142857142857143
2005-10-01,81,5,7,0.7142857142857143
2005-10-01,82,5,7,0.7142857142857143
2005-10-01,83,5,7,0.7142857142857143
2005-10-01,84,5,7,0.7142857142857143
2005-10-01,85,5,7,0.7142857142857143
2005-10-01,86,5,7,0.7142857142857143
2005-10-01,87,5,7,0.7142857142857143
2005-10-01,88,5,7,0.7142857142857143
2005-10-01,89,5,7,0.7142857142857143
2005-10-01,90,5,7,0.7142857142857143
2005-10-01,91,5,7,0.7142857142857143
2005-10-01,92,5,7,0.7142857142857143
2005-10-01,93,5,7,0.7142857142857143
2005-10-01,94,5,7,0.7142857142857143
2005-10-01,95,5,7,0.7142857142857143
2005-10-01,96,5,7,0.7142857142857143
2005-10-01,97,5,7,0.7142857142857143
2005-10-01,98,5,7,0.7142857142857143
2005-10-01,99,5,7,0.7142857142857143
2005-10-01,100,5,7,0.7142857142857143
2005-10-01,101,5,7,0.7142857142857143
2005-10-01,102,5,7,0.7142857142857143
2005-10-01,103,5,7,0.7142857142857143
2005-10-01,104,5,7,0.7142857142857143
2005-10-01,105,5,7,0.7142857142857143
2005-10-01,106,5,7,0.7142857142857143
2005-10-01,107,5,7,0.7142857142857143
2005-10-01,108,5,7,0.7142857142857143
2005-10-01,109,5,7,0.7142857142857143
2005-10-01,110,5,7,0.7142857142857143
2005-10-01,111,5,7,0.7142857142857143
2005-10-01,112,5,7,0.7142857142857143
2005-10-01,113,5,7,0.7142857142857143
2005-10-01,114,5,7,0.7142857142857143
2005-10-01,115,5,7,0.7142857142857143
2005-10-01,116,5,7,0.7142857142857143
2005-10-01,117,5,7,0.7142857142857143
2005-10-01,118,5,7,0.7142857142857143
2005-10-01,119,5,7,0.7142857142857143
2005-10-01,120,5,7,0.7142857142857143
2005-10-01,121,5,7,0.7142857142857143
2005-10-01,122,5,7,0.7142857142857143
2005-10-01,123,5,7,0.7142857142857143
2005-10-01,124,5,7,0.7142857142857143
2005-10-01,125,5,7,0.7142857142857143
2005-10-01,126,5,7,0.7142857142857143
2005-10-01,127,5,7,0.7142857142857143
2005-10-01,128,5,7,0.7142857142857143
2005-10-01,129,5,7,0.7142857142857143
2005-10-01,130,5,7,0.7142857142857143
2005-10-01,131,5,7,0.7142857142857143
2005-10-01,132,5,7,0.7142857142857143
2005-10-01,133,5,7,0.7142857142857143
2005-10-01,134,5,7,0.7142857142857143
2005-10-01,135,5,7,0.7142857142857143
2005-10-01,136,5,7,0.7142857142857143
2005-10-01,137,5,7,0.7142857142857143
2005-10-01,138,5,7,0.7142857142857143
2005-10-01,139,5,7,0.7142857142857143
2005-10-01,140,5,7,0.7142857142857143
2005-10-01,141,5,7,0.7142857142857143
2005-10-01,142,5,7,0.7142857142857143
2005-10-01,143,5,7,0.7142857142857143
2005-10-01,144,5,7,0.7142857142857143
2005-10-01,145,5,7,0.7142857142857143
2005-10-01,146,5,7,0.7142857142857143
2005-10-01,147,5,7,0.7142857142857143
2005-10-01,148,5,7,0.7142857142857143
2005-10-01,149,5,7,0.7142857142857143
2005-10-01,150,5,7,0.7142857142857143
2005-10-01,151,5,7,0.7142857142857143
2005-10-01,152,5,7,0.7142857142857143
2005-10-01,153,5,7,0.7142857142857143
2005-10-01,154,5,7,0.7142857142857143
2005-10-01,155,5,7,0.7142857142857143
2005-10-01,156,5,7,0.7142857142857143
2005-10-01,157,5,7,0.7142857142857143
2005-10-01,158,5,7,0.7142857142857143
2005-10-01,159,5,7,0.7142857142857143
2005-10-01,160,5,7,0.7142857142857143
2005-10-01,161,5,7,0.7142857142857143
2005-10-01,162,5,7,0.7142857142857143
2005-10-01,163,5,7,0.7142857142857143
2005-10-01,164,5,7,0.7142857142857143
2005-10-01,165,5,7,0.7142857142857143
2005-10-01,166,5,7,0.7142857142857143
2005-10-01,167,5,7,0.7142857142857143
2005-10-01,168,5,7,0.7142857142857143
2005-11-01,50,12,15,0.8
2005-11-01,51,12,15,0.8
2005-11-01,52,12,15,0.8
2005-11-01,53,12,15,0.8
2005-11-01,54,12,15,0.8
2005-11-01,55,12,15,0.8
2005-11-01,56,12,15,0.8
2005-11-01,57,12,15,0.8
2005-11-01,58,12,15,0.8
2005-11-01,59,12,15,0.8
2005-11-01,60,12,15,0.8
2005-11-01,61,12,15,0.8
2005-11-01,62,12,15,0.8
2005-11-01,63,12,15,0.8
2005-11-01,64,12,15,0.8
2005-11-01,65,12,15,0.8
2005-11-01,66,12,15,0.8
2005-11-01,67,12,15,0.8
2005-11-01,68,12,15,0.8
2005-11-01,69,12,15,0.8
2005-11-01,70,12,15,0.8
2005-11-01,71,12,15,0.8
2005-11-01,72,12,15,0.8
2005-11-01,73,12,15,0.8
2005-11-01,74,12,15,0.8
2005-11-01,75,12,15,0.8
2005-11-01,76,12,15,0.8
2005-11-01,77,12,15,0.8
2005-11-01,78,12,15,0.8
2005-11-01,79,12,15,0.8
2005-11-01,80,12,15,0.8
2005-11-01,81,12,15,0.8
2005-11-01,82,12,15,0.8
2005-11-01,83,12,15,0.8
2005-11-01,84,12,15,0.8
2005-11-01,85,12,15,0.8
2005-11-01,86,12,15,0.8
2005-11-01,87,12,15,0.8
2005-11-01,88,12,15,0.8
2005-11-01,89,12,15,0.8
2005-11-01,90,12,15,0.8
2005-11-01,91,12,15,0.8
2005-11-01,92,12,15,0.8
2005-11-01,93,12,15,0.8
2005-11-01,94,12,15,0.8
2005-11-01,95,12,15,0.8
2005-11-01,96,12,15,0.8
2005-11-01,97,12,15,0.8
2005-11-01,98,12,15,0.8
2005-11-01,99,12,15,0.8
2005-11-01,100,12,15,0.8
2005-11-01,101,12,15,0.8
2005-11-01,102,12,15,0.8
2005-11-01,103,12,15,0.8
2005-11-01,104,12,15,0.8
2005-11-01,105,12,15,0.8
2005-11-01,106,12,15,0.8
2005-11-01,107,12,15,0.8
2005-11-01,108,12,15,0.8
2005-11-01,109,12,15,0.8
2005-11-01,110,12,15,0.8
2005-11-01,111,12,15,0.8
2005-11-01,112,12,15,0.8
2005-11-01,113,12,15,0.8
2005-11-01,114,12,15,0.8
2005-11-01,115,12,15,0.8
2005-11-01,116,12,15,0.8
2005-11-01,117,12,15,0.8
2005-11-01,118,12,15,0.8
2005-11-01,119,12,15,0.8
2005-11-01,120,12,15,0.8
2005-11-01,121,12,15,0.8
2005-11-01,122,12,15,0.8
2005-11-01,123,12,15,0.8
2005-11-01,124,12,15,0.8
2005-11-01,125,12,15,0.8
2005-11-01,126,12,15,0.8
2005-11-01,127,12,15,0.8
2005-11-01,128,12,15,0.8
2005-11-01,129,12,15,0.8
2005-11-01,130,12,15,0.8
2005-11-01,131,12,15,0.8
2005-11-01,132,12,15,0.8
2005-11-01,133,12,15,0.8
2005-11-01,134,12,15,0.8
2005-11-01,135,12,15,0.8
2005-11-01,136,12,15,0.8
2005-11-01,137,12,15,0.8
2005-11-01,138,12,15,0.8
2005-11-01,139,12,15,0.8
2005-11-01,140,12,15,0.8
2005-11-01,141,12,15,0.8
2005-11-01,142,12,15,0.8
2005-11-01,143,12,15,0.8
2005-11-01,144,12,15,0.8
2005-11-01,145,12,15,0.8
2005-11-01,146,12,15,0.8
2005-11-01,147,12,15,0.8
2005-11-01,148,12,15,0.8
2005-11-01,149,12,15,0.8
2005-11-01,150,12,15,0.8
2005-11-01,151,12,15,0.8
2005-11-01,152,12,15,0.8
2005-11-01,153,12,15,0.8
2005-11-01,154,12,15,0.8
2005-11-01,155,12,15,0.8
2005-11-01,156,12,15,0.8
2005-11-01,157,12,15,0.8
2005-11-01,158,12,15,0.8
2005-11-01,159,12,15,0.8
2005-11-01,160,12,15,0.8
2005-11-01,161,12,15,0.8
2005-11-01,162,12,15,0.8
2005-11-01,163,12,15,0.8
2005-11-01,164,12,15,0.8
2005-11-01,165,12,15,0.8
2005-11-01,166,12,15,0.8
2005-11-01,167,12,15,0.8
2005-12-01,49,12,13,0.9230769230769231
2005-12-01,50,12,13,0.9230769230769231
2005-12-01,51,12,13,0.9230769230769231
2005-12-01,52,12,13,0.9230769230769231
2005-12-01,53,12,13,0.9230769230769231
2005-12-01,54,12,13,0.9230769230769231
2005-12-01,55,12,13,0.9230769230769231
2005-12-01,56,12,13,0.9230769230769231
2005-12-01,57,12,13,0.9230769230769231
2005-12-01,58,12,13,0.9230769230769231
2005-12-01,59,12,13,0.9230769230769231
2005-12-01,60,12,13,0.9230769230769231
2005-12-01,61,12,13,0.9230769230769231
2005-12-01,62,12,13,0.9230769230769231
2005-12-01,63,12,13,0.9230769230769231
2005-12-01,64,12,13,0.9230769230769231
2005-12-01,65,12,13,0.9230769230769231
2005-12-01,66,12,13,0.9230769230769231
2005-12-01,67,12,13,0.9230769230769231
2005-12-01,68,12,13,0.9230769230769231
2005-12-01,69,12,13,0.9230769230769231
2005-12-01,70,12,13,0.9230769230769231
2005-12-01,71,12,13,0.9230769230769231
2005-12-01,72,12,13,0.9230769230769231
2005-12-01,73,12,13,0.9230769230769231
2005-12-01,74,12,13,0.9230769230769231
2005-12-01,75,12,13,0.9230769230769231
2005-12-01,76,12,13,0.9230769230769231
2005-12-01,77,12,13,0.9230769230769231
2005-12-01,78,12,13,0.9230769230769231
2005-12-01,79,12,13,0.9230769230769231
2005-12-01,80,12,13,0.9230769230769231
2005-12-01,81,12,13,0.9230769230769231
2005-12-01,82,12,13,0.9230769230769231
2005-12-01,83,12,13,0.9230769230769231
2005-12-01,84,12,13,0.9230769230769231
2005-12-01,85,12,13,0.9230769230769231
2005-12-01,86,12,13,0.9230769230769231
2005-12-01,87,12,13,0.9230769230769231
2005-12-01,88,12,13,0.9230769230769231
2005-12-01,89,12,13,0.9230769230769231
2005-12-01,90,12,13,0.9230769230769231
2005-12-01,91,12,13,0.9230769230769231
2005-12-01,92,12,13,0.9230769230769231
2005-12-01,93,12,13,0.9230769230769231
2005-12-01,94,12,13,0.9230769230769231
2005-12-01,95,12,13,0.9230769230769231
2005-12-01,96,12,13,0.9230769230769231
2005-12-01,97,12,13,0.9230769230769231
2005-12-01,98,12,13,0.9230769230769231
2005-12-01,99,12,13,0.9230769230769231
2005-12-01,100,12,13,0.9230769230769231
2005-12-01,101,12,13,0.9230769230769231
2005-12-01,102,12,13,0.9230769230769231
2005-12-01,103,12,13,0.9230769230769231
2005-12-01,104,12,13,0.9230769230769231
2005-12-01,105,12,13,0.9230769230769231
2005-12-01,106,12,13,0.9230769230769231
2005-12-01,107,12,13,0.9230769230769231
2005-12-01,108,12,13,0.9230769230769231
2005-12-01,109,12,13,0.9230769230769231
2005-12-01,110,12,13,0.9230769230769231
2005-12-01,111,12,13,0.9230769230769231
2005-12-01,112,12,13,0.9230769230769231
2005-12-01,113,12,13,0.9230769230769231
2005-12-01,114,12,13,0.9230769230769231
2005-12-01,115,12,13,0.9230769230769231
2005-12-01,116,12,13,0.9230769230769231
2005-12-01,117,12,13,0.9230769230769231
2005-12-01,118,12,13,0.9230769230769231
2005-12-01,119,12,13,0.9230769230769231
2005-12-01,120,12,13,0.9230769230769231
2005-12-01,121,12,13,0.9230769230769231
2005-12-01,122,12,13,0.9230769230769231
2005-12-01,123,12,13,0.9230769230769231
2005-12-01,124,12,13,0.9230769230769231
2005-12-01,125,12,13,0.9230769230769231
2005-12-01,126,12,13,0.9230769230769231
2005-12-01,127,12,13,0.9230769230769231
2005-12-01,128,12,13,0.9230769230769231
2005-12-01,129,12,13,0.9230769230769231
2005-12-01,130,12,13,0.9230769230769231
2005-12-01,131,12,13,0.9230769230769231
2005-12-01,132,12,13,0.9230769230769231
2005-12-01,133,12,13,0.9230769230769231
2005-12-01,134,12,13,0.9230769230769231
2005-12-01,135,12,13,0.9230769230769231
2005-12-01,136,12,13,0.9230769230769231
2005-12-01,137,12,13,0.9230769230769231
2005-12-01,138,12,13,0.9230769230769231
2005-12-01,139,12,13,0.9230769230769231
2005-12-01,140,12,13,0.9230769230769231
2005-12-01,141,12,13,0.9230769230769231
2005-12-01,142,12,13,0.9230769230769231
2005-12-01,143,12,13,0.9230769230769231
2005-12-01,144,12,13,0.9230769230769231
2005-12-01,145,12,13,0.9230769230769231
2005-12-01,146,12,13,0.9230769230769231
2005-12-01,147,12,13,0.9230769230769231
2005-12-01,148,12,13,0.9230769230769231
2005-12-01,149,12,13,0.9230769230769231
2005-12-01,150,12,13,0.9230769230769231
2005-12-01,151,12,13,0.9230769230769231
2005-12-01,152,12,13,0.9230769230769231
2005-12-01,153,12,13,0.9230769230769231
2005-12-01,154,12,13,0.9230769230769231
2005-12-01,155,12,13,0.9230769230769231
2005-12-01,156,12,13,0.9230769230769231
2005-12-01,157,12,13,0.9230769230769231
2005-12-01,158,12,13,0.9230769230769231
2005-12-01,159,12,13,0.9230769230769231
2005-12-01,160,12,13,0.9230769230769231
2005-12-01,161,12,13,0.9230769230769231
2005-12-01,162,12,13,0.9230769230769231
2005-12-01,163,12,13,0.9230769230769231
2005-12-01,164,12,13,0.9230769230769231
2005-12-01,165,12,13,0.9230769230769231
2005-12-01,166,12,13,0.9230769230769231
2006-01-01,48,12,14,0.8571428571428571
2006-01-01,49,12,14,0.8571428571428571
2006-01-01,50,12,14,0.8571428571428571
2006-01-01,51,12,14,0.8571428571428571
2006-01-01,52,12,14,0.8571428571428571
2006-01-01,53,12,14,0.8571428571428571
2006-01-01,54,12,14,0.8571428571428571
2006-01-01,55,12,14,0.8571428571428571
2006-01-01,56,12,14,0.8571428571428571
2006-01-01,57,12,14,0.8571428571428571
2006-01-01,58,12,14,0.8571428571428571
2006-01-01,59,12,14,0.8571428571428571
2006-01-01,60,12,14,0.8571428571428571
2006-01-01,61,12,14,0.8571428571428571
2006-01-01,62,12,14,0.8571428571428571
2006-01-01,63,12,14,0.8571428571428571
2006-01-01,64,12,14,0.8571428571428571
2006-01-01,65,12,14,0.8571428571428571
2006-01-01,66,12,14,0.8571428571428571
2006-01-01,67,12,14,0.8571428571428571
2006-01-01,68,12,14,0.8571428571428571
2006-01-01,69,12,14,0.8571428571428571
2006-01-01,70,12,14,0.8571428571428571
2006-01-01,71,12,14,0.8571428571428571
2006-01-01,72,12,14,0.8571428571428571
2006-01-01,73,12,14,0.8571428571428571
2006-01-01,74,12,14,0.8571428571428571
2006-01-01,75,12,14,0.8571428571428571
2006-01-01,76,12,14,0.8571428571428571
2006-01-01,77,12,14,0.8571428571428571
2006-01-01,78,12,14,0.8571428571428571
2006-01-01,79,12,14,0.8571428571428571
2006-01-01,80,12,14,0.8571428571428571
2006-01-01,81,12,14,0.8571428571428571
2006-01-01,82,12,14,0.8571428571428571
2006-01-01,83,12,14,0.8571428571428571
2006-01-01,84,12,14,0.8571428571428571
2006-01-01,85,12,14,0.8571428571428571
2006-01-01,86,12,14,0.8571428571428571
2006-01-01,87,12,14,0.8571428571428571
2006-01-01,88,12,14,0.8571428571428571
2006-01-01,89,12,14,0.8571428571428571
2006-01-01,90,12,14,0.8571428571428571
2006-01-01,91,12,14,0.8571428571428571
2006-01-01,92,12,14,0.8571428571428571
2006-01-01,93,12,14,0.8571428571428571
2006-01-01,94,12,14,0.8571428571428571
2006-01-01,95,12,14,0.8571428571428571
2006-01-01,96,12,14,0.8571428571428571
2006-01-01,97,12,14,0.8571428571428571
2006-01-01,98,12,14,0.8571428571428571
2006-01-01,99,12,14,0.8571428571428571
2006-01-01,100,12,14,0.8571428571428571
2006-01-01,101,12,14,0.8571428571428571
2006-01-01,102,12,14,0.8571428571428571
2006-01-01,103,12,14,0.8571428571428571
2006-01-01,104,12,14,0.8571428571428571
2006-01-01,105,12,14,0.8571428571428571
2006-01-01,106,12,14,0.8571428571428571
2006-01-01,107,12,14,0.8571428571428571
2006-01-01,108,12,14,0.8571428571428571
2006-01-01,109,12,14,0.8571428571428571
2006-01-01,110,12,14,0.8571428571428571
2006-01-01,111,12,14,0.8571428571428571
2006-01-01,112,12,14,0.8571428571428571
2006-01-01,113,12,14,0.8571428571428571
2006-01-01,114,12,14,0.8571428571428571
2006-01-01,115,12,14,0.8571428571428571
2006-01-01,116,12,14,0.8571428571428571
2006-01-01,117,12,14,0.8571428571428571
2006-01-01,118,12,14,0.8571428571428571
2006-01-01,119,12,14,0.8571428571428571
2006-01-01,120,12,14,0.8571428571428571
2006-01-01,121,12,14,0.8571428571428571
2006-01-01,122,12,14,0.8571428571428571
2006-01-01,123,12,14,0.8571428571428571
2006-01-01,124,12,14,0.8571428571428571
2006-01-01,125,12,14,0.8571428571428571
2006-01-01,126,12,14,0.8571428571428571
2006-01-01,127,12,14,0.8571428571428571
2006-01-01,128,12,14,0.8571428571428571
2006-01-01,129,12,14,0.8571428571428571
2006-01-01,130,12,14,0.8571428571428571
2006-01-01,131,12,14,0.8571428571428571
2006-01-01,132,12,14,0.8571428571428571
2006-01-01,133,12,14,0.8571428571428571
2006-01-01,134,12,14,0.8571428571428571
2006-01-01,135,12,14,0.8571428571428571
2006-01-01,136,12,14,0.8571428571428571
2006-01-01,137,12,14,0.8571428571428571
2006-01-01,138,12,14,0.8571428571428571
2006-01-01,139,12,14,0.8571428571428571
2006-01-01,140,12,14,0.8571428571428571
2006-01-01,141,12,14,0.8571428571428571
2006-01-01,142,12,14,0.8571428571428571
2006-01-01,143,12,14,0.8571428571428571
2006-01-01,144,12,14,0.8571428571428571
2006-01-01,145,12,14,0.8571428571428571
2006-01-01,146,12,14,0.8571428571428571
2006-01-01,147,12,14,0.8571428571428571
2006-01-01,148,12,14,0.8571428571428571
2006-01-01,149,12,14,0.8571428571428571
2006-01-01,150,12,14,0.8571428571428571
2006-01-01,151,12,14,0.8571428571428571
2006-01-01,152,12,14,0.8571428571428571
2006-01-01,153,12,14,0.8571428571428571
2006-01-01,154,12,14,0.8571428571428571
2006-01-01,155,12,14,0.8571428571428571
2006-01-01,156,12,14,0.8571428571428571
2006-01-01,157,12,14,0.8571428571428571
2006-01-01,158,12,14,0.8571428571428571
2006-01-01,159,12,14,0.8571428571428571
2006-01-01,160,12,14,0.8571428571428571
2006-01-01,161,12,14,0.8571428571428571
2006-01-01,162,12,14,0.8571428571428571
2006-01-01,163,12,14,0.8571428571428571
2006-01-01,164,12,14,0.8571428571428571
2006-01-01,165,12,14,0.8571428571428571
2006-02-01,47,12,15,0.8
2006-02-01,48,12,15,0.8
2006-02-01,49,12,15,0.8
2006-02-01,50,12,15,0.8
2006-02-01,51,12,15,0.8
2006-02-01,52,12,15,0.8
2006-02-01,53,12,15,0.8
2006-02-01,54,12,15,0.8
2006-02-01,55,12,15,0.8
2006-02-01,56,12,15,0.8
2006-02-01,57,12,15,0.8
2006-02-01,58,12,15,0.8
2006-02-01,59,12,15,0.8
2006-02-01,60,12,15,0.8
2006-02-01,61,12,15,0.8
2006-02-01,62,12,15,0.8
2006-02-01,63,12,15,0.8
2006-02-01,64,12,15,0.8
2006-02-01,65,12,15,0.8
2006-02-01,66,12,15,0.8
2006-02-01,67,12,15,0.8
2006-02-01,68,12,15,0.8
2006-02-01,69,12,15,0.8
2006-02-01,70,12,15,0.8
2006-02-01,71,12,15,0.8
2006-02-01,72,12,15,0.8
2006-02-01,73,12,15,0.8
2006-02-01,74,12,15,0.8
2006-02-01,75,12,15,0.8
2006-02-01,76,12,15,0.8
2006-02-01,77,12,15,0.8
2006-02-01,78,12,15,0.8
2006-02-01,79,12,15,0.8
2006-02-01,80,12,15,0.8
2006-02-01,81,12,15,0.8
2006-02-01,82,12,15,0.8
2006-02-01,83,12,15,0.8
2006-02-01,84,12,15,0.8
2006-02-01,85,12,15,0.8
2006-02-01,86,12,15,0.8
2006-02-01,87,12,15,0.8
2006-02-01,88,12,15,0.8
2006-02-01,89,12,15,0.8
2006-02-01,90,12,15,0.8
2006-02-01,91,12,15,0.8
2006-02-01,92,12,15,0.8
2006-02-01,93,12,15,0.8
2006-02-01,94,12,15,0.8
2006-02-01,95,12,15,0.8
2006-02-01,96,12,15,0.8
2006-02-01,97,12,15,0.8
2006-02-01,98,12,15,0.8
2006-02-01,99,12,15,0.8
2006-02-01,100,12,15,0.8
2006-02-01,101,12,15,0.8
2006-02-01,102,12,15,0.8
2006-02-01,103,12,15,0.8
2006-02-01,104,12,15,0.8
2006-02-01,105,12,15,0.8
2006-02-01,106,12,15,0.8
2006-02-01,107,12,15,0.8
2006-02-01,108,12,15,0.8
2006-02-01,109,12,15,0.8
2006-02-01,110,12,15,0.8
2006-02-01,111,12,15,0.8
2006-02-01,112,12,15,0.8
2006-02-01,113,12,15,0.8
2006-02-01,114,12,15,0.8
2006-02-01,115,12,15,0.8
2006-02-01,116,12,15,0.8
2006-02-01,117,12,15,0.8
2006-02-01,118,12,15,0.8
2006-02-01,119,12,15,0.8
2006-02-01,120,12,15,0.8
2006-02-01,121,12,15,0.8
2006-02-01,122,12,15,0.8
2006-02-01,123,12,15,0.8
2006-02-01,124,12,15,0.8
2006-02-01,125,12,15,0.8
2006-02-01,126,12,15,0.8
2006-02-01,127,12,15,0.8
2006-02-01,128,12,15,0.8
2006-02-01,129,12,15,0.8
2006-02-01,130,12,15,0.8
2006-02-01,131,12,15,0.8
2006-02-01,132,12,15,0.8
2006-02-01,133,12,15,0.8
2006-02-01,134,12,15,0.8
2006-02-01,135,12,15,0.8
2006-02-01,136,12,15,0.8
2006-02-01,137,12,15,0.8
2006-02-01,138,12,15,0.8
2006-02-01,139,12,15,0.8
2006-02-01,140,12,15,0.8
2006-02-01,141,12,15,0.8
2006-02-01,142,12,15,0.8
2006-02-01,143,12,15,0.8
2006-02-01,144,12,15,0.8
2006-02-01,145,12,15,0.8
2006-02-01,146,12,15,0.8
2006-02-01,147,12,15,0.8
2006-02-01,148,12,15,0.8
2006-02-01,149,12,15,0.8
2006-02-01,150,12,15,0.8
2006-02-01,151,12,15,0.8
2006-02-01,152,12,15,0.8
2006-02-01,153,12,15,0.8
2006-02-01,154,12,15,0.8
2006-02-01,155,12,15,0.8
2006-02-01,156,12,15,0.8
2006-02-01,157,12,15,0.8
2006-02-01,158,12,15,0.8
2006-02-01,159,12,15,0.8
2006-02-01,160,12,15,0.8
2006-02-01,161,12,15,0.8
2006-02-01,162,12,15,0.8
2006-02-01,163,12,15,0.8
2006-02-01,164,12,15,0.8
2006-03-01,46,7,9,0.7777777777777778
2006-03-01,47,7,9,0.7777777777777778
2006-03-01,48,7,9,0.7777777777777778
2006-03-01,49,7,9,0.7777777777777778
2006-03-01,50,7,9,0.7777777777777778
2006-03-01,51,7,9,0.7777777777777778
2006-03-01,52,7,9,0.7777777777777778
2006-03-01,53,7,9,0.7777777777777778
2006-03-01,54,7,9,0.7777777777777778
2006-03-01,55,7,9,0.7777777777777778
2006-03-01,56,7,9,0.7777777777777778
2006-03-01,57,7,9,0.7777777777777778
2006-03-01,58,7,9,0.7777777777777778
2006-03-01,59,7,9,0.7777777777777778
2006-03-01,60,7,9,0.7777777777777778
2006-03-01,61,7,9,0.7777777777777778
2006-03-01,62,7,9,0.7777777777777778
2006-03-01,63,7,9,0.7777777777777778
2006-03-01,64,7,9,0.7777777777777778
2006-03-01,65,7,9,0.7777777777777778
2006-03-01,66,7,9,0.7777777777777778
2006-03-01,67,7,9,0.7777777777777778
2006-03-01,68,7,9,0.7777777777777778
2006-03-01,69,7,9,0.7777777777777778
2006-03-01,70,7,9,0.7777777777777778
2006-03-01,71,7,9,0.7777777777777778
2006-03-01,72,7,9,0.7777777777777778
2006-03-01,73,7,9,0.7777777777777778
2006-03-01,74,7,9,0.7777777777777778
2006-03-01,75,7,9,0.7777777777777778
2006-03-01,76,7,9,0.7777777777777778
2006-03-01,77,7,9,0.7777777777777778
2006-03-01,78,7,9,0.7777777777777778
2006-03-01,79,7,9,0.7777777777777778
2006-03-01,80,7,9,0.7777777777777778
2006-03-01,81,7,9,0.7777777777777778
2006-03-01,82,7,9,0.7777777777777778
2006-03-01,83,7,9,0.7777777777777778
2006-03-01,84,7,9,0.7777777777777778
2006-03-01,85,7,9,0.7777777777777778
2006-03-01,86,7,9,0.7777777777777778
2006-03-01,87,7,9,0.7777777777777778
2006-03-01,88,7,9,0.7777777777777778
2006-03-01,89,7,9,0.7777777777777778
2006-03-01,90,7,9,0.7777777777777778
2006-03-01,91,7,9,0.7777777777777778
2006-03-01,92,7,9,0.7777777777777778
2006-03-01,93,7,9,0.7777777777777778
2006-03-01,94,7,9,0.7777777777777778
2006-03-01,95,7,9,0.7777777777777778
2006-03-01,96,7,9,0.7777777777777778
2006-03-01,97,7,9,0.7777777777777778
2006-03-01,98,7,9,0.7777777777777778
2006-03-01,99,7,9,0.7777777777777778
2006-03-01,100,7,9,0.7777777777777778
2006-03-01,101,7,9,0.7777777777777778
2006-03-01,102,7,9,0.7777777777777778
2006-03-01,103,7,9,0.7777777777777778
2006-03-01,104,7,9,0.7777777777777778
2006-03-01,105,7,9,0.7777777777777778
2006-03-01,106,7,9,0.7777777777777778
2006-03-01,107,7,9,0.7777777777777778
2006-03-01,108,7,9,0.7777777777777778
2006-03-01,109,7,9,0.7777777777777778
2006-03-01,110,7,9,0.7777777777777778
2006-03-01,111,7,9,0.7777777777777778
2006-03-01,112,7,9,0.7777777777777778
2006-03-01,113,7,9,0.7777777777777778
2006-03-01,114,7,9,0.7777777777777778
2006-03-01,115,7,9,0.7777777777777778
2006-03-01,116,7,9,0.7777777777777778
2006-03-01,117,7,9,0.7777777777777778
2006-03-01,118,7,9,0.7777777777777778
2006-03-01,119,7,9,0.7777777777777778
2006-03-01,120,7,9,0.7777777777777778
2006-03-01,121,7,9,0.7777777777777778
2006-03-01,122,7,9,0.7777777777777778
2006-03-01,123,7,9,0.7777777777777778
2006-03-01,124,7,9,0.7777777777777778
2006-03-01,125,7,9,0.7777777777777778
2006-03-01,126,7,9,0.7777777777777778
2006-03-01,127,7,9,0.7777777777777778
2006-03-01,128,7,9,0.7777777777777778
2006-03-01,129,7,9,0.7777777777777778
2006-03-01,130,7,9,0.7777777777777778
2006-03-01,131,7,9,0.7777777777777778
2006-03-01,132,7,9,0.7777777777777778
2006-03-01,133,7,9,0.7777777777777778
2006-03-01,134,7,9,0.7777777777777778
2006-03-01,135,7,9,0.7777777777777778
2006-03-01,136,7,9,0.7777777777777778
2006-03-01,137,7,9,0.7777777777777778
2006-03-01,138,7,9,0.7777777777777778
2006-03-01,139,7,9,0.7777777777777778
2006-03-01,140,7,9,0.7777777777777778
2006-03-01,141,7,9,0.7777777777777778
2006-03-01,142,7,9,0.7777777777777778
2006-03-01,143,7,9,0.7777777777777778
2006-03-01,144,7,9,0.7777777777777778
2006-03-01,145,7,9,0.7777777777777778
2006-03-01,146,7,9,0.7777777777777778
2006-03-01,147,7,9,0.7777777777777778
2006-03-01,148,7,9,0.7777777777777778
2006-03-01,149,7,9,0.7777777777777778
2006-03-01,150,7,9,0.7777777777777778
2006-03-01,151,7,9,0.7777777777777778
2006-03-01,152,7,9,0.7777777777777778
2006-03-01,153,7,9,0.7777777777777778
2006-03-01,154,7,9,0.7777777777777778
2006-03-01,155,7,9,0.7777777777777778
2006-03-01,156,7,9,0.7777777777777778
2006-03-01,157,7,9,0.7777777777777778
2006-03-01,158,7,9,0.7777777777777778
2006-03-01,159,7,9,0.7777777777777778
2006-03-01,160,7,9,0.7777777777777778
2006-03-01,161,7,9,0.7777777777777778
2006-03-01,162,7,9,0.7777777777777778
2006-03-01,163,7,9,0.7777777777777778
2006-04-01,45,10,12,0.8333333333333334
2006-04-01,46,10,12,0.8333333333333334
2006-04-01,47,10,12,0.8333333333333334
2006-04-01,48,10,12,0.8333333333333334
2006-04-01,49,10,12,0.8333333333333334
2006-04-01,50,10,12,0.8333333333333334
2006-04-01,51,10,12,0.8333333333333334
2006-04-01,52,10,12,0.8333333333333334
2006-04-01,53,10,12,0.8333333333333334
2006-04-01,54,10,12,0.8333333333333334
2006-04-01,55,10,12,0.8333333333333334
2006-04-01,56,10,12,0.8333333333333334
2006-04-01,57,10,12,0.8333333333333334
2006-04-01,58,10,12,0.8333333333333334
2006-04-01,59,10,12,0.8333333333333334
2006-04-01,60,10,12,0.8333333333333334
2006-04-01,61,10,12,0.8333333333333334
2006-04-01,62,10,12,0.8333333333333334
2006-04-01,63,10,12,0.8333333333333334
2006-04-01,64,10,12,0.8333333333333334
2006-04-01,65,10,12,0.8333333333333334
2006-04-01,66,10,12,0.8333333333333334
2006-04-01,67,10,12,0.8333333333333334
2006-04-01,68,10,12,0.8333333333333334
2006-04-01,69,10,12,0.8333333333333334
2006-04-01,70,10,12,0.8333333333333334
2006-04-01,71,10,12,0.8333333333333334
2006-04-01,72,10,12,0.8333333333333334
2006-04-01,73,10,12,0.8333333333333334
2006-04-01,74,10,12,0.8333333333333334
2006-04-01,75,10,12,0.8333333333333334
2006-04-01,76,10,12,0.8333333333333334
2006-04-01,77,10,12,0.8333333333333334
2006-04-01,78,10,12,0.8333333333333334
2006-04-01,79,10,12,0.8333333333333334
2006-04-01,80,10,12,0.8333333333333334
2006-04-01,81,10,12,0.8333333333333334
2006-04-01,82,10,12,0.8333333333333334
2006-04-01,83,10,12,0.8333333333333334
2006-04-01,84,10,12,0.8333333333333334
2006-04-01,85,10,12,0.8333333333333334
2006-04-01,86,10,12,0.8333333333333334
2006-04-01,87,10,12,0.8333333333333334
2006-04-01,88,10,12,0.8333333333333334
2006-04-01,89,10,12,0.8333333333333334
2006-04-01,90,10,12,0.8333333333333334
2006-04-01,91,10,12,0.8333333333333334
2006-04-01,92,10,12,0.8333333333333334
2006-04-01,93,10,12,0.8333333333333334
2006-04-01,94,10,12,0.8333333333333334
2006-04-01,95,10,12,0.8333333333333334
2006-04-01,96,10,12,0.8333333333333334
2006-04-01,97,10,12,0.8333333333333334
2006-04-01,98,10,12,0.8333333333333334
2006-04-01,99,10,12,0.8333333333333334
2006-04-01,100,10,12,0.8333333333333334
2006-04-01,101,10,12,0.8333333333333334
2006-04-01,102,10,12,0.8333333333333334
2006-04-01,103,10,12,0.8333333333333334
2006-04-01,104,10,12,0.8333333333333334
2006-04-01,105,10,12,0.8333333333333334
2006-04-01,106,10,12,0.8333333333333334
2006-04-01,107,10,12,0.8333333333333334
2006-04-01,108,10,12,0.8333333333333334
2006-04-01,109,10,12,0.8333333333333334
2006-04-01,110,10,12,0.8333333333333334
2006-04-01,111,10,12,0.8333333333333334
2006-04-01,112,10,12,0.8333333333333334
2006-04-01,113,10,12,0.8333333333333334
2006-04-01,114,10,12,0.8333333333333334
2006-04-01,115,10,12,0.8333333333333334
2006-04-01,116,10,12,0.8333333333333334
2006-04-01,117,10,12,0.8333333333333334
2006-04-01,118,10,12,0.8333333333333334
2006-04-01,119,10,12,0.8333333333333334
2006-04-01,120,10,12,0.8333333333333334
2006-04-01,121,10,12,0.8333333333333334
2006-04-01,122,10,12,0.8333333333333334
2006-04-01,123,10,12,0.8333333333333334
2006-04-01,124,10,12,0.8333333333333334
2006-04-01,125,10,12,0.8333333333333334
2006-04-01,126,10,12,0.8333333333333334
2006-04-01,127,10,12,0.8333333333333334
2006-04-01,128,10,12,0.8333333333333334
2006-04-01,129,10,12,0.8333333333333334
2006-04-01,130,10,12,0.8333333333333334
2006-04-01,131,10,12,0.8333333333333334
2006-04-01,132,10,12,0.8333333333333334
2006-04-01,133,10,12,0.8333333333333334
2006-04-01,134,10,12,0.8333333333333334
2006-04-01,135,10,12,0.8333333333333334
2006-04-01,136,10,12,0.8333333333333334
2006-04-01,137,10,12,0.8333333333333334
2006-04-01,138,10,12,0.8333333333333334
2006-04-01,139,10,12,0.8333333333333334
2006-04-01,140,10,12,0.8333333333333334
2006-04-01,141,10,12,0.8333333333333334
2006-04-01,142,10,12,0.8333333333333334
2006-04-01,143,9,12,0.75
2006-04-01,144,9,12,0.75
2006-04-01,145,9,12,0.75
2006-04-01,146,9,12,0.75
2006-04-01,147,9,12,0.75
2006-04-01,148,9,12,0.75
2006-04-01,149,9,12,0.75
2006-04-01,150,9,12,0.75
2006-04-01,151,9,12,0.75
2006-04-01,152,9,12,0.75
2006-04-01,153,9,12,0.75
2006-04-01,154,9,12,0.75
2006-04-01,155,9,12,0.75
2006-04-01,156,9,12,0.75
2006-04-01,157,9,12,0.75
2006-04-01,158,9,12,0.75
2006-04-01,159,9,12,0.75
2006-04-01,160,9,12,0.75
2006-04-01,161,9,12,0.75
2006-04-01,162,9,12,0.75
2006-05-01,44,9,10,0.9
2006-05-01,45,9,10,0.9
2006-05-01,46,9,10,0.9
2006-05-01,47,9,10,0.9
2006-05-01,48,9,10,0.9
2006-05-01,49,9,10,0.9
2006-05-01,50,9,10,0.9
2006-05-01,51,9,10,0.9
2006-05-01,52,9,10,0.9
2006-05-01,53,9,10,0.9
2006-05-01,54,9,10,0.9
2006-05-01,55,9,10,0.9
2006-05-01,56,9,10,0.9
2006-05-01,57,9,10,0.9
2006-05-01,58,9,10,0.9
2006-05-01,59,9,10,0.9
2006-05-01,60,9,10,0.9
2006-05-01,61,9,10,0.9
2006-05-01,62,9,10,0.9
2006-05-01,63,9,10,0.9
2006-05-01,64,9,10,0.9
2006-05-01,65,9,10,0.9
2006-05-01,66,9,10,0.9
2006-05-01,67,9,10,0.9
2006-05-01,68,9,10,0.9
2006-05-01,69,9,10,0.9
2006-05-01,70,9,10,0.9
2006-05-01,71,9,10,0.9
2006-05-01,72,9,10,0.9
2006-05-01,73,9,10,0.9
2006-05-01,74,9,10,0.9
2006-05-01,75,9,10,0.9
2006-05-01,76,9,10,0.9
2006-05-01,77,9,10,0.9
2006-05-01,78,9,10,0.9
2006-05-01,79,9,10,0.9
2006-05-01,80,9,10,0.9
2006-05-01,81,9,10,0.9
2006-05-01,82,9,10,0.9
2006-05-01,83,9,10,0.9
2006-05-01,84,9,10,0.9
2006-05-01,85,9,10,0.9
2006-05-01,86,9,10,0.9
2006-05-01,87,9,10,0.9
2006-05-01,88,9,10,0.9
2006-05-01,89,9,10,0.9
2006-05-01,90,9,10,0.9
2006-05-01,91,9,10,0.9
2006-05-01,92,9,10,0.9
2006-05-01,93,9,10,0.9
2006-05-01,94,9,10,0.9
2006-05-01,95,9,10,0.9
2006-05-01,96,9,10,0.9
2006-05-01,97,9,10,0.9
2006-05-01,98,9,10,0.9
2006-05-01,99,9,10,0.9
2006-05-01,100,9,10,0.9
2006-05-01,101,9,10,0.9
2006-05-01,102,9,10,0.9
2006-05-01,103,9,10,0.9
2006-05-01,104,9,10,0.9
2006-05-01,105,9,10,0.9
2006-05-01,106,9,10,0.9
2006-05-01,107,9,10,0.9
2006-05-01,108,9,10,0.9
2006-05-01,109,9,10,0.9
2006-05-01,110,9,10,0.9
2006-05-01,111,9,10,0.9
2006-05-01,112,9,10,0.9
2006-05-01,113,9,10,0.9
2006-05-01,114,9,10,0.9
2006-05-01,115,9,10,0.9
2006-05-01,116,9,10,0.9
2006-05-01,117,9,10,0.9
2006-05-01,118,9,10,0.9
2006-05-01,119,9,10,0.9
2006-05-01,120,9,10,0.9
2006-05-01,121,9,10,0.9
2006-05-01,122,9,10,0.9
2006-05-01,123,9,10,0.9
2006-05-01,124,9,10,0.9
2006-05-01,125,9,10,0.9
2006-05-01,126,9,10,0.9
2006-05-01,127,9,10,0.9
2006-05-01,128,9,10,0.9
2006-05-01,129,9,10,0.9
2006-05-01,130,9,10,0.9
2006-05-01,131,9,10,0.9
2006-05-01,132,9,10,0.9
2006-05-01,133,9,10,0.9
2006-05-01,134,9,10,0.9
2006-05-01,135,9,10,0.9
2006-05-01,136,9,10,0.9
2006-05-01,137,9,10,0.9
2006-05-01,138,9,10,0.9
2006-05-01,139,9,10,0.9
2006-05-01,140,9,10,0.9
2006-05-01,141,9,10,0.9
2006-05-01,142,9,10,0.9
2006-05-01,143,9,10,0.9
2006-05-01,144,9,10,0.9
2006-05-01,145,9,10,0.9
2006-05-01,146,9,10,0.9
2006-05-01,147,9,10,0.9
2006-05-01,148,9,10,0.9
2006-05-01,149,9,10,0.9
2006-05-01,150,9,10,0.9
2006-05-01,151,9,10,0.9
2006-05-01,152,9,10,0.9
2006-05-01,153,9,10,0.9
2006-05-01,154,9,10,0.9
2006-05-01,155,9,10,0.9
2006-05-01,156,9,10,0.9
2006-05-01,157,9,10,0.9
2006-05-01,158,9,10,0.9
2006-05-01,159,9,10,0.9
2006-05-01,160,9,10,0.9
2006-05-01,161,9,10,0.9
2006-06-01,43,4,8,0.5
2006-06-01,44,4,8,0.5
2006-06-01,45,4,8,0.5
2006-06-01,46,4,8,0.5
2006-06-01,47,4,8,0.5
2006-06-01,48,4,8,0.5
2006-06-01,49,4,8,0.5
2006-06-01,50,4,8,0.5
2006-06-01,51,4,8,0.5
2006-06-01,52,4,8,0.5
2006-06-01,53,4,8,0.5
2006-06-01,54,4,8,0.5
2006-06-01,55,4,8,0.5
2006-06-01,56,4,8,0.5
2006-06-01,57,4,8,0.5
2006-06-01,58,4,8,0.5
2006-06-01,59,4,8,0.5
2006-06-01,60,4,8,0.5
2006-06-01,61,4,8,0.5
2006-06-01,62,4,8,0.5
2006-06-01,63,4,8,0.5
2006-06-01,64,4,8,0.5
2006-06-01,65,4,8,0.5
2006-06-01,66,4,8,0.5
2006-06-01,67,4,8,0.5
2006-06-01,68,4,8,0.5
2006-06-01,69,4,8,0.5
2006-06-01,70,4,8,0.5
2006-06-01,71,4,8,0.5
2006-06-01,72,4,8,0.5
2006-06-01,73,4,8,0.5
2006-06-01,74,4,8,0.5
2006-06-01,75,4,8,0.5
2006-06-01,76,4,8,0.5
2006-06-01,77,4,8,0.5
2006-06-01,78,4,8,0.5
2006-06-01,79,4,8,0.5
2006-06-01,80,4,8,0.5
2006-06-01,81,4,8,0.5
2006-06-01,82,4,8,0.5
2006-06-01,83,4,8,0.5
2006-06-01,84,4,8,0.5
2006-06-01,85,4,8,0.5
2006-06-01,86,4,8,0.5
2006-06-01,87,4,8,0.5
2006-06-01,88,4,8,0.5
2006-06-01,89,4,8,0.5
2006-06-01,90,4,8,0.5
2006-06-01,91,4,8,0.5
2006-06-01,92,4,8,0.5
2006-06-01,93,4,8,0.5
2006-06-01,94,4,8,0.5
2006-06-01,95,4,8,0.5
2006-06-01,96,4,8,0.5
2006-06-01,97,4,8,0.5
2006-06-01,98,4,8,0.5
2006-06-01,99,4,8,0.5
2006-06-01,100,4,8,0.5
2006-06-01,101,4,8,0.5
2006-06-01,102,4,8,0.5
2006-06-01,103,4,8,0.5
2006-06-01,104,4,8,0.5
2006-06-01,105,4,8,0.5
2006-06-01,106,4,8,0.5
2006-06-01,107,4,8,0.5
2006-06-01,108,4,8,0.5
2006-06-01,109,4,8,0.5
2006-06-01,110,4,8,0.5
2006-06-01,111,4,8,0.5
2006-06-01,112,4,8,0.5
2006-06-01,113,4,8,0.5
2006-06-01,114,4,8,0.5
2006-06-01,115,4,8,0.5
2006-06-01,116,4,8,0.5
2006-06-01,117,4,8,0.5
2006-06-01,118,4,8,0.5
2006-06-01,119,4,8,0.5
2006-06-01,120,4,8,0.5
2006-06-01,121,4,8,0.5
2006-06-01,122,4,8,0.5
2006-06-01,123,4,8,0.5
2006-06-01,124,4,8,0.5
2006-06-01,125,4,8,0.5
2006-06-01,126,4,8,0.5
2006-06-01,127,4,8,0.5
2006-06-01,128,4,8,0.5
2006-06-01,129,4,8,0.5
2006-06-01,130,4,8,0.5
2006-06-01,131,4,8,0.5
2006-06-01,132,4,8,0.5
2006-06-01,133,4,8,0.5
2006-06-01,134,4,8,0.5
2006-06-01,135,4,8,0.5
2006-06-01,136,4,8,0.5
2006-06-01,137,4,8,0.5
2006-06-01,138,4,8,0.5
2006-06-01,139,4,8,0.5
2006-06-01,140,4,8,0.5
2006-06-01,141,4,8,0.5
2006-06-01,142,4,8,0.5
2006-06-01,143,4,8,0.5
2006-06-01,144,4,8,0.5
2006-06-01,145,4,8,0.5
2006-06-01,146,4,8,0.5
2006-06-01,147,4,8,0.5
2006-06-01,148,4,8,0.5
2006-06-01,149,4,8,0.5
2006-06-01,150,4,8,0.5
2006-06-01,151,4,8,0.5
2006-06-01,152,4,8,0.5
2006-06-01,153,4,8,0.5
2006-06-01,154,4,8,0.5
2006-06-01,155,4,8,0.5
2006-06-01,156,4,8,0.5
2006-06-01,157,4,8,0.5
2006-06-01,158,4,8,0.5
2006-06-01,159,4,8,0.5
2006-06-01,160,4,8,0.5
2006-07-01,42,10,16,0.625
2006-07-01,43,10,16,0.625
2006-07-01,44,10,16,0.625
2006-07-01,45,10,16,0.625
2006-07-01,46,10,16,0.625
2006-07-01,47,10,16,0.625
2006-07-01,48,10,16,0.625
2006-07-01,49,10,16,0.625
2006-07-01,50,10,16,0.625
2006-07-01,51,10,16,0.625
2006-07-01,52,10,16,0.625
2006-07-01,53,10,16,0.625
2006-07-01,54,10,16,0.625
2006-07-01,55,10,16,0.625
2006-07-01,56,10,16,0.625
2006-07-01,57,10,16,0.625
2006-07-01,58,10,16,0.625
2006-07-01,59,10,16,0.625
2006-07-01,60,10,16,0.625
2006-07-01,61,10,16,0.625
2006-07-01,62,10,16,0.625
2006-07-01,63,10,16,0.625
2006-07-01,64,10,16,0.625
2006-07-01,65,10,16,0.625
2006-07-01,66,10,16,0.625
2006-07-01,67,10,16,0.625
2006-07-01,68,10,16,0.625
2006-07-01,69,10,16,0.625
2006-07-01,70,10,16,0.625
2006-07-01,71,10,16,0.625
2006-07-01,72,10,16,0.625
2006-07-01,73,10,16,0.625
2006-07-01,74,10,16,0.625
2006-07-01,75,10,16,0.625
2006-07-01,76,10,16,0.625
2006-07-01,77,10,16,0.625
2006-07-01,78,10,16,0.625
2006-07-01,79,9,16,0.5625
2006-07-01,80,9,16,0.5625
2006-07-01,81,9,16,0.5625
2006-07-01,82,9,16,0.5625
2006-07-01,83,9,16,0.5625
2006-07-01,84,9,16,0.5625
2006-07-01,85,9,16,0.5625
2006-07-01,86,9,16,0.5625
2006-07-01,87,9,16,0.5625
2006-07-01,88,9,16,0.5625
2006-07-01,89,9,16,0.5625
2006-07-01,90,9,16,0.5625
2006-07-01,91,9,16,0.5625
2006-07-01,92,9,16,0.5625
2006-07-01,93,9,16,0.5625
2006-07-01,94,9,16,0.5625
2006-07-01,95,9,16,0.5625
2006-07-01,96,9,16,0.5625
2006-07-01,97,9,16,0.5625
2006-07-01,98,9,16,0.5625
2006-07-01,99,9,16,0.5625
2006-07-01,100,9,16,0.5625
2006-07-01,101,9,16,0.5625
2006-07-01,102,9,16,0.5625
2006-07-01,103,9,16,0.5625
2006-07-01,104,9,16,0.5625
2006-07-01,105,9,16,0.5625
2006-07-01,106,9,16,0.5625
2006-07-01,107,9,16,0.5625
2006-07-01,108,9,16,0.5625
2006-07-01,109,9,16,0.5625
2006-07-01,110,9,16,0.5625
2006-07-01,111,9,16,0.5625
2006-07-01,112,9,16,0.5625
2006-07-01,113,9,16,0.5625
2006-07-01,114,9,16,0.5625
2006-07-01,115,9,16,0.5625
2006-07-01,116,9,16,0.5625
2006-07-01,117,9,16,0.5625
2006-07-01,118,9,16,0.5625
2006-07-01,119,9,16,0.5625
2006-07-01,120,9,16,0.5625
2006-07-01,121,9,16,0.5625
2006-07-01,122,9,16,0.5625
2006-07-01,123,9,16,0.5625
2006-07-01,124,9,16,0.5625
2006-07-01,125,9,16,0.5625
2006-07-01,126,9,16,0.5625
2006-07-01,127,9,16,0.5625
2006-07-01,128,9,16,0.5625
2006-07-01,129,9,16,0.5625
2006-07-01,130,9,16,0.5625
2006-07-01,131,9,16,0.5625
2006-07-01,132,9,16,0.5625
2006-07-01,133,9,16,0.5625
2006-07-01,134,9,16,0.5625
2006-07-01,135,9,16,0.5625
2006-07-01,136,9,16,0.5625
2006-07-01,137,9,16,0.5625
2006-07-01,138,9,16,0.5625
2006-07-01,139,9,16,0.5625
2006-07-01,140,9,16,0.5625
2006-07-01,141,9,16,0.5625
2006-07-01,142,9,16,0.5625
2006-07-01,143,9,16,0.5625
2006-07-01,144,9,16,0.5625
2006-07-01,145,9,16,0.5625
2006-07-01,146,9,16,0.5625
2006-07-01,147,9,16,0.5625
2006-07-01,148,9,16,0.5625
2006-07-01,149,9,16,0.5625
2006-07-01,150,9,16,0.5625
2006-07-01,151,9,16,0.5625
2006-07-01,152,9,16,0.5625
2006-07-01,153,9,16,0.5625
2006-07-01,154,9,16,0.5625
2006-07-01,155,9,16,0.5625
2006-07-01,156,9,16,0.5625
2006-07-01,157,9,16,0.5625
2006-07-01,158,9,16,0.5625
2006-07-01,159,9,16,0.5625
2006-08-01,41,9,12,0.75
2006-08-01,42,10,12,0.8333333333333334
2006-08-01,43,10,12,0.8333333333333334
2006-08-01,44,10,12,0.8333333333333334
2006-08-01,45,10,12,0.8333333333333334
2006-08-01,46,10,12,0.8333333333333334
2006-08-01,47,10,12,0.8333333333333334
2006-08-01,48,10,12,0.8333333333333334
2006-08-01,49,10,12,0.8333333333333334
2006-08-01,50,10,12,0.8333333333333334
2006-08-01,51,10,12,0.8333333333333334
2006-08-01,52,10,12,0.8333333333333334
2006-08-01,53,10,12,0.8333333333333334
2006-08-01,54,10,12,0.8333333333333334
2006-08-01,55,10,12,0.8333333333333334
2006-08-01,56,10,12,0.8333333333333334
2006-08-01,57,10,12,0.8333333333333334
2006-08-01,58,10,12,0.8333333333333334
2006-08-01,59,10,12,0.8333333333333334
2006-08-01,60,10,12,0.8333333333333334
2006-08-01,61,10,12,0.8333333333333334
2006-08-01,62,10,12,0.8333333333333334
2006-08-01,63,10,12,0.8333333333333334
2006-08-01,64,10,12,0.8333333333333334
2006-08-01,65,10,12,0.8333333333333334
2006-08-01,66,10,12,0.8333333333333334
2006-08-01,67,10,12,0.8333333333333334
2006-08-01,68,10,12,0.8333333333333334
2006-08-01,69,10,12,0.8333333333333334
2006-08-01,70,10,12,0.8333333333333334
2006-08-01,71,10,12,0.8333333333333334
2006-08-01,72,10,12,0.8333333333333334
2006-08-01,73,10,12,0.8333333333333334
2006-08-01,74,10,12,0.8333333333333334
2006-08-01,75,10,12,0.8333333333333334
2006-08-01,76,10,12,0.8333333333333334
2006-08-01,77,10,12,0.8333333333333334
2006-08-01,78,10,12,0.8333333333333334
2006-08-01,79,10,12,0.8333333333333334
2006-08-01,80,10,12,0.8333333333333334
2006-08-01,81,10,12,0.8333333333333334
2006-08-01,82,10,12,0.8333333333333334
2006-08-01,83,10,12,0.8333333333333334
2006-08-01,84,10,12,0.8333333333333334
2006-08-01,85,10,12,0.8333333333333334
2006-08-01,86,10,12,0.8333333333333334
2006-08-01,87,10,12,0.8333333333333334
2006-08-01,88,10,12,0.8333333333333334
2006-08-01,89,10,12,0.8333333333333334
2006-08-01,90,10,12,0.8333333333333334
2006-08-01,91,10,12,0.8333333333333334
2006-08-01,92,10,12,0.8333333333333334
2006-08-01,93,10,12,0.8333333333333334
2006-08-01,94,10,12,0.8333333333333334
2006-08-01,95,10,12,0.8333333333333334
2006-08-01,96,10,12,0.8333333333333334
2006-08-01,97,10,12,0.8333333333333334
2006-08-01,98,10,12,0.8333333333333334
2006-08-01,99,10,12,0.8333333333333334
2006-08-01,100,10,12,0.8333333333333334
2006-08-01,101,10,12,0.8333333333333334
2006-08-01,102,10,12,0.8333333333333334
2006-08-01,103,10,12,0.8333333333333334
2006-08-01,104,10,12,0.8333333333333334
2006-08-01,105,10,12,0.8333333333333334
2006-08-01,106,10,12,0.8333333333333334
2006-08-01,107,10,12,0.8333333333333334
2006-08-01,108,10,12,0.8333333333333334
2006-08-01,109,10,12,0.8333333333333334
2006-08-01,110,10,12,0.8333333333333334
2006-08-01,111,10,12,0.8333333333333334
2006-08-01,112,10,12,0.8333333333333334
2006-08-01,113,10,12,0.8333333333333334
2006-08-01,114,10,12,0.8333333333333334
2006-08-01,115,10,12,0.8333333333333334
2006-08-01,116,10,12,0.8333333333333334
2006-08-01,117,10,12,0.8333333333333334
2006-08-01,118,10,12,0.8333333333333334
2006-08-01,119,10,12,0.8333333333333334
2006-08-01,120,10,12,0.8333333333333334
2006-08-01,121,10,12,0.8333333333333334
2006-08-01,122,10,12,0.8333333333333334
2006-08-01,123,10,12,0.8333333333333334
2006-08-01,124,10,12,0.8333333333333334
2006-08-01,125,10,12,0.8333333333333334
2006-08-01,126,10,12,0.8333333333333334
2006-08-01,127,10,12,0.8333333333333334
2006-08-01,128,10,12,0.8333333333333334
2006-08-01,129,10,12,0.8333333333333334
2006-08-01,130,10,12,0.8333333333333334
2006-08-01,131,10,12,0.8333333333333334
2006-08-01,132,10,12,0.8333333333333334
2006-08-01,133,10,12,0.8333333333333334
2006-08-01,134,10,12,0.8333333333333334
2006-08-01,135,10,12,0.8333333333333334
2006-08-01,136,10,12,0.8333333333333334
2006-08-01,137,10,12,0.8333333333333334
2006-08-01,138,10,12,0.8333333333333334
2006-08-01,139,10,12,0.8333333333333334
2006-08-01,140,10,12,0.8333333333333334
2006-08-01,141,10,12,0.8333333333333334
2006-08-01,142,10,12,0.8333333333333334
2006-08-01,143,10,12,0.8333333333333334
2006-08-01,144,10,12,0.8333333333333334
2006-08-01,145,10,12,0.8333333333333334
2006-08-01,146,10,12,0.8333333333333334
2006-08-01,147,10,12,0.8333333333333334
2006-08-01,148,10,12,0.8333333333333334
2006-08-01,149,10,12,0.8333333333333334
2006-08-01,150,10,12,0.8333333333333334
2006-08-01,151,10,12,0.8333333333333334
2006-08-01,152,10,12,0.8333333333333334
2006-08-01,153,10,12,0.8333333333333334
2006-08-01,154,10,12,0.8333333333333334
2006-08-01,155,10,12,0.8333333333333334
2006-08-01,156,10,12,0.8333333333333334
2006-08-01,157,10,12,0.8333333333333334
2006-08-01,158,10,12,0.8333333333333334
2006-09-01,40,10,14,0.7142857142857143
2006-09-01,41,10,14,0.7142857142857143
2006-09-01,42,10,14,0.7142857142857143
2006-09-01,43,10,14,0.7142857142857143
2006-09-01,44,10,14,0.7142857142857143
2006-09-01,45,10,14,0.7142857142857143
2006-09-01,46,10,14,0.7142857142857143
2006-09-01,47,10,14,0.7142857142857143
2006-09-01,48,10,14,0.7142857142857143
2006-09-01,49,10,14,0.7142857142857143
2006-09-01,50,10,14,0.7142857142857143
2006-09-01,51,10,14,0.7142857142857143
2006-09-01,52,10,14,0.7142857142857143
2006-09-01,53,10,14,0.7142857142857143
2006-09-01,54,10,14,0.7142857142857143
2006-09-01,55,10,14,0.7142857142857143
2006-09-01,56,10,14,0.7142857142857143
2006-09-01,57,10,14,0.7142857142857143
2006-09-01,58,10,14,0.7142857142857143
2006-09-01,59,10,14,0.7142857142857143
2006-09-01,60,10,14,0.7142857142857143
2006-09-01,61,10,14,0.7142857142857143
2006-09-01,62,10,14,0.7142857142857143
2006-09-01,63,10,14,0.7142857142857143
2006-09-01,64,10,14,0.7142857142857143
2006-09-01,65,10,14,0.7142857142857143
2006-09-01,66,10,14,0.7142857142857143
2006-09-01,67,10,14,0.7142857142857143
2006-09-01,68,10,14,0.7142857142857143
2006-09-01,69,10,14,0.7142857142857143
2006-09-01,70,10,14,0.7142857142857143
2006-09-01,71,10,14,0.7142857142857143
2006-09-01,72,10,14,0.7142857142857143
2006-09-01,73,10,14,0.7142857142857143
2006-09-01,74,10,14,0.7142857142857143
2006-09-01,75,10,14,0.7142857142857143
2006-09-01,76,10,14,0.7142857142857143
2006-09-01,77,10,14,0.7142857142857143
2006-09-01,78,10,14,0.7142857142857143
2006-09-01,79,10,14,0.7142857142857143
2006-09-01,80,10,14,0.7142857142857143
2006-09-01,81,10,14,0.7142857142857143
2006-09-01,82,10,14,0.7142857142857143
2006-09-01,83,10,14,0.7142857142857143
2006-09-01,84,10,14,0.7142857142857143
2006-09-01,85,10,14,0.7142857142857143
2006-09-01,86,10,14,0.7142857142857143
2006-09-01,87,10,14,0.7142857142857143
2006-09-01,88,10,14,0.7142857142857143
2006-09-01,89,10,14,0.7142857142857143
2006-09-01,90,10,14,0.7142857142857143
2006-09-01,91,10,14,0.7142857142857143
2006-09-01,92,10,14,0.7142857142857143
2006-09-01,93,10,14,0.7142857142857143
2006-09-01,94,10,14,0.7142857142857143
2006-09-01,95,10,14,0.7142857142857143
2006-09-01,96,10,14,0.7142857142857143
2006-09-01,97,10,14,0.7142857142857143
2006-09-01,98,10,14,0.7142857142857143
2006-09-01,99,10,14,0.7142857142857143
2006-09-01,100,10,14,0.7142857142857143
2006-09-01,101,10,14,0.7142857142857143
2006-09-01,102,10,14,0.7142857142857143
2006-09-01,103,10,14,0.7142857142857143
2006-09-01,104,10,14,0.7142857142857143
2006-09-01,105,10,14,0.7142857142857143
2006-09-01,106,10,14,0.7142857142857143
2006-09-01,107,9,14,0.6428571428571429
2006-09-01,108,9,14,0.6428571428571429
2006-09-01,109,9,14,0.6428571428571429
2006-09-01,110,9,14,0.6428571428571429
2006-09-01,111,9,14,0.6428571428571429
2006-09-01,112,9,14,0.6428571428571429
2006-09-01,113,9,14,0.6428571428571429
2006-09-01,114,9,14,0.6428571428571429
2006-09-01,115,9,14,0.6428571428571429
2006-09-01,116,9,14,0.6428571428571429
2006-09-01,117,9,14,0.6428571428571429
2006-09-01,118,9,14,0.6428571428571429
2006-09-01,119,9,14,0.6428571428571429
2006-09-01,120,9,14,0.6428571428571429
2006-09-01,121,9,14,0.6428571428571429
2006-09-01,122,9,14,0.6428571428571429
2006-09-01,123,9,14,0.6428571428571429
2006-09-01,124,9,14,0.6428571428571429
2006-09-01,125,9,14,0.6428571428571429
2006-09-01,126,9,14,0.6428571428571429
2006-09-01,127,9,14,0.6428571428571429
2006-09-01,128,9,14,0.6428571428571429
2006-09-01,129,9,14,0.6428571428571429
2006-09-01,130,9,14,0.6428571428571429
2006-09-01,131,9,14,0.6428571428571429
2006-09-01,132,9,14,0.6428571428571429
2006-09-01,133,9,14,0.6428571428571429
2006-09-01,134,9,14,0.6428571428571429
2006-09-01,135,9,14,0.6428571428571429
2006-09-01,136,9,14,0.6428571428571429
2006-09-01,137,9,14,0.6428571428571429
2006-09-01,138,9,14,0.6428571428571429
2006-09-01,139,9,14,0.6428571428571429
2006-09-01,140,9,14,0.6428571428571429
2006-09-01,141,9,14,0.6428571428571429
2006-09-01,142,9,14,0.6428571428571429
2006-09-01,143,9,14,0.6428571428571429
2006-09-01,144,9,14,0.6428571428571429
2006-09-01,145,9,14,0.6428571428571429
2006-09-01,146,9,14,0.6428571428571429
2006-09-01,147,9,14,0.6428571428571429
2006-09-01,148,9,14,0.6428571428571429
2006-09-01,149,9,14,0.6428571428571429
2006-09-01,150,9,14,0.6428571428571429
2006-09-01,151,9,14,0.6428571428571429
2006-09-01,152,9,14,0.6428571428571429
2006-09-01,153,9,14,0.6428571428571429
2006-09-01,154,9,14,0.6428571428571429
2006-09-01,155,9,14,0.6428571428571429
2006-09-01,156,9,14,0.6428571428571429
2006-09-01,157,9,14,0.6428571428571429
2006-10-01,39,6,9,0.6666666666666666
2006-10-01,40,6,9,0.6666666666666666
2006-10-01,41,6,9,0.6666666666666666
2006-10-01,42,6,9,0.6666666666666666
2006-10-01,43,6,9,0.6666666666666666
2006-10-01,44,6,9,0.6666666666666666
2006-10-01,45,6,9,0.6666666666666666
2006-10-01,46,6,9,0.6666666666666666
2006-10-01,47,6,9,0.6666666666666666
2006-10-01,48,6,9,0.6666666666666666
2006-10-01,49,6,9,0.6666666666666666
2006-10-01,50,6,9,0.6666666666666666
2006-10-01,51,6,9,0.6666666666666666
2006-10-01,52,6,9,0.6666666666666666
2006-10-01,53,6,9,0.6666666666666666
2006-10-01,54,6,9,0.6666666666666666
2006-10-01,55,6,9,0.6666666666666666
2006-10-01,56,6,9,0.6666666666666666
2006-10-01,57,6,9,0.6666666666666666
2006-10-01,58,6,9,0.6666666666666666
2006-10-01,59,6,9,0.6666666666666666
2006-10-01,60,6,9,0.6666666666666666
2006-10-01,61,6,9,0.6666666666666666
2006-10-01,62,6,9,0.6666666666666666
2006-10-01,63,6,9,0.6666666666666666
2006-10-01,64,6,9,0.6666666666666666
2006-10-01,65,6,9,0.6666666666666666
2006-10-01,66,6,9,0.6666666666666666
2006-10-01,67,6,9,0.6666666666666666
2006-10-01,68,6,9,0.6666666666666666
2006-10-01,69,6,9,0.6666666666666666
2006-10-01,70,6,9,0.6666666666666666
2006-10-01,71,6,9,0.6666666666666666
2006-10-01,72,6,9,0.6666666666666666
2006-10-01,73,6,9,0.6666666666666666
2006-10-01,74,6,9,0.6666666666666666
2006-10-01,75,6,9,0.6666666666666666
2006-10-01,76,6,9,0.6666666666666666
2006-10-01,77,6,9,0.6666666666666666
2006-10-01,78,6,9,0.6666666666666666
2006-10-01,79,6,9,0.6666666666666666
2006-10-01,80,6,9,0.6666666666666666
2006-10-01,81,6,9,0.6666666666666666
2006-10-01,82,6,9,0.6666666666666666
2006-10-01,83,6,9,0.6666666666666666
2006-10-01,84,6,9,0.6666666666666666
2006-10-01,85,6,9,0.6666666666666666
2006-10-01,86,6,9,0.6666666666666666
2006-10-01,87,6,9,0.6666666666666666
2006-10-01,88,6,9,0.6666666666666666
2006-10-01,89,6,9,0.6666666666666666
2006-10-01,90,6,9,0.6666666666666666
2006-10-01,91,6,9,0.6666666666666666
2006-10-01,92,6,9,0.6666666666666666
2006-10-01,93,6,9,0.6666666666666666
2006-10-01,94,6,9,0.6666666666666666
2006-10-01,95,6,9,0.6666666666666666
2006-10-01,96,6,9,0.6666666666666666
2006-10-01,97,6,9,0.6666666666666666
2006-10-01,98,6,9,0.6666666666666666
2006-10-01,99,6,9,0.6666666666666666
2006-10-01,100,6,9,0.6666666666666666
2006-10-01,101,6,9,0.6666666666666666
2006-10-01,102,6,9,0.6666666666666666
2006-10-01,103,6,9,0.6666666666666666
2006-10-01,104,6,9,0.6666666666666666
2006-10-01,105,6,9,0.6666666666666666
2006-10-01,106,6,9,0.6666666666666666
2006-10-01,107,6,9,0.6666666666666666
2006-10-01,108,6,9,0.6666666666666666
2006-10-01,109,6,9,0.6666666666666666
2006-10-01,110,6,9,0.6666666666666666
2006-10-01,111,6,9,0.6666666666666666
2006-10-01,112,6,9,0.6666666666666666
2006-10-01,113,6,9,0.6666666666666666
2006-10-01,114,6,9,0.6666666666666666
2006-10-01,115,6,9,0.6666666666666666
2006-10-01,116,6,9,0.6666666666666666
2006-10-01,117,6,9,0.6666666666666666
2006-10-01,118,6,9,0.6666666666666666
2006-10-01,119,6,9,0.6666666666666666
2006-10-01,120,6,9,0.6666666666666666
2006-10-01,121,6,9,0.6666666666666666
2006-10-01,122,6,9,0.6666666666666666
2006-10-01,123,6,9,0.6666666666666666
2006-10-01,124,6,9,0.6666666666666666
2006-10-01,125,6,9,0.6666666666666666
2006-10-01,126,6,9,0.6666666666666666
2006-10-01,127,6,9,0.6666666666666666
2006-10-01,128,6,9,0.6666666666666666
2006-10-01,129,6,9,0.6666666666666666
2006-10-01,130,6,9,0.6666666666666666
2006-10-01,131,6,9,0.6666666666666666
2006-10-01,132,6,9,0.6666666666666666
2006-10-01,133,6,9,0.6666666666666666
2006-10-01,134,6,9,0.6666666666666666
2006-10-01,135,6,9,0.6666666666666666
2006-10-01,136,6,9,0.6666666666666666
2006-10-01,137,6,9,0.6666666666666666
2006-10-01,138,6,9,0.6666666666666666
2006-10-01,139,6,9,0.6666666666666666
2006-10-01,140,6,9,0.6666666666666666
2006-10-01,141,6,9,0.6666666666666666
2006-10-01,142,6,9,0.6666666666666666
2006-10-01,143,6,9,0.6666666666666666
2006-10-01,144,6,9,0.6666666666666666
2006-10-01,145,6,9,0.6666666666666666
2006-10-01,146,6,9,0.6666666666666666
2006-10-01,147,6,9,0.6666666666666666
2006-10-01,148,6,9,0.6666666666666666
2006-10-01,149,6,9,0.6666666666666666
2006-10-01,150,6,9,0.6666666666666666
2006-10-01,151,6,9,0.6666666666666666
2006-10-01,152,6,9,0.6666666666666666
2006-10-01,153,6,9,0.6666666666666666
2006-10-01,154,6,9,0.6666666666666666
2006-10-01,155,6,9,0.6666666666666666
2006-10-01,156,6,9,0.6666666666666666
2006-11-01,38,7,10,0.7
2006-11-01,39,7,10,0.7
2006-11-01,40,7,10,0.7
2006-11-01,41,7,10,0.7
2006-11-01,42,7,10,0.7
2006-11-01,43,7,10,0.7
2006-11-01,44,7,10,0.7
2006-11-01,45,7,10,0.7
2006-11-01,46,7,10,0.7
2006-11-01,47,7,10,0.7
2006-11-01,48,7,10,0.7
2006-11-01,49,7,10,0.7
2006-11-01,50,7,10,0.7
2006-11-01,51,7,10,0.7
2006-11-01,52,7,10,0.7
2006-11-01,53,7,10,0.7
2006-11-01,54,7,10,0.7
2006-11-01,55,7,10,0.7
2006-11-01,56,7,10,0.7
2006-11-01,57,7,10,0.7
2006-11-01,58,7,10,0.7
2006-11-01,59,7,10,0.7
2006-11-01,60,7,10,0.7
2006-11-01,61,7,10,0.7
2006-11-01,62,7,10,0.7
2006-11-01,63,7,10,0.7
2006-11-01,64,7,10,0.7
2006-11-01,65,7,10,0.7
2006-11-01,66,7,10,0.7
2006-11-01,67,7,10,0.7
2006-11-01,68,7,10,0.7
2006-11-01,69,7,10,0.7
2006-11-01,70,7,10,0.7
2006-11-01,71,7,10,0.7
2006-11-01,72,7,10,0.7
2006-11-01,73,7,10,0.7
2006-11-01,74,7,10,0.7
2006-11-01,75,7,10,0.7
2006-11-01,76,7,10,0.7
2006-11-01,77,7,10,0.7
2006-11-01,78,7,10,0.7
2006-11-01,79,7,10,0.7
2006-11-01,80,7,10,0.7
2006-11-01,81,7,10,0.7
2006-11-01,82,7,10,0.7
2006-11-01,83,7,10,0.7
2006-11-01,84,7,10,0.7
2006-11-01,85,7,10,0.7
2006-11-01,86,7,10,0.7
2006-11-01,87,7,10,0.7
2006-11-01,88,7,10,0.7
2006-11-01,89,7,10,0.7
2006-11-01,90,7,10,0.7
2006-11-01,91,7,10,0.7
2006-11-01,92,7,10,0.7
2006-11-01,93,7,10,0.7
2006-11-01,94,7,10,0.7
2006-11-01,95,7,10,0.7
2006-11-01,96,7,10,0.7
2006-11-01,97,7,10,0.7
2006-11-01,98,7,10,0.7
2006-11-01,99,7,10,0.7
2006-11-01,100,7,10,0.7
2006-11-01,101,7,10,0.7
2006-11-01,102,7,10,0.7
2006-11-01,103,7,10,0.7
2006-11-01,104,7,10,0.7
2006-11-01,105,7,10,0.7
2006-11-01,106,7,10,0.7
2006-11-01,107,7,10,0.7
2006-11-01,108,7,10,0.7
2006-11-01,109,7,10,0.7
2006-11-01,110,7,10,0.7
2006-11-01,111,7,10,0.7
2006-11-01,112,7,10,0.7
2006-11-01,113,7,10,0.7
2006-11-01,114,7,10,0.7
2006-11-01,115,7,10,0.7
2006-11-01,116,7,10,0.7
2006-11-01,117,7,10,0.7
2006-11-01,118,7,10,0.7
2006-11-01,119,7,10,0.7
2006-11-01,120,7,10,0.7
2006-11-01,121,7,10,0.7
2006-11-01,122,7,10,0.7
2006-11-01,123,7,10,0.7
2006-11-01,124,7,10,0.7
2006-11-01,125,7,10,0.7
2006-11-01,126,7,10,0.7
2006-11-01,127,7,10,0.7
2006-11-01,128,7,10,0.7
2006-11-01,129,7,10,0.7
2006-11-01,130,7,10,0.7
2006-11-01,131,7,10,0.7
2006-11-01,132,7,10,0.7
2006-11-01,133,7,10,0.7
2006-11-01,134,7,10,0.7
2006-11-01,135,7,10,0.7
2006-11-01,136,7,10,0.7
2006-11-01,137,7,10,0.7
2006-11-01,138,7,10,0.7
2006-11-01,139,7,10,0.7
2006-11-01,140,7,10,0.7
2006-11-01,141,7,10,0.7
2006-11-01,142,7,10,0.7
2006-11-01,143,7,10,0.7
2006-11-01,144,7,10,0.7
2006-11-01,145,7,10,0.7
2006-11-01,146,7,10,0.7
2006-11-01,147,7,10,0.7
2006-11-01,148,7,10,0.7
2006-11-01,149,7,10,0.7
2006-11-01,150,7,10,0.7
2006-11-01,151,7,10,0.7
2006-11-01,152,7,10,0.7
2006-11-01,153,7,10,0.7
2006-11-01,154,7,10,0.7
2006-11-01,155,7,10,0.7
2006-12-01,37,5,10,0.5
2006-12-01,38,5,10,0.5
2006-12-01,39,5,10,0.5
2006-12-01,40,5,10,0.5
2006-12-01,41,5,10,0.5
2006-12-01,42,5,10,0.5
2006-12-01,43,5,10,0.5
2006-12-01,44,5,10,0.5
2006-12-01,45,5,10,0.5
2006-12-01,46,5,10,0.5
2006-12-01,47,5,10,0.5
2006-12-01,48,5,10,0.5
2006-12-01,49,5,10,0.5
2006-12-01,50,5,10,0.5
2006-12-01,51,5,10,0.5
2006-12-01,52,5,10,0.5
2006-12-01,53,5,10,0.5
2006-12-01,54,5,10,0.5
2006-12-01,55,5,10,0.5
2006-12-01,56,5,10,0.5
2006-12-01,57,5,10,0.5
2006-12-01,58,5,10,0.5
2006-12-01,59,5,10,0.5
2006-12-01,60,5,10,0.5
2006-12-01,61,5,10,0.5
2006-12-01,62,5,10,0.5
2006-12-01,63,5,10,0.5
2006-12-01,64,5,10,0.5
2006-12-01,65,5,10,0.5
2006-12-01,66,5,10,0.5
2006-12-01,67,5,10,0.5
2006-12-01,68,5,10,0.5
2006-12-01,69,5,10,0.5
2006-12-01,70,5,10,0.5
2006-12-01,71,5,10,0.5
2006-12-01,72,5,10,0.5
2006-12-01,73,5,10,0.5
2006-12-01,74,5,10,0.5
2006-12-01,75,5,10,0.5
2006-12-01,76,5,10,0.5
2006-12-01,77,5,10,0.5
2006-12-01,78,5,10,0.5
2006-12-01,79,5,10,0.5
2006-12-01,80,5,10,0.5
2006-12-01,81,5,10,0.5
2006-12-01,82,5,10,0.5
2006-12-01,83,5,10,0.5
2006-12-01,84,5,10,0.5
2006-12-01,85,5,10,0.5
2006-12-01,86,5,10,0.5
2006-12-01,87,5,10,0.5
2006-12-01,88,5,10,0.5
2006-12-01,89,5,10,0.5
2006-12-01,90,5,10,0.5
2006-12-01,91,5,10,0.5
2006-12-01,92,5,10,0.5
2006-12-01,93,5,10,0.5
2006-12-01,94,5,10,0.5
2006-12-01,95,5,10,0.5
2006-12-01,96,5,10,0.5
2006-12-01,97,5,10,0.5
2006-12-01,98,5,10,0.5
2006-12-01,99,5,10,0.5
2006-12-01,100,5,10,0.5
2006-12-01,101,5,10,0.5
2006-12-01,102,5,10,0.5
2006-12-01,103,5,10,0.5
2006-12-01,104,5,10,0.5
2006-12-01,105,5,10,0.5
2006-12-01,106,5,10,0.5
2006-12-01,107,5,10,0.5
2006-12-01,108,5,10,0.5
2006-12-01,109,5,10,0.5
2006-12-01,110,5,10,0.5
2006-12-01,111,5,10,0.5
2006-12-01,112,5,10,0.5
2006-12-01,113,5,10,0.5
2006-12-01,114,5,10,0.5
2006-12-01,115,5,10,0.5
2006-12-01,116,5,10,0.5
2006-12-01,117,5,10,0.5
2006-12-01,118,5,10,0.5
2006-12-01,119,5,10,0.5
2006-12-01,120,5,10,0.5
2006-12-01,121,5,10,0.5
2006-12-01,122,5,10,0.5
2006-12-01,123,5,10,0.5
2006-12-01,124,5,10,0.5
2006-12-01,125,5,10,0.5
2006-12-01,126,5,10,0.5
2006-12-01,127,5,10,0.5
2006-12-01,128,5,10,0.5
2006-12-01,129,5,10,0.5
2006-12-01,130,5,10,0.5
2006-12-01,131,5,10,0.5
2006-12-01,132,5,10,0.5
2006-12-01,133,5,10,0.5
2006-12-01,134,5,10,0.5
2006-12-01,135,5,10,0.5
2006-12-01,136,5,10,0.5
2006-12-01,137,5,10,0.5
2006-12-01,138,5,10,0.5
2006-12-01,139,5,10,0.5
2006-12-01,140,5,10,0.5
2006-12-01,141,5,10,0.5
2006-12-01,142,5,10,0.5
2006-12-01,143,5,10,0.5
2006-12-01,144,5,10,0.5
2006-12-01,145,5,10,0.5
2006-12-01,146,5,10,0.5
2006-12-01,147,5,10,0.5
2006-12-01,148,5,10,0.5
2006-12-01,149,5,10,0.5
2006-12-01,150,5,10,0.5
2006-12-01,151,5,10,0.5
2006-12-01,152,5,10,0.5
2006-12-01,153,5,10,0.5
2006-12-01,154,5,10,0.5
2007-01-01,36,11,11,1.0
2007-01-01,37,11,11,1.0
2007-01-01,38,11,11,1.0
2007-01-01,39,11,11,1.0
2007-01-01,40,11,11,1.0
2007-01-01,41,11,11,1.0
2007-01-01,42,11,11,1.0
2007-01-01,43,11,11,1.0
2007-01-01,44,11,11,1.0
2007-01-01,45,11,11,1.0
2007-01-01,46,11,11,1.0
2007-01-01,47,11,11,1.0
2007-01-01,48,11,11,1.0
2007-01-01,49,11,11,1.0
2007-01-01,50,11,11,1.0
2007-01-01,51,11,11,1.0
2007-01-01,52,11,11,1.0
2007-01-01,53,11,11,1.0
2007-01-01,54,11,11,1.0
2007-01-01,55,11,11,1.0
2007-01-01,56,11,11,1.0
2007-01-01,57,11,11,1.0
2007-01-01,58,11,11,1.0
2007-01-01,59,11,11,1.0
2007-01-01,60,11,11,1.0
2007-01-01,61,11,11,1.0
2007-01-01,62,11,11,1.0
2007-01-01,63,11,11,1.0
2007-01-01,64,11,11,1.0
2007-01-01,65,11,11,1.0
2007-01-01,66,11,11,1.0
2007-01-01,67,11,11,1.0
2007-01-01,68,11,11,1.0
2007-01-01,69,11,11,1.0
2007-01-01,70,11,11,1.0
2007-01-01,71,11,11,1.0
2007-01-01,72,11,11,1.0
2007-01-01,73,11,11,1.0
2007-01-01,74,11,11,1.0
2007-01-01,75,11,11,1.0
2007-01-01,76,11,11,1.0
2007-01-01,77,11,11,1.0
2007-01-01,78,11,11,1.0
2007-01-01,79,11,11,1.0
2007-01-01,80,11,11,1.0
2007-01-01,81,11,11,1.0
2007-01-01,82,11,11,1.0
2007-01-01,83,11,11,1.0
2007-01-01,84,11,11,1.0
2007-01-01,85,11,11,1.0
2007-01-01,86,11,11,1.0
2007-01-01,87,11,11,1.0
2007-01-01,88,11,11,1.0
2007-01-01,89,11,11,1.0
2007-01-01,90,11,11,1.0
2007-01-01,91,11,11,1.0
2007-01-01,92,11,11,1.0
2007-01-01,93,11,11,1.0
2007-01-01,94,11,11,1.0
2007-01-01,95,11,11,1.0
2007-01-01,96,11,11,1.0
2007-01-01,97,11,11,1.0
2007-01-01,98,11,11,1.0
2007-01-01,99,11,11,1.0
2007-01-01,100,11,11,1.0
2007-01-01,101,11,11,1.0
2007-01-01,102,11,11,1.0
2007-01-01,103,11,11,1.0
2007-01-01,104,11,11,1.0
2007-01-01,105,11,11,1.0
2007-01-01,106,11,11,1.0
2007-01-01,107,11,11,1.0
2007-01-01,108,11,11,1.0
2007-01-01,109,11,11,1.0
2007-01-01,110,11,11,1.0
2007-01-01,111,11,11,1.0
2007-01-01,112,11,11,1.0
2007-01-01,113,11,11,1.0
2007-01-01,114,11,11,1.0
2007-01-01,115,11,11,1.0
2007-01-01,116,11,11,1.0
2007-01-01,117,11,11,1.0
2007-01-01,118,11,11,1.0
2007-01-01,119,11,11,1.0
2007-01-01,120,11,11,1.0
2007-01-01,121,11,11,1.0
2007-01-01,122,11,11,1.0
2007-01-01,123,11,11,1.0
2007-01-01,124,11,11,1.0
2007-01-01,125,11,11,1.0
2007-01-01,126,11,11,1.0
2007-01-01,127,11,11,1.0
2007-01-01,128,11,11,1.0
2007-01-01,129,11,11,1.0
2007-01-01,130,11,11,1.0
2007-01-01,131,11,11,1.0
2007-01-01,132,11,11,1.0
2007-01-01,133,11,11,1.0
2007-01-01,134,11,11,1.0
2007-01-01,135,11,11,1.0
2007-01-01,136,11,11,1.0
2007-01-01,137,11,11,1.0
2007-01-01,138,11,11,1.0
2007-01-01,139,11,11,1.0
2007-01-01,140,11,11,1.0
2007-01-01,141,11,11,1.0
2007-01-01,142,11,11,1.0
2007-01-01,143,11,11,1.0
2007-01-01,144,11,11,1.0
2007-01-01,145,11,11,1.0
2007-01-01,146,11,11,1.0
2007-01-01,147,11,11,1.0
2007-01-01,148,11,11,1.0
2007-01-01,149,11,11,1.0
2007-01-01,150,11,11,1.0
2007-01-01,151,11,11,1.0
2007-01-01,152,11,11,1.0
2007-01-01,153,11,11,1.0
2007-02-01,35,13,15,0.8666666666666667
2007-02-01,36,13,15,0.8666666666666667
2007-02-01,37,13,15,0.8666666666666667
2007-02-01,38,13,15,0.8666666666666667
2007-02-01,39,13,15,0.8666666666666667
2007-02-01,40,13,15,0.8666666666666667
2007-02-01,41,13,15,0.8666666666666667
2007-02-01,42,13,15,0.8666666666666667
2007-02-01,43,13,15,0.8666666666666667
2007-02-01,44,13,15,0.8666666666666667
2007-02-01,45,13,15,0.8666666666666667
2007-02-01,46,13,15,0.8666666666666667
2007-02-01,47,13,15,0.8666666666666667
2007-02-01,48,13,15,0.8666666666666667
2007-02-01,49,13,15,0.8666666666666667
2007-02-01,50,13,15,0.8666666666666667
2007-02-01,51,13,15,0.8666666666666667
2007-02-01,52,13,15,0.8666666666666667
2007-02-01,53,13,15,0.8666666666666667
2007-02-01,54,13,15,0.8666666666666667
2007-02-01,55,13,15,0.8666666666666667
2007-02-01,56,13,15,0.8666666666666667
2007-02-01,57,13,15,0.8666666666666667
2007-02-01,58,13,15,0.8666666666666667
2007-02-01,59,13,15,0.8666666666666667
2007-02-01,60,13,15,0.8666666666666667
2007-02-01,61,13,15,0.8666666666666667
2007-02-01,62,13,15,0.8666666666666667
2007-02-01,63,13,15,0.8666666666666667
2007-02-01,64,13,15,0.8666666666666667
2007-02-01,65,13,15,0.8666666666666667
2007-02-01,66,13,15,0.8666666666666667
2007-02-01,67,13,15,0.8666666666666667
2007-02-01,68,13,15,0.8666666666666667
2007-02-01,69,13,15,0.8666666666666667
2007-02-01,70,13,15,0.8666666666666667
2007-02-01,71,13,15,0.8666666666666667
2007-02-01,72,13,15,0.8666666666666667
2007-02-01,73,13,15,0.8666666666666667
2007-02-01,74,13,15,0.8666666666666667
2007-02-01,75,13,15,0.8666666666666667
2007-02-01,76,13,15,0.8666666666666667
2007-02-01,77,13,15,0.8666666666666667
2007-02-01,78,13,15,0.8666666666666667
2007-02-01,79,13,15,0.8666666666666667
2007-02-01,80,13,15,0.8666666666666667
2007-02-01,81,13,15,0.8666666666666667
2007-02-01,82,13,15,0.8666666666666667
2007-02-01,83,13,15,0.8666666666666667
2007-02-01,84,13,15,0.8666666666666667
2007-02-01,85,13,15,0.8666666666666667
2007-02-01,86,13,15,0.8666666666666667
2007-02-01,87,13,15,0.8666666666666667
2007-02-01,88,13,15,0.8666666666666667
2007-02-01,89,13,15,0.8666666666666667
2007-02-01,90,13,15,0.8666666666666667
2007-02-01,91,13,15,0.8666666666666667
2007-02-01,92,13,15,0.8666666666666667
2007-02-01,93,13,15,0.8666666666666667
2007-02-01,94,13,15,0.8666666666666667
2007-02-01,95,13,15,0.8666666666666667
2007-02-01,96,13,15,0.8666666666666667
2007-02-01,97,13,15,0.8666666666666667
2007-02-01,98,13,15,0.8666666666666667
2007-02-01,99,13,15,0.8666666666666667
2007-02-01,100,13,15,0.8666666666666667
2007-02-01,101,13,15,0.8666666666666667
2007-02-01,102,13,15,0.8666666666666667
2007-02-01,103,13,15,0.8666666666666667
2007-02-01,104,13,15,0.8666666666666667
2007-02-01,105,13,15,0.8666666666666667
2007-02-01,106,13,15,0.8666666666666667
2007-02-01,107,13,15,0.8666666666666667
2007-02-01,108,13,15,0.8666666666666667
2007-02-01,109,13,15,0.8666666666666667
2007-02-01,110,13,15,0.8666666666666667
2007-02-01,111,13,15,0.8666666666666667
2007-02-01,112,13,15,0.8666666666666667
2007-02-01,113,13,15,0.8666666666666667
2007-02-01,114,13,15,0.8666666666666667
2007-02-01,115,13,15,0.8666666666666667
2007-02-01,116,13,15,0.8666666666666667
2007-02-01,117,13,15,0.8666666666666667
2007-02-01,118,13,15,0.8666666666666667
2007-02-01,119,13,15,0.8666666666666667
2007-02-01,120,13,15,0.8666666666666667
2007-02-01,121,13,15,0.8666666666666667
2007-02-01,122,13,15,0.8666666666666667
2007-02-01,123,13,15,0.8666666666666667
2007-02-01,124,13,15,0.8666666666666667
2007-02-01,125,13,15,0.8666666666666667
2007-02-01,126,13,15,0.8666666666666667
2007-02-01,127,13,15,0.8666666666666667
2007-02-01,128,13,15,0.8666666666666667
2007-02-01,129,13,15,0.8666666666666667
2007-02-01,130,13,15,0.8666666666666667
2007-02-01,131,13,15,0.8666666666666667
2007-02-01,132,13,15,0.8666666666666667
2007-02-01,133,13,15,0.8666666666666667
2007-02-01,134,13,15,0.8666666666666667
2007-02-01,135,13,15,0.8666666666666667
2007-02-01,136,13,15,0.8666666666666667
2007-02-01,137,13,15,0.8666666666666667
2007-02-01,138,13,15,0.8666666666666667
2007-02-01,139,13,15,0.8666666666666667
2007-02-01,140,13,15,0.8666666666666667
2007-02-01,141,13,15,0.8666666666666667
2007-02-01,142,13,15,0.8666666666666667
2007-02-01,143,13,15,0.8666666666666667
2007-02-01,144,13,15,0.8666666666666667
2007-02-01,145,13,15,0.8666666666666667
2007-02-01,146,13,15,0.8666666666666667
2007-02-01,147,13,15,0.8666666666666667
2007-02-01,148,13,15,0.8666666666666667
2007-02-01,149,13,15,0.8666666666666667
2007-02-01,150,13,15,0.8666666666666667
2007-02-01,151,13,15,0.8666666666666667
2007-02-01,152,13,15,0.8666666666666667
2007-03-01,34,11,13,0.8461538461538461
2007-03-01,35,11,13,0.8461538461538461
2007-03-01,36,11,13,0.8461538461538461
2007-03-01,37,11,13,0.8461538461538461
2007-03-01,38,11,13,0.8461538461538461
2007-03-01,39,11,13,0.8461538461538461
2007-03-01,40,11,13,0.8461538461538461
2007-03-01,41,11,13,0.8461538461538461
2007-03-01,42,11,13,0.8461538461538461
2007-03-01,43,11,13,0.8461538461538461
2007-03-01,44,11,13,0.8461538461538461
2007-03-01,45,11,13,0.8461538461538461
2007-03-01,46,11,13,0.8461538461538461
2007-03-01,47,11,13,0.8461538461538461
2007-03-01,48,11,13,0.8461538461538461
2007-03-01,49,11,13,0.8461538461538461
2007-03-01,50,11,13,0.8461538461538461
2007-03-01,51,11,13,0.8461538461538461
2007-03-01,52,11,13,0.8461538461538461
2007-03-01,53,11,13,0.8461538461538461
2007-03-01,54,11,13,0.8461538461538461
2007-03-01,55,11,13,0.8461538461538461
2007-03-01,56,11,13,0.8461538461538461
2007-03-01,57,11,13,0.8461538461538461
2007-03-01,58,11,13,0.8461538461538461
2007-03-01,59,11,13,0.8461538461538461
2007-03-01,60,11,13,0.8461538461538461
2007-03-01,61,11,13,0.8461538461538461
2007-03-01,62,11,13,0.8461538461538461
2007-03-01,63,11,13,0.8461538461538461
2007-03-01,64,11,13,0.8461538461538461
2007-03-01,65,11,13,0.8461538461538461
2007-03-01,66,11,13,0.8461538461538461
2007-03-01,67,11,13,0.8461538461538461
2007-03-01,68,11,13,0.8461538461538461
2007-03-01,69,11,13,0.8461538461538461
2007-03-01,70,11,13,0.8461538461538461
2007-03-01,71,11,13,0.8461538461538461
2007-03-01,72,11,13,0.8461538461538461
2007-03-01,73,11,13,0.8461538461538461
2007-03-01,74,11,13,0.8461538461538461
2007-03-01,75,11,13,0.8461538461538461
2007-03-01,76,11,13,0.8461538461538461
2007-03-01,77,11,13,0.8461538461538461
2007-03-01,78,11,13,0.8461538461538461
2007-03-01,79,11,13,0.8461538461538461
2007-03-01,80,11,13,0.8461538461538461
2007-03-01,81,11,13,0.8461538461538461
2007-03-01,82,11,13,0.8461538461538461
2007-03-01,83,11,13,0.8461538461538461
2007-03-01,84,11,13,0.8461538461538461
2007-03-01,85,11,13,0.8461538461538461
2007-03-01,86,11,13,0.8461538461538461
2007-03-01,87,11,13,0.8461538461538461
2007-03-01,88,11,13,0.8461538461538461
2007-03-01,89,11,13,0.8461538461538461
2007-03-01,90,11,13,0.8461538461538461
2007-03-01,91,11,13,0.8461538461538461
2007-03-01,92,11,13,0.8461538461538461
2007-03-01,93,11,13,0.8461538461538461
2007-03-01,94,11,13,0.8461538461538461
2007-03-01,95,11,13,0.8461538461538461
2007-03-01,96,11,13,0.8461538461538461
2007-03-01,97,11,13,0.8461538461538461
2007-03-01,98,11,13,0.8461538461538461
2007-03-01,99,11,13,0.8461538461538461
2007-03-01,100,11,13,0.8461538461538461
2007-03-01,101,11,13,0.8461538461538461
2007-03-01,102,11,13,0.8461538461538461
2007-03-01,103,11,13,0.8461538461538461
2007-03-01,104,11,13,0.8461538461538461
2007-03-01,105,11,13,0.8461538461538461
2007-03-01,106,11,13,0.8461538461538461
2007-03-01,107,11,13,0.8461538461538461
2007-03-01,108,11,13,0.8461538461538461
2007-03-01,109,11,13,0.8461538461538461
2007-03-01,110,11,13,0.8461538461538461
2007-03-01,111,11,13,0.8461538461538461
2007-03-01,112,11,13,0.8461538461538461
2007-03-01,113,11,13,0.8461538461538461
2007-03-01,114,11,13,0.8461538461538461
2007-03-01,115,11,13,0.8461538461538461
2007-03-01,116,11,13,0.8461538461538461
2007-03-01,117,11,13,0.8461538461538461
2007-03-01,118,11,13,0.8461538461538461
2007-03-01,119,11,13,0.8461538461538461
2007-03-01,120,11,13,0.8461538461538461
2007-03-01,121,11,13,0.8461538461538461
2007-03-01,122,11,13,0.8461538461538461
2007-03-01,123,11,13,0.8461538461538461
2007-03-01,124,11,13,0.8461538461538461
2007-03-01,125,11,13,0.8461538461538461
2007-03-01,126,11,13,0.8461538461538461
2007-03-01,127,11,13,0.8461538461538461
2007-03-01,128,11,13,0.8461538461538461
2007-03-01,129,11,13,0.8461538461538461
2007-03-01,130,11,13,0.8461538461538461
2007-03-01,131,11,13,0.8461538461538461
2007-03-01,132,11,13,0.8461538461538461
2007-03-01,133,11,13,0.8461538461538461
2007-03-01,134,11,13,0.8461538461538461
2007-03-01,135,11,13,0.8461538461538461
2007-03-01,136,11,13,0.8461538461538461
2007-03-01,137,11,13,0.8461538461538461
2007-03-01,138,11,13,0.8461538461538461
2007-03-01,139,11,13,0.8461538461538461
2007-03-01,140,11,13,0.8461538461538461
2007-03-01,141,11,13,0.8461538461538461
2007-03-01,142,11,13,0.8461538461538461
2007-03-01,143,11,13,0.8461538461538461
2007-03-01,144,11,13,0.8461538461538461
2007-03-01,145,11,13,0.8461538461538461
2007-03-01,146,11,13,0.8461538461538461
2007-03-01,147,11,13,0.8461538461538461
2007-03-01,148,11,13,0.8461538461538461
2007-03-01,149,11,13,0.8461538461538461
2007-03-01,150,11,13,0.8461538461538461
2007-03-01,151,11,13,0.8461538461538461
2007-04-01,33,13,14,0.9285714285714286
2007-04-01,34,13,14,0.9285714285714286
2007-04-01,35,13,14,0.9285714285714286
2007-04-01,36,13,14,0.9285714285714286
2007-04-01,37,13,14,0.9285714285714286
2007-04-01,38,13,14,0.9285714285714286
2007-04-01,39,13,14,0.9285714285714286
2007-04-01,40,13,14,0.9285714285714286
2007-04-01,41,13,14,0.9285714285714286
2007-04-01,42,13,14,0.9285714285714286
2007-04-01,43,13,14,0.9285714285714286
2007-04-01,44,13,14,0.9285714285714286
2007-04-01,45,13,14,0.9285714285714286
2007-04-01,46,13,14,0.9285714285714286
2007-04-01,47,13,14,0.9285714285714286
2007-04-01,48,13,14,0.9285714285714286
2007-04-01,49,13,14,0.9285714285714286
2007-04-01,50,13,14,0.9285714285714286
2007-04-01,51,13,14,0.9285714285714286
2007-04-01,52,13,14,0.9285714285714286
2007-04-01,53,13,14,0.9285714285714286
2007-04-01,54,13,14,0.9285714285714286
2007-04-01,55,13,14,0.9285714285714286
2007-04-01,56,13,14,0.9285714285714286
2007-04-01,57,13,14,0.9285714285714286
2007-04-01,58,13,14,0.9285714285714286
2007-04-01,59,13,14,0.9285714285714286
2007-04-01,60,13,14,0.9285714285714286
2007-04-01,61,13,14,0.9285714285714286
2007-04-01,62,13,14,0.9285714285714286
2007-04-01,63,13,14,0.9285714285714286
2007-04-01,64,13,14,0.9285714285714286
2007-04-01,65,13,14,0.9285714285714286
2007-04-01,66,13,14,0.9285714285714286
2007-04-01,67,13,14,0.9285714285714286
2007-04-01,68,13,14,0.9285714285714286
2007-04-01,69,13,14,0.9285714285714286
2007-04-01,70,13,14,0.9285714285714286
2007-04-01,71,13,14,0.9285714285714286
2007-04-01,72,13,14,0.9285714285714286
2007-04-01,73,13,14,0.9285714285714286
2007-04-01,74,13,14,0.9285714285714286
2007-04-01,75,13,14,0.9285714285714286
2007-04-01,76,13,14,0.9285714285714286
2007-04-01,77,13,14,0.9285714285714286
2007-04-01,78,13,14,0.9285714285714286
2007-04-01,79,13,14,0.9285714285714286
2007-04-01,80,13,14,0.9285714285714286
2007-04-01,81,13,14,0.9285714285714286
2007-04-01,82,13,14,0.9285714285714286
2007-04-01,83,13,14,0.9285714285714286
2007-04-01,84,13,14,0.9285714285714286
2007-04-01,85,13,14,0.9285714285714286
2007-04-01,86,13,14,0.9285714285714286
2007-04-01,87,13,14,0.9285714285714286
2007-04-01,88,13,14,0.9285714285714286
2007-04-01,89,13,14,0.9285714285714286
2007-04-01,90,13,14,0.9285714285714286
2007-04-01,91,13,14,0.9285714285714286
2007-04-01,92,13,14,0.9285714285714286
2007-04-01,93,13,14,0.9285714285714286
2007-04-01,94,13,14,0.9285714285714286
2007-04-01,95,13,14,0.9285714285714286
2007-04-01,96,13,14,0.9285714285714286
2007-04-01,97,13,14,0.9285714285714286
2007-04-01,98,13,14,0.9285714285714286
2007-04-01,99,13,14,0.9285714285714286
2007-04-01,100,13,14,0.9285714285714286
2007-04-01,101,13,14,0.9285714285714286
2007-04-01,102,13,14,0.9285714285714286
2007-04-01,103,13,14,0.9285714285714286
2007-04-01,104,13,14,0.9285714285714286
2007-04-01,105,13,14,0.9285714285714286
2007-04-01,106,13,14,0.9285714285714286
2007-04-01,107,13,14,0.9285714285714286
2007-04-01,108,13,14,0.9285714285714286
2007-04-01,109,13,14,0.9285714285714286
2007-04-01,110,13,14,0.9285714285714286
2007-04-01,111,13,14,0.9285714285714286
2007-04-01,112,13,14,0.9285714285714286
2007-04-01,113,13,14,0.9285714285714286
2007-04-01,114,13,14,0.9285714285714286
2007-04-01,115,13,14,0.9285714285714286
2007-04-01,116,13,14,0.9285714285714286
2007-04-01,117,13,14,0.9285714285714286
2007-04-01,118,13,14,0.9285714285714286
2007-04-01,119,13,14,0.9285714285714286
2007-04-01,120,13,14,0.9285714285714286
2007-04-01,121,13,14,0.9285714285714286
2007-04-01,122,13,14,0.9285714285714286
2007-04-01,123,13,14,0.9285714285714286
2007-04-01,124,13,14,0.9285714285714286
2007-04-01,125,13,14,0.9285714285714286
2007-04-01,126,13,14,0.9285714285714286
2007-04-01,127,13,14,0.9285714285714286
2007-04-01,128,13,14,0.9285714285714286
2007-04-01,129,13,14,0.9285714285714286
2007-04-01,130,13,14,0.9285714285714286
2007-04-01,131,13,14,0.9285714285714286
2007-04-01,132,13,14,0.9285714285714286
2007-04-01,133,13,14,0.9285714285714286
2007-04-01,134,13,14,0.9285714285714286
2007-04-01,135,13,14,0.9285714285714286
2007-04-01,136,13,14,0.9285714285714286
2007-04-01,137,13,14,0.9285714285714286
2007-04-01,138,13,14,0.9285714285714286
2007-04-01,139,13,14,0.9285714285714286
2007-04-01,140,13,14,0.9285714285714286
2007-04-01,141,13,14,0.9285714285714286
2007-04-01,142,13,14,0.9285714285714286
2007-04-01,143,13,14,0.9285714285714286
2007-04-01,144,13,14,0.9285714285714286
2007-04-01,145,13,14,0.9285714285714286
2007-04-01,146,13,14,0.9285714285714286
2007-04-01,147,13,14,0.9285714285714286
2007-04-01,148,13,14,0.9285714285714286
2007-04-01,149,13,14,0.9285714285714286
2007-04-01,150,13,14,0.9285714285714286
2007-05-01,32,6,9,0.6666666666666666
2007-05-01,33,6,9,0.6666666666666666
2007-05-01,34,6,9,0.6666666666666666
2007-05-01,35,6,9,0.6666666666666666
2007-05-01,36,6,9,0.6666666666666666
2007-05-01,37,6,9,0.6666666666666666
2007-05-01,38,6,9,0.6666666666666666
2007-05-01,39,6,9,0.6666666666666666
2007-05-01,40,6,9,0.6666666666666666
2007-05-01,41,6,9,0.6666666666666666
2007-05-01,42,6,9,0.6666666666666666
2007-05-01,43,6,9,0.6666666666666666
2007-05-01,44,6,9,0.6666666666666666
2007-05-01,45,6,9,0.6666666666666666
2007-05-01,46,6,9,0.6666666666666666
2007-05-01,47,6,9,0.6666666666666666
2007-05-01,48,6,9,0.6666666666666666
2007-05-01,49,6,9,0.6666666666666666
2007-05-01,50,6,9,0.6666666666666666
2007-05-01,51,6,9,0.6666666666666666
2007-05-01,52,6,9,0.6666666666666666
2007-05-01,53,6,9,0.6666666666666666
2007-05-01,54,7,9,0.7777777777777778
2007-05-01,55,7,9,0.7777777777777778
2007-05-01,56,7,9,0.7777777777777778
2007-05-01,57,7,9,0.7777777777777778
2007-05-01,58,7,9,0.7777777777777778
2007-05-01,59,7,9,0.7777777777777778
2007-05-01,60,7,9,0.7777777777777778
2007-05-01,61,7,9,0.7777777777777778
2007-05-01,62,7,9,0.7777777777777778
2007-05-01,63,7,9,0.7777777777777778
2007-05-01,64,7,9,0.7777777777777778
2007-05-01,65,7,9,0.7777777777777778
2007-05-01,66,7,9,0.7777777777777778
2007-05-01,67,7,9,0.7777777777777778
2007-05-01,68,7,9,0.7777777777777778
2007-05-01,69,7,9,0.7777777777777778
2007-05-01,70,7,9,0.7777777777777778
2007-05-01,71,7,9,0.7777777777777778
2007-05-01,72,7,9,0.7777777777777778
2007-05-01,73,7,9,0.7777777777777778
2007-05-01,74,7,9,0.7777777777777778
2007-05-01,75,7,9,0.7777777777777778
2007-05-01,76,7,9,0.7777777777777778
2007-05-01,77,7,9,0.7777777777777778
2007-05-01,78,7,9,0.7777777777777778
2007-05-01,79,7,9,0.7777777777777778
2007-05-01,80,7,9,0.7777777777777778
2007-05-01,81,7,9,0.7777777777777778
2007-05-01,82,7,9,0.7777777777777778
2007-05-01,83,7,9,0.7777777777777778
2007-05-01,84,7,9,0.7777777777777778
2007-05-01,85,7,9,0.7777777777777778
2007-05-01,86,7,9,0.7777777777777778
2007-05-01,87,7,9,0.7777777777777778
2007-05-01,88,7,9,0.7777777777777778
2007-05-01,89,7,9,0.7777777777777778
2007-05-01,90,7,9,0.7777777777777778
2007-05-01,91,7,9,0.7777777777777778
2007-05-01,92,7,9,0.7777777777777778
2007-05-01,93,7,9,0.7777777777777778
2007-05-01,94,7,9,0.7777777777777778
2007-05-01,95,7,9,0.7777777777777778
2007-05-01,96,7,9,0.7777777777777778
2007-05-01,97,7,9,0.7777777777777778
2007-05-01,98,7,9,0.7777777777777778
2007-05-01,99,7,9,0.7777777777777778
2007-05-01,100,7,9,0.7777777777777778
2007-05-01,101,7,9,0.7777777777777778
2007-05-01,102,7,9,0.7777777777777778
2007-05-01,103,7,9,0.7777777777777778
2007-05-01,104,7,9,0.7777777777777778
2007-05-01,105,7,9,0.7777777777777778
2007-05-01,106,7,9,0.7777777777777778
2007-05-01,107,7,9,0.7777777777777778
2007-05-01,108,7,9,0.7777777777777778
2007-05-01,109,7,9,0.7777777777777778
2007-05-01,110,7,9,0.7777777777777778
2007-05-01,111,7,9,0.7777777777777778
2007-05-01,112,7,9,0.7777777777777778
2007-05-01,113,7,9,0.7777777777777778
2007-05-01,114,7,9,0.7777777777777778
2007-05-01,115,7,9,0.7777777777777778
2007-05-01,116,7,9,0.7777777777777778
2007-05-01,117,7,9,0.7777777777777778
2007-05-01,118,7,9,0.7777777777777778
2007-05-01,119,7,9,0.7777777777777778
2007-05-01,120,7,9,0.7777777777777778
2007-05-01,121,7,9,0.7777777777777778
2007-05-01,122,7,9,0.7777777777777778
2007-05-01,123,7,9,0.7777777777777778
2007-05-01,124,7,9,0.7777777777777778
2007-05-01,125,7,9,0.7777777777777778
2007-05-01,126,7,9,0.7777777777777778
2007-05-01,127,7,9,0.7777777777777778
2007-05-01,128,7,9,0.7777777777777778
2007-05-01,129,7,9,0.7777777777777778
2007-05-01,130,7,9,0.7777777777777778
2007-05-01,131,7,9,0.7777777777777778
2007-05-01,132,7,9,0.7777777777777778
2007-05-01,133,7,9,0.7777777777777778
2007-05-01,134,7,9,0.7777777777777778
2007-05-01,135,7,9,0.7777777777777778
2007-05-01,136,7,9,0.7777777777777778
2007-05-01,137,7,9,0.7777777777777778
2007-05-01,138,7,9,0.7777777777777778
2007-05-01,139,7,9,0.7777777777777778
2007-05-01,140,7,9,0.7777777777777778
2007-05-01,141,7,9,0.7777777777777778
2007-05-01,142,7,9,0.7777777777777778
2007-05-01,143,7,9,0.7777777777777778
2007-05-01,144,7,9,0.7777777777777778
2007-05-01,145,7,9,0.7777777777777778
2007-05-01,146,7,9,0.7777777777777778
2007-05-01,147,7,9,0.7777777777777778
2007-05-01,148,7,9,0.7777777777777778
2007-05-01,149,7,9,0.7777777777777778
2007-06-01,31,11,15,0.7333333333333333
2007-06-01,32,11,15,0.7333333333333333
2007-06-01,33,11,15,0.7333333333333333
2007-06-01,34,11,15,0.7333333333333333
2007-06-01,35,11,15,0.7333333333333333
2007-06-01,36,11,15,0.7333333333333333
2007-06-01,37,11,15,0.7333333333333333
2007-06-01,38,11,15,0.7333333333333333
2007-06-01,39,11,15,0.7333333333333333
2007-06-01,40,11,15,0.7333333333333333
2007-06-01,41,12,15,0.8
2007-06-01,42,12,15,0.8
2007-06-01,43,12,15,0.8
2007-06-01,44,12,15,0.8
2007-06-01,45,12,15,0.8
2007-06-01,46,12,15,0.8
2007-06-01,47,12,15,0.8
2007-06-01,48,12,15,0.8
2007-06-01,49,12,15,0.8
2007-06-01,50,12,15,0.8
2007-06-01,51,12,15,0.8
2007-06-01,52,12,15,0.8
2007-06-01,53,12,15,0.8
2007-06-01,54,12,15,0.8
2007-06-01,55,12,15,0.8
2007-06-01,56,12,15,0.8
2007-06-01,57,12,15,0.8
2007-06-01,58,12,15,0.8
2007-06-01,59,12,15,0.8
2007-06-01,60,12,15,0.8
2007-06-01,61,12,15,0.8
2007-06-01,62,12,15,0.8
2007-06-01,63,12,15,0.8
2007-06-01,64,12,15,0.8
2007-06-01,65,12,15,0.8
2007-06-01,66,12,15,0.8
2007-06-01,67,12,15,0.8
2007-06-01,68,12,15,0.8
2007-06-01,69,12,15,0.8
2007-06-01,70,12,15,0.8
2007-06-01,71,12,15,0.8
2007-06-01,72,12,15,0.8
2007-06-01,73,12,15,0.8
2007-06-01,74,12,15,0.8
2007-06-01,75,12,15,0.8
2007-06-01,76,12,15,0.8
2007-06-01,77,12,15,0.8
2007-06-01,78,12,15,0.8
2007-06-01,79,12,15,0.8
2007-06-01,80,12,15,0.8
2007-06-01,81,12,15,0.8
2007-06-01,82,12,15,0.8
2007-06-01,83,12,15,0.8
2007-06-01,84,12,15,0.8
2007-06-01,85,12,15,0.8
2007-06-01,86,12,15,0.8
2007-06-01,87,12,15,0.8
2007-06-01,88,12,15,0.8
2007-06-01,89,12,15,0.8
2007-06-01,90,12,15,0.8
2007-06-01,91,12,15,0.8
2007-06-01,92,12,15,0.8
2007-06-01,93,12,15,0.8
2007-06-01,94,12,15,0.8
2007-06-01,95,12,15,0.8
2007-06-01,96,12,15,0.8
2007-06-01,97,12,15,0.8
2007-06-01,98,12,15,0.8
2007-06-01,99,12,15,0.8
2007-06-01,100,12,15,0.8
2007-06-01,101,12,15,0.8
2007-06-01,102,12,15,0.8
2007-06-01,103,12,15,0.8
2007-06-01,104,12,15,0.8
2007-06-01,105,12,15,0.8
2007-06-01,106,12,15,0.8
2007-06-01,107,12,15,0.8
2007-06-01,108,12,15,0.8
2007-06-01,109,12,15,0.8
2007-06-01,110,12,15,0.8
2007-06-01,111,12,15,0.8
2007-06-01,112,12,15,0.8
2007-06-01,113,12,15,0.8
2007-06-01,114,12,15,0.8
2007-06-01,115,12,15,0.8
2007-06-01,116,12,15,0.8
2007-06-01,117,12,15,0.8
2007-06-01,118,12,15,0.8
2007-06-01,119,12,15,0.8
2007-06-01,120,12,15,0.8
2007-06-01,121,12,15,0.8
2007-06-01,122,12,15,0.8
2007-06-01,123,12,15,0.8
2007-06-01,124,12,15,0.8
2007-06-01,125,12,15,0.8
2007-06-01,126,12,15,0.8
2007-06-01,127,12,15,0.8
2007-06-01,128,12,15,0.8
2007-06-01,129,12,15,0.8
2007-06-01,130,12,15,0.8
2007-06-01,131,12,15,0.8
2007-06-01,132,12,15,0.8
2007-06-01,133,12,15,0.8
2007-06-01,134,12,15,0.8
2007-06-01,135,12,15,0.8
2007-06-01,136,12,15,0.8
2007-06-01,137,12,15,0.8
2007-06-01,138,12,15,0.8
2007-06-01,139,12,15,0.8
2007-06-01,140,12,15,0.8
2007-06-01,141,12,15,0.8
2007-06-01,142,12,15,0.8
2007-06-01,143,12,15,0.8
2007-06-01,144,12,15,0.8
2007-06-01,145,12,15,0.8
2007-06-01,146,12,15,0.8
2007-06-01,147,12,15,0.8
2007-06-01,148,11,15,0.7333333333333333
2007-07-01,30,12,14,0.8571428571428571
2007-07-01,31,12,14,0.8571428571428571
2007-07-01,32,12,14,0.8571428571428571
2007-07-01,33,12,14,0.8571428571428571
2007-07-01,34,12,14,0.8571428571428571
2007-07-01,35,12,14,0.8571428571428571
2007-07-01,36,12,14,0.8571428571428571
2007-07-01,37,12,14,0.8571428571428571
2007-07-01,38,12,14,0.8571428571428571
2007-07-01,39,12,14,0.8571428571428571
2007-07-01,40,12,14,0.8571428571428571
2007-07-01,41,12,14,0.8571428571428571
2007-07-01,42,12,14,0.8571428571428571
2007-07-01,43,12,14,0.8571428571428571
2007-07-01,44,12,14,0.8571428571428571
2007-07-01,45,12,14,0.8571428571428571
2007-07-01,46,12,14,0.8571428571428571
2007-07-01,47,12,14,0.8571428571428571
2007-07-01,48,12,14,0.8571428571428571
2007-07-01,49,12,14,0.8571428571428571
2007-07-01,50,12,14,0.8571428571428571
2007-07-01,51,12,14,0.8571428571428571
2007-07-01,52,12,14,0.8571428571428571
2007-07-01,53,12,14,0.8571428571428571
2007-07-01,54,12,14,0.8571428571428571
2007-07-01,55,12,14,0.8571428571428571
2007-07-01,56,12,14,0.8571428571428571
2007-07-01,57,12,14,0.8571428571428571
2007-07-01,58,12,14,0.8571428571428571
2007-07-01,59,12,14,0.8571428571428571
2007-07-01,60,12,14,0.8571428571428571
2007-07-01,61,12,14,0.8571428571428571
2007-07-01,62,12,14,0.8571428571428571
2007-07-01,63,12,14,0.8571428571428571
2007-07-01,64,12,14,0.8571428571428571
2007-07-01,65,12,14,0.8571428571428571
2007-07-01,66,12,14,0.8571428571428571
2007-07-01,67,12,14,0.8571428571428571
2007-07-01,68,12,14,0.8571428571428571
2007-07-01,69,12,14,0.8571428571428571
2007-07-01,70,12,14,0.8571428571428571
2007-07-01,71,12,14,0.8571428571428571
2007-07-01,72,12,14,0.8571428571428571
2007-07-01,73,12,14,0.8571428571428571
2007-07-01,74,12,14,0.8571428571428571
2007-07-01,75,12,14,0.8571428571428571
2007-07-01,76,12,14,0.8571428571428571
2007-07-01,77,12,14,0.8571428571428571
2007-07-01,78,12,14,0.8571428571428571
2007-07-01,79,12,14,0.8571428571428571
2007-07-01,80,12,14,0.8571428571428571
2007-07-01,81,12,14,0.8571428571428571
2007-07-01,82,12,14,0.8571428571428571
2007-07-01,83,12,14,0.8571428571428571
2007-07-01,84,12,14,0.8571428571428571
2007-07-01,85,12,14,0.8571428571428571
2007-07-01,86,12,14,0.8571428571428571
2007-07-01,87,12,14,0.8571428571428571
2007-07-01,88,12,14,0.8571428571428571
2007-07-01,89,12,14,0.8571428571428571
2007-07-01,90,12,14,0.8571428571428571
2007-07-01,91,12,14,0.8571428571428571
2007-07-01,92,12,14,0.8571428571428571
2007-07-01,93,12,14,0.8571428571428571
2007-07-01,94,12,14,0.8571428571428571
2007-07-01,95,12,14,0.8571428571428571
2007-07-01,96,12,14,0.8571428571428571
2007-07-01,97,12,14,0.8571428571428571
2007-07-01,98,12,14,0.8571428571428571
2007-07-01,99,12,14,0.8571428571428571
2007-07-01,100,12,14,0.8571428571428571
2007-07-01,101,12,14,0.8571428571428571
2007-07-01,102,12,14,0.8571428571428571
2007-07-01,103,12,14,0.8571428571428571
2007-07-01,104,12,14,0.8571428571428571
2007-07-01,105,12,14,0.8571428571428571
2007-07-01,106,12,14,0.8571428571428571
2007-07-01,107,12,14,0.8571428571428571
2007-07-01,108,12,14,0.8571428571428571
2007-07-01,109,12,14,0.8571428571428571
2007-07-01,110,12,14,0.8571428571428571
2007-07-01,111,12,14,0.8571428571428571
2007-07-01,112,12,14,0.8571428571428571
2007-07-01,113,12,14,0.8571428571428571
2007-07-01,114,12,14,0.8571428571428571
2007-07-01,115,12,14,0.8571428571428571
2007-07-01,116,12,14,0.8571428571428571
2007-07-01,117,12,14,0.8571428571428571
2007-07-01,118,12,14,0.8571428571428571
2007-07-01,119,12,14,0.8571428571428571
2007-07-01,120,12,14,0.8571428571428571
2007-07-01,121,12,14,0.8571428571428571
2007-07-01,122,12,14,0.8571428571428571
2007-07-01,123,12,14,0.8571428571428571
2007-07-01,124,12,14,0.8571428571428571
2007-07-01,125,12,14,0.8571428571428571
2007-07-01,126,12,14,0.8571428571428571
2007-07-01,127,12,14,0.8571428571428571
2007-07-01,128,12,14,0.8571428571428571
2007-07-01,129,12,14,0.8571428571428571
2007-07-01,130,12,14,0.8571428571428571
2007-07-01,131,12,14,0.8571428571428571
2007-07-01,132,12,14,0.8571428571428571
2007-07-01,133,12,14,0.8571428571428571
2007-07-01,134,12,14,0.8571428571428571
2007-07-01,135,12,14,0.8571428571428571
2007-07-01,136,12,14,0.8571428571428571
2007-07-01,137,12,14,0.8571428571428571
2007-07-01,138,12,14,0.8571428571428571
2007-07-01,139,12,14,0.8571428571428571
2007-07-01,140,12,14,0.8571428571428571
2007-07-01,141,12,14,0.8571428571428571
2007-07-01,142,12,14,0.8571428571428571
2007-07-01,143,12,14,0.8571428571428571
2007-07-01,144,12,14,0.8571428571428571
2007-07-01,145,12,14,0.8571428571428571
2007-07-01,146,12,14,0.8571428571428571
2007-07-01,147,12,14,0.8571428571428571
2007-08-01,29,5,6,0.8333333333333334
2007-08-01,30,5,6,0.8333333333333334
2007-08-01,31,5,6,0.8333333333333334
2007-08-01,32,5,6,0.8333333333333334
2007-08-01,33,5,6,0.8333333333333334
2007-08-01,34,5,6,0.8333333333333334
2007-08-01,35,5,6,0.8333333333333334
2007-08-01,36,5,6,0.8333333333333334
2007-08-01,37,5,6,0.8333333333333334
2007-08-01,38,5,6,0.8333333333333334
2007-08-01,39,5,6,0.8333333333333334
2007-08-01,40,5,6,0.8333333333333334
2007-08-01,41,5,6,0.8333333333333334
2007-08-01,42,5,6,0.8333333333333334
2007-08-01,43,5,6,0.8333333333333334
2007-08-01,44,5,6,0.8333333333333334
2007-08-01,45,5,6,0.8333333333333334
2007-08-01,46,5,6,0.8333333333333334
2007-08-01,47,5,6,0.8333333333333334
2007-08-01,48,5,6,0.8333333333333334
2007-08-01,49,5,6,0.8333333333333334
2007-08-01,50,5,6,0.8333333333333334
2007-08-01,51,5,6,0.8333333333333334
2007-08-01,52,5,6,0.8333333333333334
2007-08-01,53,5,6,0.8333333333333334
2007-08-01,54,5,6,0.8333333333333334
2007-08-01,55,5,6,0.8333333333333334
2007-08-01,56,5,6,0.8333333333333334
2007-08-01,57,5,6,0.8333333333333334
2007-08-01,58,5,6,0.8333333333333334
2007-08-01,59,5,6,0.8333333333333334
2007-08-01,60,5,6,0.8333333333333334
2007-08-01,61,5,6,0.8333333333333334
2007-08-01,62,5,6,0.8333333333333334
2007-08-01,63,5,6,0.8333333333333334
2007-08-01,64,5,6,0.8333333333333334
2007-08-01,65,5,6,0.8333333333333334
2007-08-01,66,5,6,0.8333333333333334
2007-08-01,67,5,6,0.8333333333333334
2007-08-01,68,5,6,0.8333333333333334
2007-08-01,69,5,6,0.8333333333333334
2007-08-01,70,5,6,0.8333333333333334
2007-08-01,71,5,6,0.8333333333333334
2007-08-01,72,5,6,0.8333333333333334
2007-08-01,73,5,6,0.8333333333333334
2007-08-01,74,5,6,0.8333333333333334
2007-08-01,75,5,6,0.8333333333333334
2007-08-01,76,5,6,0.8333333333333334
2007-08-01,77,5,6,0.8333333333333334
2007-08-01,78,5,6,0.8333333333333334
2007-08-01,79,5,6,0.8333333333333334
2007-08-01,80,5,6,0.8333333333333334
2007-08-01,81,5,6,0.8333333333333334
2007-08-01,82,5,6,0.8333333333333334
2007-08-01,83,5,6,0.8333333333333334
2007-08-01,84,5,6,0.8333333333333334
2007-08-01,85,5,6,0.8333333333333334
2007-08-01,86,5,6,0.8333333333333334
2007-08-01,87,5,6,0.8333333333333334
2007-08-01,88,5,6,0.8333333333333334
2007-08-01,89,5,6,0.8333333333333334
2007-08-01,90,5,6,0.8333333333333334
2007-08-01,91,5,6,0.8333333333333334
2007-08-01,92,5,6,0.8333333333333334
2007-08-01,93,5,6,0.8333333333333334
2007-08-01,94,5,6,0.8333333333333334
2007-08-01,95,5,6,0.8333333333333334
2007-08-01,96,5,6,0.8333333333333334
2007-08-01,97,5,6,0.8333333333333334
2007-08-01,98,5,6,0.8333333333333334
2007-08-01,99,5,6,0.8333333333333334
2007-08-01,100,5,6,0.8333333333333334
2007-08-01,101,5,6,0.8333333333333334
2007-08-01,102,5,6,0.8333333333333334
2007-08-01,103,5,6,0.8333333333333334
2007-08-01,104,5,6,0.8333333333333334
2007-08-01,105,5,6,0.8333333333333334
2007-08-01,106,5,6,0.8333333333333334
2007-08-01,107,5,6,0.8333333333333334
2007-08-01,108,5,6,0.8333333333333334
2007-08-01,109,5,6,0.8333333333333334
2007-08-01,110,5,6,0.8333333333333334
2007-08-01,111,5,6,0.8333333333333334
2007-08-01,112,5,6,0.8333333333333334
2007-08-01,113,5,6,0.8333333333333334
2007-08-01,114,5,6,0.8333333333333334
2007-08-01,115,5,6,0.8333333333333334
2007-08-01,116,5,6,0.8333333333333334
2007-08-01,117,5,6,0.8333333333333334
2007-08-01,118,5,6,0.8333333333333334
2007-08-01,119,5,6,0.8333333333333334
2007-08-01,120,5,6,0.8333333333333334
2007-08-01,121,5,6,0.8333333333333334
2007-08-01,122,5,6,0.8333333333333334
2007-08-01,123,5,6,0.8333333333333334
2007-08-01,124,5,6,0.8333333333333334
2007-08-01,125,5,6,0.8333333333333334
2007-08-01,126,5,6,0.8333333333333334
2007-08-01,127,5,6,0.8333333333333334
2007-08-01,128,5,6,0.8333333333333334
2007-08-01,129,5,6,0.8333333333333334
2007-08-01,130,5,6,0.8333333333333334
2007-08-01,131,5,6,0.8333333333333334
2007-08-01,132,5,6,0.8333333333333334
2007-08-01,133,5,6,0.8333333333333334
2007-08-01,134,5,6,0.8333333333333334
2007-08-01,135,5,6,0.8333333333333334
2007-08-01,136,5,6,0.8333333333333334
2007-08-01,137,5,6,0.8333333333333334
2007-08-01,138,5,6,0.8333333333333334
2007-08-01,139,5,6,0.8333333333333334
2007-08-01,140,5,6,0.8333333333333334
2007-08-01,141,5,6,0.8333333333333334
2007-08-01,142,5,6,0.8333333333333334
2007-08-01,143,5,6,0.8333333333333334
2007-08-01,144,5,6,0.8333333333333334
2007-08-01,145,5,6,0.8333333333333334
2007-08-01,146,5,6,0.8333333333333334
2007-09-01,28,3,6,0.5
2007-09-01,29,3,6,0.5
2007-09-01,30,3,6,0.5
2007-09-01,31,3,6,0.5
2007-09-01,32,3,6,0.5
2007-09-01,33,3,6,0.5
2007-09-01,34,3,6,0.5
2007-09-01,35,3,6,0.5
2007-09-01,36,3,6,0.5
2007-09-01,37,3,6,0.5
2007-09-01,38,3,6,0.5
2007-09-01,39,3,6,0.5
2007-09-01,40,3,6,0.5
2007-09-01,41,3,6,0.5
2007-09-01,42,3,6,0.5
2007-09-01,43,3,6,0.5
2007-09-01,44,3,6,0.5
2007-09-01,45,3,6,0.5
2007-09-01,46,3,6,0.5
2007-09-01,47,3,6,0.5
2007-09-01,48,3,6,0.5
2007-09-01,49,3,6,0.5
2007-09-01,50,3,6,0.5
2007-09-01,51,3,6,0.5
2007-09-01,52,3,6,0.5
2007-09-01,53,3,6,0.5
2007-09-01,54,3,6,0.5
2007-09-01,55,3,6,0.5
2007-09-01,56,3,6,0.5
2007-09-01,57,3,6,0.5
2007-09-01,58,3,6,0.5
2007-09-01,59,3,6,0.5
2007-09-01,60,3,6,0.5
2007-09-01,61,3,6,0.5
2007-09-01,62,3,6,0.5
2007-09-01,63,3,6,0.5
2007-09-01,64,3,6,0.5
2007-09-01,65,3,6,0.5
2007-09-01,66,3,6,0.5
2007-09-01,67,3,6,0.5
2007-09-01,68,3,6,0.5
2007-09-01,69,3,6,0.5
2007-09-01,70,3,6,0.5
2007-09-01,71,3,6,0.5
2007-09-01,72,3,6,0.5
2007-09-01,73,3,6,0.5
2007-09-01,74,3,6,0.5
2007-09-01,75,3,6,0.5
2007-09-01,76,3,6,0.5
2007-09-01,77,3,6,0.5
2007-09-01,78,3,6,0.5
2007-09-01,79,3,6,0.5
2007-09-01,80,3,6,0.5
2007-09-01,81,3,6,0.5
2007-09-01,82,3,6,0.5
2007-09-01,83,3,6,0.5
2007-09-01,84,3,6,0.5
2007-09-01,85,3,6,0.5
2007-09-01,86,3,6,0.5
2007-09-01,87,3,6,0.5
2007-09-01,88,3,6,0.5
2007-09-01,89,3,6,0.5
2007-09-01,90,3,6,0.5
2007-09-01,91,3,6,0.5
2007-09-01,92,3,6,0.5
2007-09-01,93,3,6,0.5
2007-09-01,94,3,6,0.5
2007-09-01,95,3,6,0.5
2007-09-01,96,3,6,0.5
2007-09-01,97,3,6,0.5
2007-09-01,98,3,6,0.5
2007-09-01,99,3,6,0.5
2007-09-01,100,3,6,0.5
2007-09-01,101,3,6,0.5
2007-09-01,102,3,6,0.5
2007-09-01,103,3,6,0.5
2007-09-01,104,3,6,0.5
2007-09-01,105,3,6,0.5
2007-09-01,106,3,6,0.5
2007-09-01,107,3,6,0.5
2007-09-01,108,3,6,0.5
2007-09-01,109,3,6,0.5
2007-09-01,110,3,6,0.5
2007-09-01,111,3,6,0.5
2007-09-01,112,3,6,0.5
2007-09-01,113,3,6,0.5
2007-09-01,114,3,6,0.5
2007-09-01,115,3,6,0.5
2007-09-01,116,3,6,0.5
2007-09-01,117,3,6,0.5
2007-09-01,118,3,6,0.5
2007-09-01,119,3,6,0.5
2007-09-01,120,3,6,0.5
2007-09-01,121,3,6,0.5
2007-09-01,122,3,6,0.5
2007-09-01,123,3,6,0.5
2007-09-01,124,3,6,0.5
2007-09-01,125,3,6,0.5
2007-09-01,126,3,6,0.5
2007-09-01,127,3,6,0.5
2007-09-01,128,3,6,0.5
2007-09-01,129,3,6,0.5
2007-09-01,130,3,6,0.5
2007-09-01,131,3,6,0.5
2007-09-01,132,3,6,0.5
2007-09-01,133,3,6,0.5
2007-09-01,134,3,6,0.5
2007-09-01,135,3,6,0.5
2007-09-01,136,3,6,0.5
2007-09-01,137,3,6,0.5
2007-09-01,138,3,6,0.5
2007-09-01,139,3,6,0.5
2007-09-01,140,3,6,0.5
2007-09-01,141,3,6,0.5
2007-09-01,142,3,6,0.5
2007-09-01,143,3,6,0.5
2007-09-01,144,3,6,0.5
2007-09-01,145,3,6,0.5
2007-10-01,27,3,6,0.5
2007-10-01,28,3,6,0.5
2007-10-01,29,3,6,0.5
2007-10-01,30,3,6,0.5
2007-10-01,31,3,6,0.5
2007-10-01,32,3,6,0.5
2007-10-01,33,3,6,0.5
2007-10-01,34,3,6,0.5
2007-10-01,35,3,6,0.5
2007-10-01,36,3,6,0.5
2007-10-01,37,3,6,0.5
2007-10-01,38,3,6,0.5
2007-10-01,39,3,6,0.5
2007-10-01,40,3,6,0.5
2007-10-01,41,3,6,0.5
2007-10-01,42,3,6,0.5
2007-10-01,43,3,6,0.5
2007-10-01,44,3,6,0.5
2007-10-01,45,3,6,0.5
2007-10-01,46,3,6,0.5
2007-10-01,47,3,6,0.5
2007-10-01,48,3,6,0.5
2007-10-01,49,3,6,0.5
2007-10-01,50,3,6,0.5
2007-10-01,51,3,6,0.5
2007-10-01,52,3,6,0.5
2007-10-01,53,3,6,0.5
2007-10-01,54,3,6,0.5
2007-10-01,55,3,6,0.5
2007-10-01,56,3,6,0.5
2007-10-01,57,3,6,0.5
2007-10-01,58,3,6,0.5
2007-10-01,59,3,6,0.5
2007-10-01,60,3,6,0.5
2007-10-01,61,3,6,0.5
2007-10-01,62,3,6,0.5
2007-10-01,63,3,6,0.5
2007-10-01,64,3,6,0.5
2007-10-01,65,3,6,0.5
2007-10-01,66,3,6,0.5
2007-10-01,67,3,6,0.5
2007-10-01,68,3,6,0.5
2007-10-01,69,3,6,0.5
2007-10-01,70,3,6,0.5
2007-10-01,71,3,6,0.5
2007-10-01,72,3,6,0.5
2007-10-01,73,3,6,0.5
2007-10-01,74,3,6,0.5
2007-10-01,75,3,6,0.5
2007-10-01,76,3,6,0.5
2007-10-01,77,3,6,0.5
2007-10-01,78,3,6,0.5
2007-10-01,79,3,6,0.5
2007-10-01,80,3,6,0.5
2007-10-01,81,3,6,0.5
2007-10-01,82,3,6,0.5
2007-10-01,83,3,6,0.5
2007-10-01,84,3,6,0.5
2007-10-01,85,3,6,0.5
2007-10-01,86,3,6,0.5
2007-10-01,87,3,6,0.5
2007-10-01,88,3,6,0.5
2007-10-01,89,3,6,0.5
2007-10-01,90,3,6,0.5
2007-10-01,91,3,6,0.5
2007-10-01,92,3,6,0.5
2007-10-01,93,3,6,0.5
2007-10-01,94,3,6,0.5
2007-10-01,95,3,6,0.5
2007-10-01,96,3,6,0.5
2007-10-01,97,3,6,0.5
2007-10-01,98,3,6,0.5
2007-10-01,99,3,6,0.5
2007-10-01,100,3,6,0.5
2007-10-01,101,3,6,0.5
2007-10-01,102,3,6,0.5
2007-10-01,103,3,6,0.5
2007-10-01,104,3,6,0.5
2007-10-01,105,3,6,0.5
2007-10-01,106,3,6,0.5
2007-10-01,107,3,6,0.5
2007-10-01,108,3,6,0.5
2007-10-01,109,3,6,0.5
2007-10-01,110,3,6,0.5
2007-10-01,111,3,6,0.5
2007-10-01,112,3,6,0.5
2007-10-01,113,3,6,0.5
2007-10-01,114,3,6,0.5
2007-10-01,115,3,6,0.5
2007-10-01,116,3,6,0.5
2007-10-01,117,3,6,0.5
2007-10-01,118,3,6,0.5
2007-10-01,119,3,6,0.5
2007-10-01,120,3,6,0.5
2007-10-01,121,3,6,0.5
2007-10-01,122,3,6,0.5
2007-10-01,123,3,6,0.5
2007-10-01,124,3,6,0.5
2007-10-01,125,3,6,0.5
2007-10-01,126,3,6,0.5
2007-10-01,127,3,6,0.5
2007-10-01,128,3,6,0.5
2007-10-01,129,3,6,0.5
2007-10-01,130,3,6,0.5
2007-10-01,131,3,6,0.5
2007-10-01,132,3,6,0.5
2007-10-01,133,3,6,0.5
2007-10-01,134,3,6,0.5
2007-10-01,135,3,6,0.5
2007-10-01,136,3,6,0.5
2007-10-01,137,3,6,0.5
2007-10-01,138,3,6,0.5
2007-10-01,139,3,6,0.5
2007-10-01,140,3,6,0.5
2007-10-01,141,3,6,0.5
2007-10-01,142,3,6,0.5
2007-10-01,143,3,6,0.5
2007-10-01,144,3,6,0.5
2007-11-01,26,9,13,0.6923076923076923
2007-11-01,27,9,13,0.6923076923076923
2007-11-01,28,9,13,0.6923076923076923
2007-11-01,29,9,13,0.6923076923076923
2007-11-01,30,9,13,0.6923076923076923
2007-11-01,31,9,13,0.6923076923076923
2007-11-01,32,9,13,0.6923076923076923
2007-11-01,33,9,13,0.6923076923076923
2007-11-01,34,9,13,0.6923076923076923
2007-11-01,35,9,13,0.6923076923076923
2007-11-01,36,9,13,0.6923076923076923
2007-11-01,37,9,13,0.6923076923076923
2007-11-01,38,9,13,0.6923076923076923
2007-11-01,39,9,13,0.6923076923076923
2007-11-01,40,9,13,0.6923076923076923
2007-11-01,41,9,13,0.6923076923076923
2007-11-01,42,9,13,0.6923076923076923
2007-11-01,43,9,13,0.6923076923076923
2007-11-01,44,9,13,0.6923076923076923
2007-11-01,45,9,13,0.6923076923076923
2007-11-01,46,9,13,0.6923076923076923
2007-11-01,47,9,13,0.6923076923076923
2007-11-01,48,9,13,0.6923076923076923
2007-11-01,49,9,13,0.6923076923076923
2007-11-01,50,9,13,0.6923076923076923
2007-11-01,51,9,13,0.6923076923076923
2007-11-01,52,9,13,0.6923076923076923
2007-11-01,53,9,13,0.6923076923076923
2007-11-01,54,9,13,0.6923076923076923
2007-11-01,55,9,13,0.6923076923076923
2007-11-01,56,9,13,0.6923076923076923
2007-11-01,57,9,13,0.6923076923076923
2007-11-01,58,9,13,0.6923076923076923
2007-11-01,59,9,13,0.6923076923076923
2007-11-01,60,9,13,0.6923076923076923
2007-11-01,61,9,13,0.6923076923076923
2007-11-01,62,9,13,0.6923076923076923
2007-11-01,63,9,13,0.6923076923076923
2007-11-01,64,9,13,0.6923076923076923
2007-11-01,65,9,13,0.6923076923076923
2007-11-01,66,9,13,0.6923076923076923
2007-11-01,67,9,13,0.6923076923076923
2007-11-01,68,9,13,0.6923076923076923
2007-11-01,69,9,13,0.6923076923076923
2007-11-01,70,9,13,0.6923076923076923
2007-11-01,71,9,13,0.6923076923076923
2007-11-01,72,9,13,0.6923076923076923
2007-11-01,73,9,13,0.6923076923076923
2007-11-01,74,9,13,0.6923076923076923
2007-11-01,75,9,13,0.6923076923076923
2007-11-01,76,9,13,0.6923076923076923
2007-11-01,77,9,13,0.6923076923076923
2007-11-01,78,9,13,0.6923076923076923
2007-11-01,79,9,13,0.6923076923076923
2007-11-01,80,9,13,0.6923076923076923
2007-11-01,81,9,13,0.6923076923076923
2007-11-01,82,9,13,0.6923076923076923
2007-11-01,83,9,13,0.6923076923076923
2007-11-01,84,9,13,0.6923076923076923
2007-11-01,85,9,13,0.6923076923076923
2007-11-01,86,9,13,0.6923076923076923
2007-11-01,87,9,13,0.6923076923076923
2007-11-01,88,9,13,0.6923076923076923
2007-11-01,89,9,13,0.6923076923076923
2007-11-01,90,9,13,0.6923076923076923
2007-11-01,91,9,13,0.6923076923076923
2007-11-01,92,9,13,0.6923076923076923
2007-11-01,93,9,13,0.6923076923076923
2007-11-01,94,9,13,0.6923076923076923
2007-11-01,95,9,13,0.6923076923076923
2007-11-01,96,9,13,0.6923076923076923
2007-11-01,97,9,13,0.6923076923076923
2007-11-01,98,9,13,0.6923076923076923
2007-11-01,99,9,13,0.6923076923076923
2007-11-01,100,9,13,0.6923076923076923
2007-11-01,101,9,13,0.6923076923076923
2007-11-01,102,9,13,0.6923076923076923
2007-11-01,103,9,13,0.6923076923076923
2007-11-01,104,9,13,0.6923076923076923
2007-11-01,105,9,13,0.6923076923076923
2007-11-01,106,9,13,0.6923076923076923
2007-11-01,107,9,13,0.6923076923076923
2007-11-01,108,9,13,0.6923076923076923
2007-11-01,109,9,13,0.6923076923076923
2007-11-01,110,9,13,0.6923076923076923
2007-11-01,111,9,13,0.6923076923076923
2007-11-01,112,9,13,0.6923076923076923
2007-11-01,113,9,13,0.6923076923076923
2007-11-01,114,9,13,0.6923076923076923
2007-11-01,115,9,13,0.6923076923076923
2007-11-01,116,9,13,0.6923076923076923
2007-11-01,117,9,13,0.6923076923076923
2007-11-01,118,9,13,0.6923076923076923
2007-11-01,119,9,13,0.6923076923076923
2007-11-01,120,9,13,0.6923076923076923
2007-11-01,121,9,13,0.6923076923076923
2007-11-01,122,9,13,0.6923076923076923
2007-11-01,123,9,13,0.6923076923076923
2007-11-01,124,9,13,0.6923076923076923
2007-11-01,125,9,13,0.6923076923076923
2007-11-01,126,9,13,0.6923076923076923
2007-11-01,127,9,13,0.6923076923076923
2007-11-01,128,9,13,0.6923076923076923
2007-11-01,129,9,13,0.6923076923076923
2007-11-01,130,9,13,0.6923076923076923
2007-11-01,131,9,13,0.6923076923076923
2007-11-01,132,9,13,0.6923076923076923
2007-11-01,133,9,13,0.6923076923076923
2007-11-01,134,9,13,0.6923076923076923
2007-11-01,135,9,13,0.6923076923076923
2007-11-01,136,9,13,0.6923076923076923
2007-11-01,137,9,13,0.6923076923076923
2007-11-01,138,9,13,0.6923076923076923
2007-11-01,139,9,13,0.6923076923076923
2007-11-01,140,9,13,0.6923076923076923
2007-11-01,141,9,13,0.6923076923076923
2007-11-01,142,9,13,0.6923076923076923
2007-11-01,143,9,13,0.6923076923076923
2007-12-01,25,12,16,0.75
2007-12-01,26,12,16,0.75
2007-12-01,27,12,16,0.75
2007-12-01,28,12,16,0.75
2007-12-01,29,12,16,0.75
2007-12-01,30,12,16,0.75
2007-12-01,31,12,16,0.75
2007-12-01,32,12,16,0.75
2007-12-01,33,12,16,0.75
2007-12-01,34,12,16,0.75
2007-12-01,35,12,16,0.75
2007-12-01,36,12,16,0.75
2007-12-01,37,12,16,0.75
2007-12-01,38,12,16,0.75
2007-12-01,39,12,16,0.75
2007-12-01,40,12,16,0.75
2007-12-01,41,12,16,0.75
2007-12-01,42,11,16,0.6875
2007-12-01,43,11,16,0.6875
2007-12-01,44,11,16,0.6875
2007-12-01,45,11,16,0.6875
2007-12-01,46,11,16,0.6875
2007-12-01,47,11,16,0.6875
2007-12-01,48,11,16,0.6875
2007-12-01,49,11,16,0.6875
2007-12-01,50,11,16,0.6875
2007-12-01,51,11,16,0.6875
2007-12-01,52,11,16,0.6875
2007-12-01,53,11,16,0.6875
2007-12-01,54,11,16,0.6875
2007-12-01,55,11,16,0.6875
2007-12-01,56,11,16,0.6875
2007-12-01,57,11,16,0.6875
2007-12-01,58,11,16,0.6875
2007-12-01,59,11,16,0.6875
2007-12-01,60,11,16,0.6875
2007-12-01,61,11,16,0.6875
2007-12-01,62,11,16,0.6875
2007-12-01,63,11,16,0.6875
2007-12-01,64,11,16,0.6875
2007-12-01,65,11,16,0.6875
2007-12-01,66,11,16,0.6875
2007-12-01,67,11,16,0.6875
2007-12-01,68,11,16,0.6875
2007-12-01,69,11,16,0.6875
2007-12-01,70,11,16,0.6875
2007-12-01,71,11,16,0.6875
2007-12-01,72,11,16,0.6875
2007-12-01,73,11,16,0.6875
2007-12-01,74,11,16,0.6875
2007-12-01,75,11,16,0.6875
2007-12-01,76,11,16,0.6875
2007-12-01,77,11,16,0.6875
2007-12-01,78,11,16,0.6875
2007-12-01,79,11,16,0.6875
2007-12-01,80,11,16,0.6875
2007-12-01,81,11,16,0.6875
2007-12-01,82,11,16,0.6875
2007-12-01,83,11,16,0.6875
2007-12-01,84,11,16,0.6875
2007-12-01,85,11,16,0.6875
2007-12-01,86,11,16,0.6875
2007-12-01,87,11,16,0.6875
2007-12-01,88,11,16,0.6875
2007-12-01,89,11,16,0.6875
2007-12-01,90,11,16,0.6875
2007-12-01,91,11,16,0.6875
2007-12-01,92,11,16,0.6875
2007-12-01,93,11,16,0.6875
2007-12-01,94,11,16,0.6875
2007-12-01,95,11,16,0.6875
2007-12-01,96,11,16,0.6875
2007-12-01,97,11,16,0.6875
2007-12-01,98,11,16,0.6875
2007-12-01,99,11,16,0.6875
2007-12-01,100,11,16,0.6875
2007-12-01,101,11,16,0.6875
2007-12-01,102,11,16,0.6875
2007-12-01,103,11,16,0.6875
2007-12-01,104,11,16,0.6875
2007-12-01,105,11,16,0.6875
2007-12-01,106,10,16,0.625
2007-12-01,107,10,16,0.625
2007-12-01,108,10,16,0.625
2007-12-01,109,10,16,0.625
2007-12-01,110,10,16,0.625
2007-12-01,111,10,16,0.625
2007-12-01,112,10,16,0.625
2007-12-01,113,10,16,0.625
2007-12-01,114,10,16,0.625
2007-12-01,115,10,16,0.625
2007-12-01,116,10,16,0.625
2007-12-01,117,10,16,0.625
2007-12-01,118,10,16,0.625
2007-12-01,119,10,16,0.625
2007-12-01,120,10,16,0.625
2007-12-01,121,10,16,0.625
2007-12-01,122,10,16,0.625
2007-12-01,123,10,16,0.625
2007-12-01,124,10,16,0.625
2007-12-01,125,10,16,0.625
2007-12-01,126,10,16,0.625
2007-12-01,127,10,16,0.625
2007-12-01,128,10,16,0.625
2007-12-01,129,10,16,0.625
2007-12-01,130,10,16,0.625
2007-12-01,131,10,16,0.625
2007-12-01,132,10,16,0.625
2007-12-01,133,10,16,0.625
2007-12-01,134,10,16,0.625
2007-12-01,135,11,16,0.6875
2007-12-01,136,11,16,0.6875
2007-12-01,137,11,16,0.6875
2007-12-01,138,11,16,0.6875
2007-12-01,139,11,16,0.6875
2007-12-01,140,11,16,0.6875
2007-12-01,141,11,16,0.6875
2007-12-01,142,11,16,0.6875
2008-01-01,24,9,11,0.8181818181818182
2008-01-01,25,9,11,0.8181818181818182
2008-01-01,26,9,11,0.8181818181818182
2008-01-01,27,9,11,0.8181818181818182
2008-01-01,28,9,11,0.8181818181818182
2008-01-01,29,9,11,0.8181818181818182
2008-01-01,30,9,11,0.8181818181818182
2008-01-01,31,9,11,0.8181818181818182
2008-01-01,32,9,11,0.8181818181818182
2008-01-01,33,9,11,0.8181818181818182
2008-01-01,34,9,11,0.8181818181818182
2008-01-01,35,9,11,0.8181818181818182
2008-01-01,36,9,11,0.8181818181818182
2008-01-01,37,9,11,0.8181818181818182
2008-01-01,38,9,11,0.8181818181818182
2008-01-01,39,9,11,0.8181818181818182
2008-01-01,40,9,11,0.8181818181818182
2008-01-01,41,9,11,0.8181818181818182
2008-01-01,42,9,11,0.8181818181818182
2008-01-01,43,9,11,0.8181818181818182
2008-01-01,44,9,11,0.8181818181818182
2008-01-01,45,9,11,0.8181818181818182
2008-01-01,46,9,11,0.8181818181818182
2008-01-01,47,9,11,0.8181818181818182
2008-01-01,48,9,11,0.8181818181818182
2008-01-01,49,9,11,0.8181818181818182
2008-01-01,50,9,11,0.8181818181818182
2008-01-01,51,9,11,0.8181818181818182
2008-01-01,52,9,11,0.8181818181818182
2008-01-01,53,9,11,0.8181818181818182
2008-01-01,54,9,11,0.8181818181818182
2008-01-01,55,9,11,0.8181818181818182
2008-01-01,56,9,11,0.8181818181818182
2008-01-01,57,9,11,0.8181818181818182
2008-01-01,58,9,11,0.8181818181818182
2008-01-01,59,9,11,0.8181818181818182
2008-01-01,60,9,11,0.8181818181818182
2008-01-01,61,9,11,0.8181818181818182
2008-01-01,62,9,11,0.8181818181818182
2008-01-01,63,9,11,0.8181818181818182
2008-01-01,64,9,11,0.8181818181818182
2008-01-01,65,9,11,0.8181818181818182
2008-01-01,66,9,11,0.8181818181818182
2008-01-01,67,9,11,0.8181818181818182
2008-01-01,68,9,11,0.8181818181818182
2008-01-01,69,8,11,0.7272727272727273
2008-01-01,70,8,11,0.7272727272727273
2008-01-01,71,8,11,0.7272727272727273
2008-01-01,72,8,11,0.7272727272727273
2008-01-01,73,8,11,0.7272727272727273
2008-01-01,74,8,11,0.7272727272727273
2008-01-01,75,8,11,0.7272727272727273
2008-01-01,76,8,11,0.7272727272727273
2008-01-01,77,8,11,0.7272727272727273
2008-01-01,78,8,11,0.7272727272727273
2008-01-01,79,8,11,0.7272727272727273
2008-01-01,80,8,11,0.7272727272727273
2008-01-01,81,8,11,0.7272727272727273
2008-01-01,82,8,11,0.7272727272727273
2008-01-01,83,8,11,0.7272727272727273
2008-01-01,84,8,11,0.7272727272727273
2008-01-01,85,8,11,0.7272727272727273
2008-01-01,86,8,11,0.7272727272727273
2008-01-01,87,8,11,0.7272727272727273
2008-01-01,88,8,11,0.7272727272727273
2008-01-01,89,8,11,0.7272727272727273
2008-01-01,90,8,11,0.7272727272727273
2008-01-01,91,8,11,0.7272727272727273
2008-01-01,92,8,11,0.7272727272727273
2008-01-01,93,8,11,0.7272727272727273
2008-01-01,94,8,11,0.7272727272727273
2008-01-01,95,8,11,0.7272727272727273
2008-01-01,96,8,11,0.7272727272727273
2008-01-01,97,8,11,0.7272727272727273
2008-01-01,98,8,11,0.7272727272727273
2008-01-01,99,8,11,0.7272727272727273
2008-01-01,100,8,11,0.7272727272727273
2008-01-01,101,8,11,0.7272727272727273
2008-01-01,102,8,11,0.7272727272727273
2008-01-01,103,8,11,0.7272727272727273
2008-01-01,104,8,11,0.7272727272727273
2008-01-01,105,8,11,0.7272727272727273
2008-01-01,106,8,11,0.7272727272727273
2008-01-01,107,8,11,0.7272727272727273
2008-01-01,108,8,11,0.7272727272727273
2008-01-01,109,8,11,0.7272727272727273
2008-01-01,110,8,11,0.7272727272727273
2008-01-01,111,8,11,0.7272727272727273
2008-01-01,112,8,11,0.7272727272727273
2008-01-01,113,8,11,0.7272727272727273
2008-01-01,114,8,11,0.7272727272727273
2008-01-01,115,8,11,0.7272727272727273
2008-01-01,116,8,11,0.7272727272727273
2008-01-01,117,8,11,0.7272727272727273
2008-01-01,118,8,11,0.7272727272727273
2008-01-01,119,8,11,0.7272727272727273
2008-01-01,120,8,11,0.7272727272727273
2008-01-01,121,8,11,0.7272727272727273
2008-01-01,122,8,11,0.7272727272727273
2008-01-01,123,8,11,0.7272727272727273
2008-01-01,124,8,11,0.7272727272727273
2008-01-01,125,8,11,0.7272727272727273
2008-01-01,126,8,11,0.7272727272727273
2008-01-01,127,8,11,0.7272727272727273
2008-01-01,128,8,11,0.7272727272727273
2008-01-01,129,8,11,0.7272727272727273
2008-01-01,130,8,11,0.7272727272727273
2008-01-01,131,8,11,0.7272727272727273
2008-01-01,132,8,11,0.7272727272727273
2008-01-01,133,8,11,0.7272727272727273
2008-01-01,134,8,11,0.7272727272727273
2008-01-01,135,8,11,0.7272727272727273
2008-01-01,136,8,11,0.7272727272727273
2008-01-01,137,8,11,0.7272727272727273
2008-01-01,138,8,11,0.7272727272727273
2008-01-01,139,8,11,0.7272727272727273
2008-01-01,140,8,11,0.7272727272727273
2008-01-01,141,8,11,0.7272727272727273
2008-02-01,23,7,7,1.0
2008-02-01,24,7,7,1.0
2008-02-01,25,7,7,1.0
2008-02-01,26,7,7,1.0
2008-02-01,27,7,7,1.0
2008-02-01,28,7,7,1.0
2008-02-01,29,7,7,1.0
2008-02-01,30,7,7,1.0
2008-02-01,31,7,7,1.0
2008-02-01,32,7,7,1.0
2008-02-01,33,7,7,1.0
2008-02-01,34,7,7,1.0
2008-02-01,35,7,7,1.0
2008-02-01,36,7,7,1.0
2008-02-01,37,7,7,1.0
2008-02-01,38,7,7,1.0
2008-02-01,39,7,7,1.0
2008-02-01,40,7,7,1.0
2008-02-01,41,7,7,1.0
2008-02-01,42,7,7,1.0
2008-02-01,43,7,7,1.0
2008-02-01,44,7,7,1.0
2008-02-01,45,7,7,1.0
2008-02-01,46,7,7,1.0
2008-02-01,47,7,7,1.0
2008-02-01,48,7,7,1.0
2008-02-01,49,7,7,1.0
2008-02-01,50,7,7,1.0
2008-02-01,51,7,7,1.0
2008-02-01,52,7,7,1.0
2008-02-01,53,7,7,1.0
2008-02-01,54,7,7,1.0
2008-02-01,55,7,7,1.0
2008-02-01,56,7,7,1.0
2008-02-01,57,7,7,1.0
2008-02-01,58,7,7,1.0
2008-02-01,59,7,7,1.0
2008-02-01,60,7,7,1.0
2008-02-01,61,7,7,1.0
2008-02-01,62,7,7,1.0
2008-02-01,63,7,7,1.0
2008-02-01,64,7,7,1.0
2008-02-01,65,7,7,1.0
2008-02-01,66,7,7,1.0
2008-02-01,67,7,7,1.0
2008-02-01,68,7,7,1.0
2008-02-01,69,7,7,1.0
2008-02-01,70,7,7,1.0
2008-02-01,71,7,7,1.0
2008-02-01,72,7,7,1.0
2008-02-01,73,7,7,1.0
2008-02-01,74,7,7,1.0
2008-02-01,75,7,7,1.0
2008-02-01,76,7,7,1.0
2008-02-01,77,7,7,1.0
2008-02-01,78,7,7,1.0
2008-02-01,79,7,7,1.0
2008-02-01,80,7,7,1.0
2008-02-01,81,7,7,1.0
2008-02-01,82,7,7,1.0
2008-02-01,83,7,7,1.0
2008-02-01,84,7,7,1.0
2008-02-01,85,7,7,1.0
2008-02-01,86,7,7,1.0
2008-02-01,87,7,7,1.0
2008-02-01,88,7,7,1.0
2008-02-01,89,7,7,1.0
2008-02-01,90,7,7,1.0
2008-02-01,91,7,7,1.0
2008-02-01,92,7,7,1.0
2008-02-01,93,7,7,1.0
2008-02-01,94,7,7,1.0
2008-02-01,95,7,7,1.0
2008-02-01,96,7,7,1.0
2008-02-01,97,7,7,1.0
2008-02-01,98,7,7,1.0
2008-02-01,99,7,7,1.0
2008-02-01,100,7,7,1.0
2008-02-01,101,7,7,1.0
2008-02-01,102,7,7,1.0
2008-02-01,103,7,7,1.0
2008-02-01,104,7,7,1.0
2008-02-01,105,7,7,1.0
2008-02-01,106,7,7,1.0
2008-02-01,107,7,7,1.0
2008-02-01,108,7,7,1.0
2008-02-01,109,7,7,1.0
2008-02-01,110,7,7,1.0
2008-02-01,111,7,7,1.0
2008-02-01,112,7,7,1.0
2008-02-01,113,7,7,1.0
2008-02-01,114,7,7,1.0
2008-02-01,115,7,7,1.0
2008-02-01,116,7,7,1.0
2008-02-01,117,7,7,1.0
2008-02-01,118,7,7,1.0
2008-02-01,119,7,7,1.0
2008-02-01,120,7,7,1.0
2008-02-01,121,7,7,1.0
2008-02-01,122,7,7,1.0
2008-02-01,123,7,7,1.0
2008-02-01,124,7,7,1.0
2008-02-01,125,7,7,1.0
2008-02-01,126,7,7,1.0
2008-02-01,127,7,7,1.0
2008-02-01,128,7,7,1.0
2008-02-01,129,7,7,1.0
2008-02-01,130,7,7,1.0
2008-02-01,131,7,7,1.0
2008-02-01,132,7,7,1.0
2008-02-01,133,7,7,1.0
2008-02-01,134,7,7,1.0
2008-02-01,135,7,7,1.0
2008-02-01,136,7,7,1.0
2008-02-01,137,7,7,1.0
2008-02-01,138,7,7,1.0
2008-02-01,139,7,7,1.0
2008-02-01,140,6,7,0.8571428571428571
2008-03-01,22,8,10,0.8
2008-03-01,23,8,10,0.8
2008-03-01,24,8,10,0.8
2008-03-01,25,8,10,0.8
2008-03-01,26,8,10,0.8
2008-03-01,27,8,10,0.8
2008-03-01,28,8,10,0.8
2008-03-01,29,8,10,0.8
2008-03-01,30,8,10,0.8
2008-03-01,31,8,10,0.8
2008-03-01,32,8,10,0.8
2008-03-01,33,8,10,0.8
2008-03-01,34,8,10,0.8
2008-03-01,35,8,10,0.8
2008-03-01,36,8,10,0.8
2008-03-01,37,8,10,0.8
2008-03-01,38,8,10,0.8
2008-03-01,39,8,10,0.8
2008-03-01,40,8,10,0.8
2008-03-01,41,8,10,0.8
2008-03-01,42,8,10,0.8
2008-03-01,43,8,10,0.8
2008-03-01,44,8,10,0.8
2008-03-01,45,8,10,0.8
2008-03-01,46,8,10,0.8
2008-03-01,47,8,10,0.8
2008-03-01,48,8,10,0.8
2008-03-01,49,8,10,0.8
2008-03-01,50,8,10,0.8
2008-03-01,51,8,10,0.8
2008-03-01,52,8,10,0.8
2008-03-01,53,8,10,0.8
2008-03-01,54,8,10,0.8
2008-03-01,55,8,10,0.8
2008-03-01,56,8,10,0.8
2008-03-01,57,8,10,0.8
2008-03-01,58,8,10,0.8
2008-03-01,59,8,10,0.8
2008-03-01,60,8,10,0.8
2008-03-01,61,8,10,0.8
2008-03-01,62,8,10,0.8
2008-03-01,63,8,10,0.8
2008-03-01,64,8,10,0.8
2008-03-01,65,8,10,0.8
2008-03-01,66,8,10,0.8
2008-03-01,67,8,10,0.8
2008-03-01,68,8,10,0.8
2008-03-01,69,8,10,0.8
2008-03-01,70,8,10,0.8
2008-03-01,71,8,10,0.8
2008-03-01,72,8,10,0.8
2008-03-01,73,8,10,0.8
2008-03-01,74,8,10,0.8
2008-03-01,75,8,10,0.8
2008-03-01,76,8,10,0.8
2008-03-01,77,8,10,0.8
2008-03-01,78,8,10,0.8
2008-03-01,79,8,10,0.8
2008-03-01,80,8,10,0.8
2008-03-01,81,8,10,0.8
2008-03-01,82,8,10,0.8
2008-03-01,83,8,10,0.8
2008-03-01,84,8,10,0.8
2008-03-01,85,8,10,0.8
2008-03-01,86,8,10,0.8
2008-03-01,87,8,10,0.8
2008-03-01,88,8,10,0.8
2008-03-01,89,8,10,0.8
2008-03-01,90,8,10,0.8
2008-03-01,91,8,10,0.8
2008-03-01,92,8,10,0.8
2008-03-01,93,8,10,0.8
2008-03-01,94,8,10,0.8
2008-03-01,95,8,10,0.8
2008-03-01,96,8,10,0.8
2008-03-01,97,8,10,0.8
2008-03-01,98,8,10,0.8
2008-03-01,99,8,10,0.8
2008-03-01,100,8,10,0.8
2008-03-01,101,8,10,0.8
2008-03-01,102,8,10,0.8
2008-03-01,103,8,10,0.8
2008-03-01,104,8,10,0.8
2008-03-01,105,8,10,0.8
2008-03-01,106,8,10,0.8
2008-03-01,107,8,10,0.8
2008-03-01,108,8,10,0.8
2008-03-01,109,8,10,0.8
2008-03-01,110,8,10,0.8
2008-03-01,111,7,10,0.7
2008-03-01,112,7,10,0.7
2008-03-01,113,7,10,0.7
2008-03-01,114,7,10,0.7
2008-03-01,115,7,10,0.7
2008-03-01,116,7,10,0.7
2008-03-01,117,7,10,0.7
2008-03-01,118,7,10,0.7
2008-03-01,119,7,10,0.7
2008-03-01,120,7,10,0.7
2008-03-01,121,7,10,0.7
2008-03-01,122,7,10,0.7
2008-03-01,123,7,10,0.7
2008-03-01,124,7,10,0.7
2008-03-01,125,7,10,0.7
2008-03-01,126,7,10,0.7
2008-03-01,127,7,10,0.7
2008-03-01,128,7,10,0.7
2008-03-01,129,7,10,0.7
2008-03-01,130,7,10,0.7
2008-03-01,131,7,10,0.7
2008-03-01,132,7,10,0.7
2008-03-01,133,7,10,0.7
2008-03-01,134,7,10,0.7
2008-03-01,135,7,10,0.7
2008-03-01,136,7,10,0.7
2008-03-01,137,7,10,0.7
2008-03-01,138,7,10,0.7
2008-03-01,139,7,10,0.7
2008-04-01,21,11,15,0.7333333333333333
2008-04-01,22,11,15,0.7333333333333333
2008-04-01,23,11,15,0.7333333333333333
2008-04-01,24,11,15,0.7333333333333333
2008-04-01,25,11,15,0.7333333333333333
2008-04-01,26,11,15,0.7333333333333333
2008-04-01,27,11,15,0.7333333333333333
2008-04-01,28,11,15,0.7333333333333333
2008-04-01,29,11,15,0.7333333333333333
2008-04-01,30,11,15,0.7333333333333333
2008-04-01,31,11,15,0.7333333333333333
2008-04-01,32,11,15,0.7333333333333333
2008-04-01,33,11,15,0.7333333333333333
2008-04-01,34,11,15,0.7333333333333333
2008-04-01,35,11,15,0.7333333333333333
2008-04-01,36,11,15,0.7333333333333333
2008-04-01,37,11,15,0.7333333333333333
2008-04-01,38,11,15,0.7333333333333333
2008-04-01,39,11,15,0.7333333333333333
2008-04-01,40,11,15,0.7333333333333333
2008-04-01,41,11,15,0.7333333333333333
2008-04-01,42,11,15,0.7333333333333333
2008-04-01,43,11,15,0.7333333333333333
2008-04-01,44,11,15,0.7333333333333333
2008-04-01,45,11,15,0.7333333333333333
2008-04-01,46,11,15,0.7333333333333333
2008-04-01,47,11,15,0.7333333333333333
2008-04-01,48,11,15,0.7333333333333333
2008-04-01,49,11,15,0.7333333333333333
2008-04-01,50,11,15,0.7333333333333333
2008-04-01,51,11,15,0.7333333333333333
2008-04-01,52,11,15,0.7333333333333333
2008-04-01,53,11,15,0.7333333333333333
2008-04-01,54,11,15,0.7333333333333333
2008-04-01,55,11,15,0.7333333333333333
2008-04-01,56,11,15,0.7333333333333333
2008-04-01,57,11,15,0.7333333333333333
2008-04-01,58,11,15,0.7333333333333333
2008-04-01,59,11,15,0.7333333333333333
2008-04-01,60,11,15,0.7333333333333333
2008-04-01,61,11,15,0.7333333333333333
2008-04-01,62,11,15,0.7333333333333333
2008-04-01,63,11,15,0.7333333333333333
2008-04-01,64,11,15,0.7333333333333333
2008-04-01,65,11,15,0.7333333333333333
2008-04-01,66,11,15,0.7333333333333333
2008-04-01,67,11,15,0.7333333333333333
2008-04-01,68,11,15,0.7333333333333333
2008-04-01,69,11,15,0.7333333333333333
2008-04-01,70,11,15,0.7333333333333333
2008-04-01,71,11,15,0.7333333333333333
2008-04-01,72,11,15,0.7333333333333333
2008-04-01,73,11,15,0.7333333333333333
2008-04-01,74,11,15,0.7333333333333333
2008-04-01,75,11,15,0.7333333333333333
2008-04-01,76,11,15,0.7333333333333333
2008-04-01,77,11,15,0.7333333333333333
2008-04-01,78,11,15,0.7333333333333333
2008-04-01,79,11,15,0.7333333333333333
2008-04-01,80,11,15,0.7333333333333333
2008-04-01,81,11,15,0.7333333333333333
2008-04-01,82,11,15,0.7333333333333333
2008-04-01,83,11,15,0.7333333333333333
2008-04-01,84,11,15,0.7333333333333333
2008-04-01,85,11,15,0.7333333333333333
2008-04-01,86,11,15,0.7333333333333333
2008-04-01,87,11,15,0.7333333333333333
2008-04-01,88,11,15,0.7333333333333333
2008-04-01,89,11,15,0.7333333333333333
2008-04-01,90,11,15,0.7333333333333333
2008-04-01,91,11,15,0.7333333333333333
2008-04-01,92,11,15,0.7333333333333333
2008-04-01,93,11,15,0.7333333333333333
2008-04-01,94,11,15,0.7333333333333333
2008-04-01,95,11,15,0.7333333333333333
2008-04-01,96,11,15,0.7333333333333333
2008-04-01,97,11,15,0.7333333333333333
2008-04-01,98,11,15,0.7333333333333333
2008-04-01,99,11,15,0.7333333333333333
2008-04-01,100,11,15,0.7333333333333333
2008-04-01,101,11,15,0.7333333333333333
2008-04-01,102,11,15,0.7333333333333333
2008-04-01,103,11,15,0.7333333333333333
2008-04-01,104,11,15,0.7333333333333333
2008-04-01,105,11,15,0.7333333333333333
2008-04-01,106,11,15,0.7333333333333333
2008-04-01,107,11,15,0.7333333333333333
2008-04-01,108,11,15,0.7333333333333333
2008-04-01,109,11,15,0.7333333333333333
2008-04-01,110,11,15,0.7333333333333333
2008-04-01,111,11,15,0.7333333333333333
2008-04-01,112,11,15,0.7333333333333333
2008-04-01,113,11,15,0.7333333333333333
2008-04-01,114,11,15,0.7333333333333333
2008-04-01,115,11,15,0.7333333333333333
2008-04-01,116,11,15,0.7333333333333333
2008-04-01,117,11,15,0.7333333333333333
2008-04-01,118,11,15,0.7333333333333333
2008-04-01,119,11,15,0.7333333333333333
2008-04-01,120,11,15,0.7333333333333333
2008-04-01,121,11,15,0.7333333333333333
2008-04-01,122,11,15,0.7333333333333333
2008-04-01,123,11,15,0.7333333333333333
2008-04-01,124,11,15,0.7333333333333333
2008-04-01,125,11,15,0.7333333333333333
2008-04-01,126,11,15,0.7333333333333333
2008-04-01,127,11,15,0.7333333333333333
2008-04-01,128,11,15,0.7333333333333333
2008-04-01,129,11,15,0.7333333333333333
2008-04-01,130,11,15,0.7333333333333333
2008-04-01,131,11,15,0.7333333333333333
2008-04-01,132,11,15,0.7333333333333333
2008-04-01,133,11,15,0.7333333333333333
2008-04-01,134,11,15,0.7333333333333333
2008-04-01,135,11,15,0.7333333333333333
2008-04-01,136,11,15,0.7333333333333333
2008-04-01,137,11,15,0.7333333333333333
2008-04-01,138,11,15,0.7333333333333333
2008-05-01,20,10,16,0.625
2008-05-01,21,10,16,0.625
2008-05-01,22,10,16,0.625
2008-05-01,23,10,16,0.625
2008-05-01,24,10,16,0.625
2008-05-01,25,10,16,0.625
2008-05-01,26,10,16,0.625
2008-05-01,27,10,16,0.625
2008-05-01,28,10,16,0.625
2008-05-01,29,10,16,0.625
2008-05-01,30,10,16,0.625
2008-05-01,31,10,16,0.625
2008-05-01,32,10,16,0.625
2008-05-01,33,10,16,0.625
2008-05-01,34,10,16,0.625
2008-05-01,35,10,16,0.625
2008-05-01,36,10,16,0.625
2008-05-01,37,10,16,0.625
2008-05-01,38,10,16,0.625
2008-05-01,39,10,16,0.625
2008-05-01,40,10,16,0.625
2008-05-01,41,10,16,0.625
2008-05-01,42,10,16,0.625
2008-05-01,43,10,16,0.625
2008-05-01,44,10,16,0.625
2008-05-01,45,10,16,0.625
2008-05-01,46,10,16,0.625
2008-05-01,47,10,16,0.625
2008-05-01,48,10,16,0.625
2008-05-01,49,10,16,0.625
2008-05-01,50,10,16,0.625
2008-05-01,51,10,16,0.625
2008-05-01,52,10,16,0.625
2008-05-01,53,10,16,0.625
2008-05-01,54,10,16,0.625
2008-05-01,55,10,16,0.625
2008-05-01,56,10,16,0.625
2008-05-01,57,10,16,0.625
2008-05-01,58,10,16,0.625
2008-05-01,59,10,16,0.625
2008-05-01,60,10,16,0.625
2008-05-01,61,10,16,0.625
2008-05-01,62,10,16,0.625
2008-05-01,63,10,16,0.625
2008-05-01,64,10,16,0.625
2008-05-01,65,10,16,0.625
2008-05-01,66,10,16,0.625
2008-05-01,67,10,16,0.625
2008-05-01,68,10,16,0.625
2008-05-01,69,10,16,0.625
2008-05-01,70,10,16,0.625
2008-05-01,71,10,16,0.625
2008-05-01,72,10,16,0.625
2008-05-01,73,10,16,0.625
2008-05-01,74,10,16,0.625
2008-05-01,75,10,16,0.625
2008-05-01,76,10,16,0.625
2008-05-01,77,10,16,0.625
2008-05-01,78,10,16,0.625
2008-05-01,79,10,16,0.625
2008-05-01,80,10,16,0.625
2008-05-01,81,10,16,0.625
2008-05-01,82,10,16,0.625
2008-05-01,83,10,16,0.625
2008-05-01,84,10,16,0.625
2008-05-01,85,10,16,0.625
2008-05-01,86,10,16,0.625
2008-05-01,87,10,16,0.625
2008-05-01,88,10,16,0.625
2008-05-01,89,10,16,0.625
2008-05-01,90,10,16,0.625
2008-05-01,91,10,16,0.625
2008-05-01,92,10,16,0.625
2008-05-01,93,10,16,0.625
2008-05-01,94,10,16,0.625
2008-05-01,95,10,16,0.625
2008-05-01,96,10,16,0.625
2008-05-01,97,10,16,0.625
2008-05-01,98,10,16,0.625
2008-05-01,99,10,16,0.625
2008-05-01,100,10,16,0.625
2008-05-01,101,10,16,0.625
2008-05-01,102,10,16,0.625
2008-05-01,103,10,16,0.625
2008-05-01,104,10,16,0.625
2008-05-01,105,10,16,0.625
2008-05-01,106,10,16,0.625
2008-05-01,107,10,16,0.625
2008-05-01,108,10,16,0.625
2008-05-01,109,10,16,0.625
2008-05-01,110,10,16,0.625
2008-05-01,111,10,16,0.625
2008-05-01,112,10,16,0.625
2008-05-01,113,10,16,0.625
2008-05-01,114,10,16,0.625
2008-05-01,115,10,16,0.625
2008-05-01,116,10,16,0.625
2008-05-01,117,10,16,0.625
2008-05-01,118,10,16,0.625
2008-05-01,119,10,16,0.625
2008-05-01,120,10,16,0.625
2008-05-01,121,10,16,0.625
2008-05-01,122,10,16,0.625
2008-05-01,123,10,16,0.625
2008-05-01,124,10,16,0.625
2008-05-01,125,10,16,0.625
2008-05-01,126,10,16,0.625
2008-05-01,127,10,16,0.625
2008-05-01,128,10,16,0.625
2008-05-01,129,10,16,0.625
2008-05-01,130,10,16,0.625
2008-05-01,131,10,16,0.625
2008-05-01,132,10,16,0.625
2008-05-01,133,10,16,0.625
2008-05-01,134,10,16,0.625
2008-05-01,135,10,16,0.625
2008-05-01,136,10,16,0.625
2008-05-01,137,10,16,0.625
2008-06-01,19,9,11,0.8181818181818182
2008-06-01,20,9,11,0.8181818181818182
2008-06-01,21,9,11,0.8181818181818182
2008-06-01,22,9,11,0.8181818181818182
2008-06-01,23,9,11,0.8181818181818182
2008-06-01,24,9,11,0.8181818181818182
2008-06-01,25,9,11,0.8181818181818182
2008-06-01,26,9,11,0.8181818181818182
2008-06-01,27,9,11,0.8181818181818182
2008-06-01,28,9,11,0.8181818181818182
2008-06-01,29,9,11,0.8181818181818182
2008-06-01,30,9,11,0.8181818181818182
2008-06-01,31,9,11,0.8181818181818182
2008-06-01,32,9,11,0.8181818181818182
2008-06-01,33,9,11,0.8181818181818182
2008-06-01,34,9,11,0.8181818181818182
2008-06-01,35,9,11,0.8181818181818182
2008-06-01,36,9,11,0.8181818181818182
2008-06-01,37,9,11,0.8181818181818182
2008-06-01,38,9,11,0.8181818181818182
2008-06-01,39,9,11,0.8181818181818182
2008-06-01,40,9,11,0.8181818181818182
2008-06-01,41,9,11,0.8181818181818182
2008-06-01,42,9,11,0.8181818181818182
2008-06-01,43,9,11,0.8181818181818182
2008-06-01,44,9,11,0.8181818181818182
2008-06-01,45,9,11,0.8181818181818182
2008-06-01,46,9,11,0.8181818181818182
2008-06-01,47,9,11,0.8181818181818182
2008-06-01,48,9,11,0.8181818181818182
2008-06-01,49,9,11,0.8181818181818182
2008-06-01,50,9,11,0.8181818181818182
2008-06-01,51,9,11,0.8181818181818182
2008-06-01,52,9,11,0.8181818181818182
2008-06-01,53,9,11,0.8181818181818182
2008-06-01,54,9,11,0.8181818181818182
2008-06-01,55,9,11,0.8181818181818182
2008-06-01,56,9,11,0.8181818181818182
2008-06-01,57,9,11,0.8181818181818182
2008-06-01,58,9,11,0.8181818181818182
2008-06-01,59,9,11,0.8181818181818182
2008-06-01,60,9,11,0.8181818181818182
2008-06-01,61,9,11,0.8181818181818182
2008-06-01,62,9,11,0.8181818181818182
2008-06-01,63,9,11,0.8181818181818182
2008-06-01,64,9,11,0.8181818181818182
2008-06-01,65,9,11,0.8181818181818182
2008-06-01,66,9,11,0.8181818181818182
2008-06-01,67,9,11,0.8181818181818182
2008-06-01,68,9,11,0.8181818181818182
2008-06-01,69,9,11,0.8181818181818182
2008-06-01,70,9,11,0.8181818181818182
2008-06-01,71,9,11,0.8181818181818182
2008-06-01,72,9,11,0.8181818181818182
2008-06-01,73,9,11,0.8181818181818182
2008-06-01,74,9,11,0.8181818181818182
2008-06-01,75,9,11,0.8181818181818182
2008-06-01,76,9,11,0.8181818181818182
2008-06-01,77,9,11,0.8181818181818182
2008-06-01,78,9,11,0.8181818181818182
2008-06-01,79,9,11,0.8181818181818182
2008-06-01,80,9,11,0.8181818181818182
2008-06-01,81,9,11,0.8181818181818182
2008-06-01,82,9,11,0.8181818181818182
2008-06-01,83,9,11,0.8181818181818182
2008-06-01,84,9,11,0.8181818181818182
2008-06-01,85,9,11,0.8181818181818182
2008-06-01,86,9,11,0.8181818181818182
2008-06-01,87,9,11,0.8181818181818182
2008-06-01,88,9,11,0.8181818181818182
2008-06-01,89,9,11,0.8181818181818182
2008-06-01,90,9,11,0.8181818181818182
2008-06-01,91,9,11,0.8181818181818182
2008-06-01,92,9,11,0.8181818181818182
2008-06-01,93,9,11,0.8181818181818182
2008-06-01,94,9,11,0.8181818181818182
2008-06-01,95,9,11,0.8181818181818182
2008-06-01,96,9,11,0.8181818181818182
2008-06-01,97,9,11,0.8181818181818182
2008-06-01,98,9,11,0.8181818181818182
2008-06-01,99,9,11,0.8181818181818182
2008-06-01,100,9,11,0.8181818181818182
2008-06-01,101,9,11,0.8181818181818182
2008-06-01,102,9,11,0.8181818181818182
2008-06-01,103,9,11,0.8181818181818182
2008-06-01,104,9,11,0.8181818181818182
2008-06-01,105,9,11,0.8181818181818182
2008-06-01,106,9,11,0.8181818181818182
2008-06-01,107,9,11,0.8181818181818182
2008-06-01,108,9,11,0.8181818181818182
2008-06-01,109,9,11,0.8181818181818182
2008-06-01,110,9,11,0.8181818181818182
2008-06-01,111,9,11,0.8181818181818182
2008-06-01,112,9,11,0.8181818181818182
2008-06-01,113,9,11,0.8181818181818182
2008-06-01,114,9,11,0.8181818181818182
2008-06-01,115,9,11,0.8181818181818182
2008-06-01,116,9,11,0.8181818181818182
2008-06-01,117,9,11,0.8181818181818182
2008-06-01,118,9,11,0.8181818181818182
2008-06-01,119,9,11,0.8181818181818182
2008-06-01,120,9,11,0.8181818181818182
2008-06-01,121,9,11,0.8181818181818182
2008-06-01,122,9,11,0.8181818181818182
2008-06-01,123,9,11,0.8181818181818182
2008-06-01,124,9,11,0.8181818181818182
2008-06-01,125,9,11,0.8181818181818182
2008-06-01,126,9,11,0.8181818181818182
2008-06-01,127,9,11,0.8181818181818182
2008-06-01,128,9,11,0.8181818181818182
2008-06-01,129,9,11,0.8181818181818182
2008-06-01,130,9,11,0.8181818181818182
2008-06-01,131,9,11,0.8181818181818182
2008-06-01,132,9,11,0.8181818181818182
2008-06-01,133,9,11,0.8181818181818182
2008-06-01,134,9,11,0.8181818181818182
2008-06-01,135,9,11,0.8181818181818182
2008-06-01,136,9,11,0.8181818181818182
2008-07-01,18,10,12,0.8333333333333334
2008-07-01,19,10,12,0.8333333333333334
2008-07-01,20,10,12,0.8333333333333334
2008-07-01,21,10,12,0.8333333333333334
2008-07-01,22,10,12,0.8333333333333334
2008-07-01,23,10,12,0.8333333333333334
2008-07-01,24,10,12,0.8333333333333334
2008-07-01,25,10,12,0.8333333333333334
2008-07-01,26,10,12,0.8333333333333334
2008-07-01,27,10,12,0.8333333333333334
2008-07-01,28,10,12,0.8333333333333334
2008-07-01,29,10,12,0.8333333333333334
2008-07-01,30,10,12,0.8333333333333334
2008-07-01,31,10,12,0.8333333333333334
2008-07-01,32,10,12,0.8333333333333334
2008-07-01,33,10,12,0.8333333333333334
2008-07-01,34,10,12,0.8333333333333334
2008-07-01,35,10,12,0.8333333333333334
2008-07-01,36,10,12,0.8333333333333334
2008-07-01,37,10,12,0.8333333333333334
2008-07-01,38,10,12,0.8333333333333334
2008-07-01,39,10,12,0.8333333333333334
2008-07-01,40,10,12,0.8333333333333334
2008-07-01,41,10,12,0.8333333333333334
2008-07-01,42,10,12,0.8333333333333334
2008-07-01,43,10,12,0.8333333333333334
2008-07-01,44,10,12,0.8333333333333334
2008-07-01,45,10,12,0.8333333333333334
2008-07-01,46,10,12,0.8333333333333334
2008-07-01,47,10,12,0.8333333333333334
2008-07-01,48,10,12,0.8333333333333334
2008-07-01,49,10,12,0.8333333333333334
2008-07-01,50,10,12,0.8333333333333334
2008-07-01,51,10,12,0.8333333333333334
2008-07-01,52,10,12,0.8333333333333334
2008-07-01,53,10,12,0.8333333333333334
2008-07-01,54,10,12,0.8333333333333334
2008-07-01,55,10,12,0.8333333333333334
2008-07-01,56,10,12,0.8333333333333334
2008-07-01,57,10,12,0.8333333333333334
2008-07-01,58,10,12,0.8333333333333334
2008-07-01,59,10,12,0.8333333333333334
2008-07-01,60,10,12,0.8333333333333334
2008-07-01,61,10,12,0.8333333333333334
2008-07-01,62,10,12,0.8333333333333334
2008-07-01,63,9,12,0.75
2008-07-01,64,9,12,0.75
2008-07-01,65,9,12,0.75
2008-07-01,66,9,12,0.75
2008-07-01,67,9,12,0.75
2008-07-01,68,9,12,0.75
2008-07-01,69,9,12,0.75
2008-07-01,70,9,12,0.75
2008-07-01,71,9,12,0.75
2008-07-01,72,9,12,0.75
2008-07-01,73,9,12,0.75
2008-07-01,74,9,12,0.75
2008-07-01,75,9,12,0.75
2008-07-01,76,9,12,0.75
2008-07-01,77,9,12,0.75
2008-07-01,78,9,12,0.75
2008-07-01,79,10,12,0.8333333333333334
2008-07-01,80,10,12,0.8333333333333334
2008-07-01,81,10,12,0.8333333333333334
2008-07-01,82,10,12,0.8333333333333334
2008-07-01,83,10,12,0.8333333333333334
2008-07-01,84,10,12,0.8333333333333334
2008-07-01,85,10,12,0.8333333333333334
2008-07-01,86,10,12,0.8333333333333334
2008-07-01,87,10,12,0.8333333333333334
2008-07-01,88,10,12,0.8333333333333334
2008-07-01,89,10,12,0.8333333333333334
2008-07-01,90,10,12,0.8333333333333334
2008-07-01,91,10,12,0.8333333333333334
2008-07-01,92,10,12,0.8333333333333334
2008-07-01,93,10,12,0.8333333333333334
2008-07-01,94,10,12,0.8333333333333334
2008-07-01,95,10,12,0.8333333333333334
2008-07-01,96,10,12,0.8333333333333334
2008-07-01,97,10,12,0.8333333333333334
2008-07-01,98,10,12,0.8333333333333334
2008-07-01,99,10,12,0.8333333333333334
2008-07-01,100,10,12,0.8333333333333334
2008-07-01,101,10,12,0.8333333333333334
2008-07-01,102,10,12,0.8333333333333334
2008-07-01,103,10,12,0.8333333333333334
2008-07-01,104,10,12,0.8333333333333334
2008-07-01,105,10,12,0.8333333333333334
2008-07-01,106,10,12,0.8333333333333334
2008-07-01,107,10,12,0.8333333333333334
2008-07-01,108,10,12,0.8333333333333334
2008-07-01,109,10,12,0.8333333333333334
2008-07-01,110,10,12,0.8333333333333334
2008-07-01,111,10,12,0.8333333333333334
2008-07-01,112,10,12,0.8333333333333334
2008-07-01,113,10,12,0.8333333333333334
2008-07-01,114,10,12,0.8333333333333334
2008-07-01,115,10,12,0.8333333333333334
2008-07-01,116,10,12,0.8333333333333334
2008-07-01,117,10,12,0.8333333333333334
2008-07-01,118,10,12,0.8333333333333334
2008-07-01,119,10,12,0.8333333333333334
2008-07-01,120,10,12,0.8333333333333334
2008-07-01,121,10,12,0.8333333333333334
2008-07-01,122,10,12,0.8333333333333334
2008-07-01,123,10,12,0.8333333333333334
2008-07-01,124,10,12,0.8333333333333334
2008-07-01,125,10,12,0.8333333333333334
2008-07-01,126,10,12,0.8333333333333334
2008-07-01,127,10,12,0.8333333333333334
2008-07-01,128,10,12,0.8333333333333334
2008-07-01,129,10,12,0.8333333333333334
2008-07-01,130,10,12,0.8333333333333334
2008-07-01,131,10,12,0.8333333333333334
2008-07-01,132,10,12,0.8333333333333334
2008-07-01,133,10,12,0.8333333333333334
2008-07-01,134,10,12,0.8333333333333334
2008-07-01,135,10,12,0.8333333333333334
2008-08-01,17,9,14,0.6428571428571429
2008-08-01,18,9,14,0.6428571428571429
2008-08-01,19,9,14,0.6428571428571429
2008-08-01,20,9,14,0.6428571428571429
2008-08-01,21,9,14,0.6428571428571429
2008-08-01,22,9,14,0.6428571428571429
2008-08-01,23,9,14,0.6428571428571429
2008-08-01,24,9,14,0.6428571428571429
2008-08-01,25,9,14,0.6428571428571429
2008-08-01,26,9,14,0.6428571428571429
2008-08-01,27,9,14,0.6428571428571429
2008-08-01,28,9,14,0.6428571428571429
2008-08-01,29,9,14,0.6428571428571429
2008-08-01,30,9,14,0.6428571428571429
2008-08-01,31,9,14,0.6428571428571429
2008-08-01,32,9,14,0.6428571428571429
2008-08-01,33,9,14,0.6428571428571429
2008-08-01,34,9,14,0.6428571428571429
2008-08-01,35,9,14,0.6428571428571429
2008-08-01,36,9,14,0.6428571428571429
2008-08-01,37,9,14,0.6428571428571429
2008-08-01,38,9,14,0.6428571428571429
2008-08-01,39,9,14,0.6428571428571429
2008-08-01,40,9,14,0.6428571428571429
2008-08-01,41,9,14,0.6428571428571429
2008-08-01,42,9,14,0.6428571428571429
2008-08-01,43,9,14,0.6428571428571429
2008-08-01,44,9,14,0.6428571428571429
2008-08-01,45,9,14,0.6428571428571429
2008-08-01,46,9,14,0.6428571428571429
2008-08-01,47,9,14,0.6428571428571429
2008-08-01,48,9,14,0.6428571428571429
2008-08-01,49,9,14,0.6428571428571429
2008-08-01,50,9,14,0.6428571428571429
2008-08-01,51,9,14,0.6428571428571429
2008-08-01,52,9,14,0.6428571428571429
2008-08-01,53,9,14,0.6428571428571429
2008-08-01,54,9,14,0.6428571428571429
2008-08-01,55,9,14,0.6428571428571429
2008-08-01,56,9,14,0.6428571428571429
2008-08-01,57,9,14,0.6428571428571429
2008-08-01,58,9,14,0.6428571428571429
2008-08-01,59,9,14,0.6428571428571429
2008-08-01,60,9,14,0.6428571428571429
2008-08-01,61,9,14,0.6428571428571429
2008-08-01,62,9,14,0.6428571428571429
2008-08-01,63,9,14,0.6428571428571429
2008-08-01,64,9,14,0.6428571428571429
2008-08-01,65,9,14,0.6428571428571429
2008-08-01,66,9,14,0.6428571428571429
2008-08-01,67,9,14,0.6428571428571429
2008-08-01,68,9,14,0.6428571428571429
2008-08-01,69,9,14,0.6428571428571429
2008-08-01,70,9,14,0.6428571428571429
2008-08-01,71,9,14,0.6428571428571429
2008-08-01,72,9,14,0.6428571428571429
2008-08-01,73,9,14,0.6428571428571429
2008-08-01,74,9,14,0.6428571428571429
2008-08-01,75,9,14,0.6428571428571429
2008-08-01,76,9,14,0.6428571428571429
2008-08-01,77,9,14,0.6428571428571429
2008-08-01,78,9,14,0.6428571428571429
2008-08-01,79,9,14,0.6428571428571429
2008-08-01,80,9,14,0.6428571428571429
2008-08-01,81,9,14,0.6428571428571429
2008-08-01,82,9,14,0.6428571428571429
2008-08-01,83,9,14,0.6428571428571429
2008-08-01,84,9,14,0.6428571428571429
2008-08-01,85,9,14,0.6428571428571429
2008-08-01,86,9,14,0.6428571428571429
2008-08-01,87,9,14,0.6428571428571429
2008-08-01,88,9,14,0.6428571428571429
2008-08-01,89,9,14,0.6428571428571429
2008-08-01,90,9,14,0.6428571428571429
2008-08-01,91,9,14,0.6428571428571429
2008-08-01,92,9,14,0.6428571428571429
2008-08-01,93,9,14,0.6428571428571429
2008-08-01,94,9,14,0.6428571428571429
2008-08-01,95,9,14,0.6428571428571429
2008-08-01,96,9,14,0.6428571428571429
2008-08-01,97,9,14,0.6428571428571429
2008-08-01,98,9,14,0.6428571428571429
2008-08-01,99,9,14,0.6428571428571429
2008-08-01,100,9,14,0.6428571428571429
2008-08-01,101,9,14,0.6428571428571429
2008-08-01,102,9,14,0.6428571428571429
2008-08-01,103,9,14,0.6428571428571429
2008-08-01,104,9,14,0.6428571428571429
2008-08-01,105,9,14,0.6428571428571429
2008-08-01,106,9,14,0.6428571428571429
2008-08-01,107,9,14,0.6428571428571429
2008-08-01,108,9,14,0.6428571428571429
2008-08-01,109,9,14,0.6428571428571429
2008-08-01,110,9,14,0.6428571428571429
2008-08-01,111,9,14,0.6428571428571429
2008-08-01,112,9,14,0.6428571428571429
2008-08-01,113,9,14,0.6428571428571429
2008-08-01,114,9,14,0.6428571428571429
2008-08-01,115,9,14,0.6428571428571429
2008-08-01,116,9,14,0.6428571428571429
2008-08-01,117,9,14,0.6428571428571429
2008-08-01,118,9,14,0.6428571428571429
2008-08-01,119,9,14,0.6428571428571429
2008-08-01,120,9,14,0.6428571428571429
2008-08-01,121,9,14,0.6428571428571429
2008-08-01,122,9,14,0.6428571428571429
2008-08-01,123,9,14,0.6428571428571429
2008-08-01,124,9,14,0.6428571428571429
2008-08-01,125,9,14,0.6428571428571429
2008-08-01,126,9,14,0.6428571428571429
2008-08-01,127,9,14,0.6428571428571429
2008-08-01,128,9,14,0.6428571428571429
2008-08-01,129,9,14,0.6428571428571429
2008-08-01,130,9,14,0.6428571428571429
2008-08-01,131,9,14,0.6428571428571429
2008-08-01,132,9,14,0.6428571428571429
2008-08-01,133,9,14,0.6428571428571429
2008-08-01,134,9,14,0.6428571428571429
2008-09-01,16,7,12,0.5833333333333334
2008-09-01,17,7,12,0.5833333333333334
2008-09-01,18,7,12,0.5833333333333334
2008-09-01,19,7,12,0.5833333333333334
2008-09-01,20,7,12,0.5833333333333334
2008-09-01,21,7,12,0.5833333333333334
2008-09-01,22,7,12,0.5833333333333334
2008-09-01,23,7,12,0.5833333333333334
2008-09-01,24,7,12,0.5833333333333334
2008-09-01,25,7,12,0.5833333333333334
2008-09-01,26,7,12,0.5833333333333334
2008-09-01,27,7,12,0.5833333333333334
2008-09-01,28,7,12,0.5833333333333334
2008-09-01,29,7,12,0.5833333333333334
2008-09-01,30,7,12,0.5833333333333334
2008-09-01,31,7,12,0.5833333333333334
2008-09-01,32,7,12,0.5833333333333334
2008-09-01,33,7,12,0.5833333333333334
2008-09-01,34,7,12,0.5833333333333334
2008-09-01,35,7,12,0.5833333333333334
2008-09-01,36,7,12,0.5833333333333334
2008-09-01,37,7,12,0.5833333333333334
2008-09-01,38,7,12,0.5833333333333334
2008-09-01,39,7,12,0.5833333333333334
2008-09-01,40,7,12,0.5833333333333334
2008-09-01,41,7,12,0.5833333333333334
2008-09-01,42,7,12,0.5833333333333334
2008-09-01,43,7,12,0.5833333333333334
2008-09-01,44,7,12,0.5833333333333334
2008-09-01,45,7,12,0.5833333333333334
2008-09-01,46,7,12,0.5833333333333334
2008-09-01,47,7,12,0.5833333333333334
2008-09-01,48,7,12,0.5833333333333334
2008-09-01,49,7,12,0.5833333333333334
2008-09-01,50,7,12,0.5833333333333334
2008-09-01,51,7,12,0.5833333333333334
2008-09-01,52,7,12,0.5833333333333334
2008-09-01,53,7,12,0.5833333333333334
2008-09-01,54,7,12,0.5833333333333334
2008-09-01,55,7,12,0.5833333333333334
2008-09-01,56,7,12,0.5833333333333334
2008-09-01,57,7,12,0.5833333333333334
2008-09-01,58,7,12,0.5833333333333334
2008-09-01,59,7,12,0.5833333333333334
2008-09-01,60,7,12,0.5833333333333334
2008-09-01,61,7,12,0.5833333333333334
2008-09-01,62,7,12,0.5833333333333334
2008-09-01,63,7,12,0.5833333333333334
2008-09-01,64,7,12,0.5833333333333334
2008-09-01,65,7,12,0.5833333333333334
2008-09-01,66,7,12,0.5833333333333334
2008-09-01,67,7,12,0.5833333333333334
2008-09-01,68,7,12,0.5833333333333334
2008-09-01,69,7,12,0.5833333333333334
2008-09-01,70,7,12,0.5833333333333334
2008-09-01,71,7,12,0.5833333333333334
2008-09-01,72,7,12,0.5833333333333334
2008-09-01,73,7,12,0.5833333333333334
2008-09-01,74,7,12,0.5833333333333334
2008-09-01,75,7,12,0.5833333333333334
2008-09-01,76,7,12,0.5833333333333334
2008-09-01,77,7,12,0.5833333333333334
2008-09-01,78,7,12,0.5833333333333334
2008-09-01,79,7,12,0.5833333333333334
2008-09-01,80,7,12,0.5833333333333334
2008-09-01,81,7,12,0.5833333333333334
2008-09-01,82,7,12,0.5833333333333334
2008-09-01,83,7,12,0.5833333333333334
2008-09-01,84,7,12,0.5833333333333334
2008-09-01,85,7,12,0.5833333333333334
2008-09-01,86,7,12,0.5833333333333334
2008-09-01,87,7,12,0.5833333333333334
2008-09-01,88,7,12,0.5833333333333334
2008-09-01,89,7,12,0.5833333333333334
2008-09-01,90,7,12,0.5833333333333334
2008-09-01,91,7,12,0.5833333333333334
2008-09-01,92,7,12,0.5833333333333334
2008-09-01,93,7,12,0.5833333333333334
2008-09-01,94,7,12,0.5833333333333334
2008-09-01,95,7,12,0.5833333333333334
2008-09-01,96,7,12,0.5833333333333334
2008-09-01,97,7,12,0.5833333333333334
2008-09-01,98,7,12,0.5833333333333334
2008-09-01,99,7,12,0.5833333333333334
2008-09-01,100,7,12,0.5833333333333334
2008-09-01,101,7,12,0.5833333333333334
2008-09-01,102,7,12,0.5833333333333334
2008-09-01,103,7,12,0.5833333333333334
2008-09-01,104,7,12,0.5833333333333334
2008-09-01,105,7,12,0.5833333333333334
2008-09-01,106,7,12,0.5833333333333334
2008-09-01,107,7,12,0.5833333333333334
2008-09-01,108,7,12,0.5833333333333334
2008-09-01,109,7,12,0.5833333333333334
2008-09-01,110,7,12,0.5833333333333334
2008-09-01,111,7,12,0.5833333333333334
2008-09-01,112,7,12,0.5833333333333334
2008-09-01,113,7,12,0.5833333333333334
2008-09-01,114,7,12,0.5833333333333334
2008-09-01,115,7,12,0.5833333333333334
2008-09-01,116,7,12,0.5833333333333334
2008-09-01,117,7,12,0.5833333333333334
2008-09-01,118,7,12,0.5833333333333334
2008-09-01,119,7,12,0.5833333333333334
2008-09-01,120,7,12,0.5833333333333334
2008-09-01,121,7,12,0.5833333333333334
2008-09-01,122,7,12,0.5833333333333334
2008-09-01,123,7,12,0.5833333333333334
2008-09-01,124,7,12,0.5833333333333334
2008-09-01,125,7,12,0.5833333333333334
2008-09-01,126,7,12,0.5833333333333334
2008-09-01,127,7,12,0.5833333333333334
2008-09-01,128,7,12,0.5833333333333334
2008-09-01,129,7,12,0.5833333333333334
2008-09-01,130,7,12,0.5833333333333334
2008-09-01,131,7,12,0.5833333333333334
2008-09-01,132,7,12,0.5833333333333334
2008-09-01,133,6,12,0.5
2008-10-01,15,8,9,0.8888888888888888
2008-10-01,16,8,9,0.8888888888888888
2008-10-01,17,8,9,0.8888888888888888
2008-10-01,18,8,9,0.8888888888888888
2008-10-01,19,8,9,0.8888888888888888
2008-10-01,20,8,9,0.8888888888888888
2008-10-01,21,8,9,0.8888888888888888
2008-10-01,22,8,9,0.8888888888888888
2008-10-01,23,8,9,0.8888888888888888
2008-10-01,24,8,9,0.8888888888888888
2008-10-01,25,8,9,0.8888888888888888
2008-10-01,26,8,9,0.8888888888888888
2008-10-01,27,8,9,0.8888888888888888
2008-10-01,28,8,9,0.8888888888888888
2008-10-01,29,8,9,0.8888888888888888
2008-10-01,30,8,9,0.8888888888888888
2008-10-01,31,8,9,0.8888888888888888
2008-10-01,32,8,9,0.8888888888888888
2008-10-01,33,8,9,0.8888888888888888
2008-10-01,34,8,9,0.8888888888888888
2008-10-01,35,8,9,0.8888888888888888
2008-10-01,36,8,9,0.8888888888888888
2008-10-01,37,8,9,0.8888888888888888
2008-10-01,38,8,9,0.8888888888888888
2008-10-01,39,8,9,0.8888888888888888
2008-10-01,40,8,9,0.8888888888888888
2008-10-01,41,8,9,0.8888888888888888
2008-10-01,42,8,9,0.8888888888888888
2008-10-01,43,8,9,0.8888888888888888
2008-10-01,44,8,9,0.8888888888888888
2008-10-01,45,8,9,0.8888888888888888
2008-10-01,46,8,9,0.8888888888888888
2008-10-01,47,8,9,0.8888888888888888
2008-10-01,48,8,9,0.8888888888888888
2008-10-01,49,8,9,0.8888888888888888
2008-10-01,50,8,9,0.8888888888888888
2008-10-01,51,8,9,0.8888888888888888
2008-10-01,52,8,9,0.8888888888888888
2008-10-01,53,8,9,0.8888888888888888
2008-10-01,54,8,9,0.8888888888888888
2008-10-01,55,8,9,0.8888888888888888
2008-10-01,56,8,9,0.8888888888888888
2008-10-01,57,8,9,0.8888888888888888
2008-10-01,58,8,9,0.8888888888888888
2008-10-01,59,8,9,0.8888888888888888
2008-10-01,60,8,9,0.8888888888888888
2008-10-01,61,8,9,0.8888888888888888
2008-10-01,62,8,9,0.8888888888888888
2008-10-01,63,8,9,0.8888888888888888
2008-10-01,64,8,9,0.8888888888888888
2008-10-01,65,8,9,0.8888888888888888
2008-10-01,66,8,9,0.8888888888888888
2008-10-01,67,8,9,0.8888888888888888
2008-10-01,68,8,9,0.8888888888888888
2008-10-01,69,8,9,0.8888888888888888
2008-10-01,70,8,9,0.8888888888888888
2008-10-01,71,8,9,0.8888888888888888
2008-10-01,72,8,9,0.8888888888888888
2008-10-01,73,8,9,0.8888888888888888
2008-10-01,74,8,9,0.8888888888888888
2008-10-01,75,8,9,0.8888888888888888
2008-10-01,76,8,9,0.8888888888888888
2008-10-01,77,8,9,0.8888888888888888
2008-10-01,78,8,9,0.8888888888888888
2008-10-01,79,8,9,0.8888888888888888
2008-10-01,80,8,9,0.8888888888888888
2008-10-01,81,8,9,0.8888888888888888
2008-10-01,82,8,9,0.8888888888888888
2008-10-01,83,8,9,0.8888888888888888
2008-10-01,84,8,9,0.8888888888888888
2008-10-01,85,8,9,0.8888888888888888
2008-10-01,86,8,9,0.8888888888888888
2008-10-01,87,8,9,0.8888888888888888
2008-10-01,88,8,9,0.8888888888888888
2008-10-01,89,8,9,0.8888888888888888
2008-10-01,90,8,9,0.8888888888888888
2008-10-01,91,8,9,0.8888888888888888
2008-10-01,92,8,9,0.8888888888888888
2008-10-01,93,8,9,0.8888888888888888
2008-10-01,94,8,9,0.8888888888888888
2008-10-01,95,8,9,0.8888888888888888
2008-10-01,96,8,9,0.8888888888888888
2008-10-01,97,8,9,0.8888888888888888
2008-10-01,98,8,9,0.8888888888888888
2008-10-01,99,8,9,0.8888888888888888
2008-10-01,100,8,9,0.8888888888888888
2008-10-01,101,8,9,0.8888888888888888
2008-10-01,102,8,9,0.8888888888888888
2008-10-01,103,8,9,0.8888888888888888
2008-10-01,104,8,9,0.8888888888888888
2008-10-01,105,8,9,0.8888888888888888
2008-10-01,106,8,9,0.8888888888888888
2008-10-01,107,8,9,0.8888888888888888
2008-10-01,108,8,9,0.8888888888888888
2008-10-01,109,8,9,0.8888888888888888
2008-10-01,110,8,9,0.8888888888888888
2008-10-01,111,8,9,0.8888888888888888
2008-10-01,112,8,9,0.8888888888888888
2008-10-01,113,8,9,0.8888888888888888
2008-10-01,114,8,9,0.8888888888888888
2008-10-01,115,8,9,0.8888888888888888
2008-10-01,116,8,9,0.8888888888888888
2008-10-01,117,8,9,0.8888888888888888
2008-10-01,118,8,9,0.8888888888888888
2008-10-01,119,8,9,0.8888888888888888
2008-10-01,120,8,9,0.8888888888888888
2008-10-01,121,8,9,0.8888888888888888
2008-10-01,122,8,9,0.8888888888888888
2008-10-01,123,8,9,0.8888888888888888
2008-10-01,124,8,9,0.8888888888888888
2008-10-01,125,8,9,0.8888888888888888
2008-10-01,126,8,9,0.8888888888888888
2008-10-01,127,8,9,0.8888888888888888
2008-10-01,128,8,9,0.8888888888888888
2008-10-01,129,8,9,0.8888888888888888
2008-10-01,130,8,9,0.8888888888888888
2008-10-01,131,8,9,0.8888888888888888
2008-10-01,132,8,9,0.8888888888888888
2008-11-01,14,6,10,0.6
2008-11-01,15,6,10,0.6
2008-11-01,16,6,10,0.6
2008-11-01,17,6,10,0.6
2008-11-01,18,6,10,0.6
2008-11-01,19,6,10,0.6
2008-11-01,20,6,10,0.6
2008-11-01,21,6,10,0.6
2008-11-01,22,6,10,0.6
2008-11-01,23,6,10,0.6
2008-11-01,24,6,10,0.6
2008-11-01,25,6,10,0.6
2008-11-01,26,6,10,0.6
2008-11-01,27,6,10,0.6
2008-11-01,28,6,10,0.6
2008-11-01,29,6,10,0.6
2008-11-01,30,6,10,0.6
2008-11-01,31,6,10,0.6
2008-11-01,32,6,10,0.6
2008-11-01,33,6,10,0.6
2008-11-01,34,6,10,0.6
2008-11-01,35,6,10,0.6
2008-11-01,36,5,10,0.5
2008-11-01,37,5,10,0.5
2008-11-01,38,5,10,0.5
2008-11-01,39,5,10,0.5
2008-11-01,40,5,10,0.5
2008-11-01,41,5,10,0.5
2008-11-01,42,5,10,0.5
2008-11-01,43,5,10,0.5
2008-11-01,44,5,10,0.5
2008-11-01,45,5,10,0.5
2008-11-01,46,5,10,0.5
2008-11-01,47,5,10,0.5
2008-11-01,48,5,10,0.5
2008-11-01,49,5,10,0.5
2008-11-01,50,5,10,0.5
2008-11-01,51,5,10,0.5
2008-11-01,52,5,10,0.5
2008-11-01,53,5,10,0.5
2008-11-01,54,5,10,0.5
2008-11-01,55,5,10,0.5
2008-11-01,56,5,10,0.5
2008-11-01,57,5,10,0.5
2008-11-01,58,5,10,0.5
2008-11-01,59,5,10,0.5
2008-11-01,60,5,10,0.5
2008-11-01,61,5,10,0.5
2008-11-01,62,5,10,0.5
2008-11-01,63,5,10,0.5
2008-11-01,64,5,10,0.5
2008-11-01,65,5,10,0.5
2008-11-01,66,5,10,0.5
2008-11-01,67,5,10,0.5
2008-11-01,68,5,10,0.5
2008-11-01,69,5,10,0.5
2008-11-01,70,5,10,0.5
2008-11-01,71,6,10,0.6
2008-11-01,72,6,10,0.6
2008-11-01,73,6,10,0.6
2008-11-01,74,6,10,0.6
2008-11-01,75,6,10,0.6
2008-11-01,76,6,10,0.6
2008-11-01,77,6,10,0.6
2008-11-01,78,6,10,0.6
2008-11-01,79,6,10,0.6
2008-11-01,80,6,10,0.6
2008-11-01,81,6,10,0.6
2008-11-01,82,6,10,0.6
2008-11-01,83,6,10,0.6
2008-11-01,84,6,10,0.6
2008-11-01,85,6,10,0.6
2008-11-01,86,6,10,0.6
2008-11-01,87,6,10,0.6
2008-11-01,88,6,10,0.6
2008-11-01,89,6,10,0.6
2008-11-01,90,6,10,0.6
2008-11-01,91,6,10,0.6
2008-11-01,92,6,10,0.6
2008-11-01,93,6,10,0.6
2008-11-01,94,6,10,0.6
2008-11-01,95,6,10,0.6
2008-11-01,96,6,10,0.6
2008-11-01,97,6,10,0.6
2008-11-01,98,6,10,0.6
2008-11-01,99,6,10,0.6
2008-11-01,100,6,10,0.6
2008-11-01,101,6,10,0.6
2008-11-01,102,6,10,0.6
2008-11-01,103,6,10,0.6
2008-11-01,104,6,10,0.6
2008-11-01,105,6,10,0.6
2008-11-01,106,6,10,0.6
2008-11-01,107,6,10,0.6
2008-11-01,108,6,10,0.6
2008-11-01,109,6,10,0.6
2008-11-01,110,6,10,0.6
2008-11-01,111,6,10,0.6
2008-11-01,112,6,10,0.6
2008-11-01,113,6,10,0.6
2008-11-01,114,6,10,0.6
2008-11-01,115,6,10,0.6
2008-11-01,116,6,10,0.6
2008-11-01,117,6,10,0.6
2008-11-01,118,6,10,0.6
2008-11-01,119,6,10,0.6
2008-11-01,120,6,10,0.6
2008-11-01,121,6,10,0.6
2008-11-01,122,6,10,0.6
2008-11-01,123,6,10,0.6
2008-11-01,124,6,10,0.6
2008-11-01,125,6,10,0.6
2008-11-01,126,6,10,0.6
2008-11-01,127,6,10,0.6
2008-11-01,128,6,10,0.6
2008-11-01,129,6,10,0.6
2008-11-01,130,6,10,0.6
2008-11-01,131,6,10,0.6
2008-12-01,13,8,9,0.8888888888888888
2008-12-01,14,8,9,0.8888888888888888
2008-12-01,15,8,9,0.8888888888888888
2008-12-01,16,8,9,0.8888888888888888
2008-12-01,17,8,9,0.8888888888888888
2008-12-01,18,8,9,0.8888888888888888
2008-12-01,19,8,9,0.8888888888888888
2008-12-01,20,8,9,0.8888888888888888
2008-12-01,21,8,9,0.8888888888888888
2008-12-01,22,8,9,0.8888888888888888
2008-12-01,23,8,9,0.8888888888888888
2008-12-01,24,8,9,0.8888888888888888
2008-12-01,25,8,9,0.8888888888888888
2008-12-01,26,8,9,0.8888888888888888
2008-12-01,27,8,9,0.8888888888888888
2008-12-01,28,8,9,0.8888888888888888
2008-12-01,29,8,9,0.8888888888888888
2008-12-01,30,8,9,0.8888888888888888
2008-12-01,31,8,9,0.8888888888888888
2008-12-01,32,8,9,0.8888888888888888
2008-12-01,33,8,9,0.8888888888888888
2008-12-01,34,8,9,0.8888888888888888
2008-12-01,35,8,9,0.8888888888888888
2008-12-01,36,8,9,0.8888888888888888
2008-12-01,37,8,9,0.8888888888888888
2008-12-01,38,8,9,0.8888888888888888
2008-12-01,39,8,9,0.8888888888888888
2008-12-01,40,8,9,0.8888888888888888
2008-12-01,41,8,9,0.8888888888888888
2008-12-01,42,8,9,0.8888888888888888
2008-12-01,43,8,9,0.8888888888888888
2008-12-01,44,8,9,0.8888888888888888
2008-12-01,45,8,9,0.8888888888888888
2008-12-01,46,8,9,0.8888888888888888
2008-12-01,47,8,9,0.8888888888888888
2008-12-01,48,8,9,0.8888888888888888
2008-12-01,49,8,9,0.8888888888888888
2008-12-01,50,8,9,0.8888888888888888
2008-12-01,51,8,9,0.8888888888888888
2008-12-01,52,8,9,0.8888888888888888
2008-12-01,53,8,9,0.8888888888888888
2008-12-01,54,8,9,0.8888888888888888
2008-12-01,55,8,9,0.8888888888888888
2008-12-01,56,8,9,0.8888888888888888
2008-12-01,57,8,9,0.8888888888888888
2008-12-01,58,8,9,0.8888888888888888
2008-12-01,59,8,9,0.8888888888888888
2008-12-01,60,8,9,0.8888888888888888
2008-12-01,61,8,9,0.8888888888888888
2008-12-01,62,8,9,0.8888888888888888
2008-12-01,63,8,9,0.8888888888888888
2008-12-01,64,8,9,0.8888888888888888
2008-12-01,65,8,9,0.8888888888888888
2008-12-01,66,8,9,0.8888888888888888
2008-12-01,67,8,9,0.8888888888888888
2008-12-01,68,8,9,0.8888888888888888
2008-12-01,69,8,9,0.8888888888888888
2008-12-01,70,8,9,0.8888888888888888
2008-12-01,71,8,9,0.8888888888888888
2008-12-01,72,8,9,0.8888888888888888
2008-12-01,73,8,9,0.8888888888888888
2008-12-01,74,8,9,0.8888888888888888
2008-12-01,75,8,9,0.8888888888888888
2008-12-01,76,8,9,0.8888888888888888
2008-12-01,77,8,9,0.8888888888888888
2008-12-01,78,8,9,0.8888888888888888
2008-12-01,79,8,9,0.8888888888888888
2008-12-01,80,8,9,0.8888888888888888
2008-12-01,81,8,9,0.8888888888888888
2008-12-01,82,8,9,0.8888888888888888
2008-12-01,83,8,9,0.8888888888888888
2008-12-01,84,8,9,0.8888888888888888
2008-12-01,85,8,9,0.8888888888888888
2008-12-01,86,8,9,0.8888888888888888
2008-12-01,87,8,9,0.8888888888888888
2008-12-01,88,8,9,0.8888888888888888
2008-12-01,89,8,9,0.8888888888888888
2008-12-01,90,8,9,0.8888888888888888
2008-12-01,91,8,9,0.8888888888888888
2008-12-01,92,8,9,0.8888888888888888
2008-12-01,93,8,9,0.8888888888888888
2008-12-01,94,8,9,0.8888888888888888
2008-12-01,95,8,9,0.8888888888888888
2008-12-01,96,8,9,0.8888888888888888
2008-12-01,97,8,9,0.8888888888888888
2008-12-01,98,8,9,0.8888888888888888
2008-12-01,99,8,9,0.8888888888888888
2008-12-01,100,8,9,0.8888888888888888
2008-12-01,101,8,9,0.8888888888888888
2008-12-01,102,8,9,0.8888888888888888
2008-12-01,103,8,9,0.8888888888888888
2008-12-01,104,8,9,0.8888888888888888
2008-12-01,105,8,9,0.8888888888888888
2008-12-01,106,8,9,0.8888888888888888
2008-12-01,107,8,9,0.8888888888888888
2008-12-01,108,8,9,0.8888888888888888
2008-12-01,109,8,9,0.8888888888888888
2008-12-01,110,8,9,0.8888888888888888
2008-12-01,111,8,9,0.8888888888888888
2008-12-01,112,8,9,0.8888888888888888
2008-12-01,113,8,9,0.8888888888888888
2008-12-01,114,8,9,0.8888888888888888
2008-12-01,115,8,9,0.8888888888888888
2008-12-01,116,8,9,0.8888888888888888
2008-12-01,117,8,9,0.8888888888888888
2008-12-01,118,8,9,0.8888888888888888
2008-12-01,119,8,9,0.8888888888888888
2008-12-01,120,8,9,0.8888888888888888
2008-12-01,121,8,9,0.8888888888888888
2008-12-01,122,8,9,0.8888888888888888
2008-12-01,123,8,9,0.8888888888888888
2008-12-01,124,8,9,0.8888888888888888
2008-12-01,125,8,9,0.8888888888888888
2008-12-01,126,8,9,0.8888888888888888
2008-12-01,127,8,9,0.8888888888888888
2008-12-01,128,8,9,0.8888888888888888
2008-12-01,129,8,9,0.8888888888888888
2008-12-01,130,8,9,0.8888888888888888
2009-01-01,12,4,6,0.6666666666666666
2009-01-01,13,4,6,0.6666666666666666
2009-01-01,14,4,6,0.6666666666666666
2009-01-01,15,4,6,0.6666666666666666
2009-01-01,16,4,6,0.6666666666666666
2009-01-01,17,4,6,0.6666666666666666
2009-01-01,18,4,6,0.6666666666666666
2009-01-01,19,4,6,0.6666666666666666
2009-01-01,20,4,6,0.6666666666666666
2009-01-01,21,4,6,0.6666666666666666
2009-01-01,22,4,6,0.6666666666666666
2009-01-01,23,4,6,0.6666666666666666
2009-01-01,24,4,6,0.6666666666666666
2009-01-01,25,4,6,0.6666666666666666
2009-01-01,26,4,6,0.6666666666666666
2009-01-01,27,4,6,0.6666666666666666
2009-01-01,28,4,6,0.6666666666666666
2009-01-01,29,4,6,0.6666666666666666
2009-01-01,30,4,6,0.6666666666666666
2009-01-01,31,4,6,0.6666666666666666
2009-01-01,32,4,6,0.6666666666666666
2009-01-01,33,4,6,0.6666666666666666
2009-01-01,34,4,6,0.6666666666666666
2009-01-01,35,4,6,0.6666666666666666
2009-01-01,36,4,6,0.6666666666666666
2009-01-01,37,4,6,0.6666666666666666
2009-01-01,38,4,6,0.6666666666666666
2009-01-01,39,4,6,0.6666666666666666
2009-01-01,40,4,6,0.6666666666666666
2009-01-01,41,4,6,0.6666666666666666
2009-01-01,42,4,6,0.6666666666666666
2009-01-01,43,4,6,0.6666666666666666
2009-01-01,44,4,6,0.6666666666666666
2009-01-01,45,4,6,0.6666666666666666
2009-01-01,46,4,6,0.6666666666666666
2009-01-01,47,4,6,0.6666666666666666
2009-01-01,48,4,6,0.6666666666666666
2009-01-01,49,4,6,0.6666666666666666
2009-01-01,50,4,6,0.6666666666666666
2009-01-01,51,4,6,0.6666666666666666
2009-01-01,52,4,6,0.6666666666666666
2009-01-01,53,4,6,0.6666666666666666
2009-01-01,54,4,6,0.6666666666666666
2009-01-01,55,4,6,0.6666666666666666
2009-01-01,56,4,6,0.6666666666666666
2009-01-01,57,4,6,0.6666666666666666
2009-01-01,58,4,6,0.6666666666666666
2009-01-01,59,4,6,0.6666666666666666
2009-01-01,60,4,6,0.6666666666666666
2009-01-01,61,4,6,0.6666666666666666
2009-01-01,62,4,6,0.6666666666666666
2009-01-01,63,4,6,0.6666666666666666
2009-01-01,64,4,6,0.6666666666666666
2009-01-01,65,4,6,0.6666666666666666
2009-01-01,66,4,6,0.6666666666666666
2009-01-01,67,4,6,0.6666666666666666
2009-01-01,68,4,6,0.6666666666666666
2009-01-01,69,4,6,0.6666666666666666
2009-01-01,70,4,6,0.6666666666666666
2009-01-01,71,4,6,0.6666666666666666
2009-01-01,72,4,6,0.6666666666666666
2009-01-01,73,4,6,0.6666666666666666
2009-01-01,74,4,6,0.6666666666666666
2009-01-01,75,4,6,0.6666666666666666
2009-01-01,76,4,6,0.6666666666666666
2009-01-01,77,4,6,0.6666666666666666
2009-01-01,78,4,6,0.6666666666666666
2009-01-01,79,4,6,0.6666666666666666
2009-01-01,80,4,6,0.6666666666666666
2009-01-01,81,4,6,0.6666666666666666
2009-01-01,82,4,6,0.6666666666666666
2009-01-01,83,4,6,0.6666666666666666
2009-01-01,84,4,6,0.6666666666666666
2009-01-01,85,4,6,0.6666666666666666
2009-01-01,86,4,6,0.6666666666666666
2009-01-01,87,4,6,0.6666666666666666
2009-01-01,88,4,6,0.6666666666666666
2009-01-01,89,4,6,0.6666666666666666
2009-01-01,90,4,6,0.6666666666666666
2009-01-01,91,4,6,0.6666666666666666
2009-01-01,92,4,6,0.6666666666666666
2009-01-01,93,4,6,0.6666666666666666
2009-01-01,94,4,6,0.6666666666666666
2009-01-01,95,4,6,0.6666666666666666
2009-01-01,96,4,6,0.6666666666666666
2009-01-01,97,4,6,0.6666666666666666
2009-01-01,98,4,6,0.6666666666666666
2009-01-01,99,4,6,0.6666666666666666
2009-01-01,100,4,6,0.6666666666666666
2009-01-01,101,4,6,0.6666666666666666
2009-01-01,102,4,6,0.6666666666666666
2009-01-01,103,4,6,0.6666666666666666
2009-01-01,104,4,6,0.6666666666666666
2009-01-01,105,4,6,0.6666666666666666
2009-01-01,106,4,6,0.6666666666666666
2009-01-01,107,4,6,0.6666666666666666
2009-01-01,108,4,6,0.6666666666666666
2009-01-01,109,4,6,0.6666666666666666
2009-01-01,110,4,6,0.6666666666666666
2009-01-01,111,4,6,0.6666666666666666
2009-01-01,112,4,6,0.6666666666666666
2009-01-01,113,4,6,0.6666666666666666
2009-01-01,114,4,6,0.6666666666666666
2009-01-01,115,4,6,0.6666666666666666
2009-01-01,116,4,6,0.6666666666666666
2009-01-01,117,4,6,0.6666666666666666
2009-01-01,118,4,6,0.6666666666666666
2009-01-01,119,4,6,0.6666666666666666
2009-01-01,120,4,6,0.6666666666666666
2009-01-01,121,4,6,0.6666666666666666
2009-01-01,122,4,6,0.6666666666666666
2009-01-01,123,4,6,0.6666666666666666
2009-01-01,124,4,6,0.6666666666666666
2009-01-01,125,4,6,0.6666666666666666
2009-01-01,126,4,6,0.6666666666666666
2009-01-01,127,4,6,0.6666666666666666
2009-01-01,128,4,6,0.6666666666666666
2009-01-01,129,4,6,0.6666666666666666
2009-02-01,11,5,8,0.625
2009-02-01,12,5,8,0.625
2009-02-01,13,5,8,0.625
2009-02-01,14,5,8,0.625
2009-02-01,15,5,8,0.625
2009-02-01,16,5,8,0.625
2009-02-01,17,5,8,0.625
2009-02-01,18,5,8,0.625
2009-02-01,19,5,8,0.625
2009-02-01,20,5,8,0.625
2009-02-01,21,5,8,0.625
2009-02-01,22,5,8,0.625
2009-02-01,23,5,8,0.625
2009-02-01,24,5,8,0.625
2009-02-01,25,5,8,0.625
2009-02-01,26,5,8,0.625
2009-02-01,27,5,8,0.625
2009-02-01,28,5,8,0.625
2009-02-01,29,5,8,0.625
2009-02-01,30,5,8,0.625
2009-02-01,31,5,8,0.625
2009-02-01,32,5,8,0.625
2009-02-01,33,5,8,0.625
2009-02-01,34,5,8,0.625
2009-02-01,35,5,8,0.625
2009-02-01,36,5,8,0.625
2009-02-01,37,5,8,0.625
2009-02-01,38,5,8,0.625
2009-02-01,39,5,8,0.625
2009-02-01,40,5,8,0.625
2009-02-01,41,5,8,0.625
2009-02-01,42,5,8,0.625
2009-02-01,43,5,8,0.625
2009-02-01,44,5,8,0.625
2009-02-01,45,5,8,0.625
2009-02-01,46,5,8,0.625
2009-02-01,47,5,8,0.625
2009-02-01,48,5,8,0.625
2009-02-01,49,5,8,0.625
2009-02-01,50,5,8,0.625
2009-02-01,51,5,8,0.625
2009-02-01,52,5,8,0.625
2009-02-01,53,5,8,0.625
2009-02-01,54,5,8,0.625
2009-02-01,55,5,8,0.625
2009-02-01,56,5,8,0.625
2009-02-01,57,5,8,0.625
2009-02-01,58,5,8,0.625
2009-02-01,59,5,8,0.625
2009-02-01,60,5,8,0.625
2009-02-01,61,5,8,0.625
2009-02-01,62,5,8,0.625
2009-02-01,63,5,8,0.625
2009-02-01,64,5,8,0.625
2009-02-01,65,5,8,0.625
2009-02-01,66,5,8,0.625
2009-02-01,67,5,8,0.625
2009-02-01,68,5,8,0.625
2009-02-01,69,5,8,0.625
2009-02-01,70,5,8,0.625
2009-02-01,71,5,8,0.625
2009-02-01,72,5,8,0.625
2009-02-01,73,5,8,0.625
2009-02-01,74,5,8,0.625
2009-02-01,75,5,8,0.625
2009-02-01,76,5,8,0.625
2009-02-01,77,5,8,0.625
2009-02-01,78,5,8,0.625
2009-02-01,79,5,8,0.625
2009-02-01,80,5,8,0.625
2009-02-01,81,5,8,0.625
2009-02-01,82,5,8,0.625
2009-02-01,83,5,8,0.625
2009-02-01,84,5,8,0.625
2009-02-01,85,5,8,0.625
2009-02-01,86,5,8,0.625
2009-02-01,87,5,8,0.625
2009-02-01,88,5,8,0.625
2009-02-01,89,5,8,0.625
2009-02-01,90,5,8,0.625
2009-02-01,91,5,8,0.625
2009-02-01,92,5,8,0.625
2009-02-01,93,5,8,0.625
2009-02-01,94,5,8,0.625
2009-02-01,95,5,8,0.625
2009-02-01,96,5,8,0.625
2009-02-01,97,5,8,0.625
2009-02-01,98,5,8,0.625
2009-02-01,99,5,8,0.625
2009-02-01,100,5,8,0.625
2009-02-01,101,5,8,0.625
2009-02-01,102,5,8,0.625
2009-02-01,103,5,8,0.625
2009-02-01,104,5,8,0.625
2009-02-01,105,5,8,0.625
2009-02-01,106,5,8,0.625
2009-02-01,107,5,8,0.625
2009-02-01,108,5,8,0.625
2009-02-01,109,5,8,0.625
2009-02-01,110,5,8,0.625
2009-02-01,111,5,8,0.625
2009-02-01,112,5,8,0.625
2009-02-01,113,5,8,0.625
2009-02-01,114,5,8,0.625
2009-02-01,115,5,8,0.625
2009-02-01,116,5,8,0.625
2009-02-01,117,5,8,0.625
2009-02-01,118,5,8,0.625
2009-02-01,119,5,8,0.625
2009-02-01,120,5,8,0.625
2009-02-01,121,5,8,0.625
2009-02-01,122,5,8,0.625
2009-02-01,123,5,8,0.625
2009-02-01,124,5,8,0.625
2009-02-01,125,5,8,0.625
2009-02-01,126,5,8,0.625
2009-02-01,127,5,8,0.625
2009-02-01,128,5,8,0.625
2009-03-01,10,3,5,0.6
2009-03-01,11,3,5,0.6
2009-03-01,12,3,5,0.6
2009-03-01,13,3,5,0.6
2009-03-01,14,3,5,0.6
2009-03-01,15,3,5,0.6
2009-03-01,16,3,5,0.6
2009-03-01,17,3,5,0.6
2009-03-01,18,3,5,0.6
2009-03-01,19,3,5,0.6
2009-03-01,20,3,5,0.6
2009-03-01,21,3,5,0.6
2009-03-01,22,3,5,0.6
2009-03-01,23,3,5,0.6
2009-03-01,24,3,5,0.6
2009-03-01,25,3,5,0.6
2009-03-01,26,3,5,0.6
2009-03-01,27,3,5,0.6
2009-03-01,28,3,5,0.6
2009-03-01,29,3,5,0.6
2009-03-01,30,3,5,0.6
2009-03-01,31,3,5,0.6
2009-03-01,32,3,5,0.6
2009-03-01,33,3,5,0.6
2009-03-01,34,3,5,0.6
2009-03-01,35,3,5,0.6
2009-03-01,36,3,5,0.6
2009-03-01,37,3,5,0.6
2009-03-01,38,3,5,0.6
2009-03-01,39,3,5,0.6
2009-03-01,40,3,5,0.6
2009-03-01,41,3,5,0.6
2009-03-01,42,3,5,0.6
2009-03-01,43,3,5,0.6
2009-03-01,44,3,5,0.6
2009-03-01,45,3,5,0.6
2009-03-01,46,3,5,0.6
2009-03-01,47,3,5,0.6
2009-03-01,48,3,5,0.6
2009-03-01,49,3,5,0.6
2009-03-01,50,3,5,0.6
2009-03-01,51,3,5,0.6
2009-03-01,52,3,5,0.6
2009-03-01,53,3,5,0.6
2009-03-01,54,3,5,0.6
2009-03-01,55,3,5,0.6
2009-03-01,56,3,5,0.6
2009-03-01,57,3,5,0.6
2009-03-01,58,3,5,0.6
2009-03-01,59,3,5,0.6
2009-03-01,60,3,5,0.6
2009-03-01,61,3,5,0.6
2009-03-01,62,3,5,0.6
2009-03-01,63,3,5,0.6
2009-03-01,64,3,5,0.6
2009-03-01,65,3,5,0.6
2009-03-01,66,3,5,0.6
2009-03-01,67,3,5,0.6
2009-03-01,68,3,5,0.6
2009-03-01,69,3,5,0.6
2009-03-01,70,3,5,0.6
2009-03-01,71,3,5,0.6
2009-03-01,72,3,5,0.6
2009-03-01,73,3,5,0.6
2009-03-01,74,3,5,0.6
2009-03-01,75,3,5,0.6
2009-03-01,76,3,5,0.6
2009-03-01,77,3,5,0.6
2009-03-01,78,3,5,0.6
2009-03-01,79,3,5,0.6
2009-03-01,80,3,5,0.6
2009-03-01,81,3,5,0.6
2009-03-01,82,3,5,0.6
2009-03-01,83,3,5,0.6
2009-03-01,84,3,5,0.6
2009-03-01,85,3,5,0.6
2009-03-01,86,3,5,0.6
2009-03-01,87,3,5,0.6
2009-03-01,88,3,5,0.6
2009-03-01,89,3,5,0.6
2009-03-01,90,3,5,0.6
2009-03-01,91,3,5,0.6
2009-03-01,92,3,5,0.6
2009-03-01,93,3,5,0.6
2009-03-01,94,3,5,0.6
2009-03-01,95,3,5,0.6
2009-03-01,96,3,5,0.6
2009-03-01,97,3,5,0.6
2009-03-01,98,3,5,0.6
2009-03-01,99,3,5,0.6
2009-03-01,100,3,5,0.6
2009-03-01,101,3,5,0.6
2009-03-01,102,3,5,0.6
2009-03-01,103,3,5,0.6
2009-03-01,104,3,5,0.6
2009-03-01,105,3,5,0.6
2009-03-01,106,3,5,0.6
2009-03-01,107,3,5,0.6
2009-03-01,108,3,5,0.6
2009-03-01,109,3,5,0.6
2009-03-01,110,3,5,0.6
2009-03-01,111,3,5,0.6
2009-03-01,112,3,5,0.6
2009-03-01,113,3,5,0.6
2009-03-01,114,3,5,0.6
2009-03-01,115,3,5,0.6
2009-03-01,116,3,5,0.6
2009-03-01,117,3,5,0.6
2009-03-01,118,3,5,0.6
2009-03-01,119,3,5,0.6
2009-03-01,120,3,5,0.6
2009-03-01,121,3,5,0.6
2009-03-01,122,3,5,0.6
2009-03-01,123,3,5,0.6
2009-03-01,124,3,5,0.6
2009-03-01,125,3,5,0.6
2009-03-01,126,3,5,0.6
2009-03-01,127,3,5,0.6
2009-04-01,9,5,7,0.7142857142857143
2009-04-01,10,5,7,0.7142857142857143
2009-04-01,11,5,7,0.7142857142857143
2009-04-01,12,5,7,0.7142857142857143
2009-04-01,13,5,7,0.7142857142857143
2009-04-01,14,5,7,0.7142857142857143
2009-04-01,15,5,7,0.7142857142857143
2009-04-01,16,5,7,0.7142857142857143
2009-04-01,17,5,7,0.7142857142857143
2009-04-01,18,5,7,0.7142857142857143
2009-04-01,19,5,7,0.7142857142857143
2009-04-01,20,5,7,0.7142857142857143
2009-04-01,21,5,7,0.7142857142857143
2009-04-01,22,5,7,0.7142857142857143
2009-04-01,23,5,7,0.7142857142857143
2009-04-01,24,5,7,0.7142857142857143
2009-04-01,25,5,7,0.7142857142857143
2009-04-01,26,5,7,0.7142857142857143
2009-04-01,27,5,7,0.7142857142857143
2009-04-01,28,5,7,0.7142857142857143
2009-04-01,29,5,7,0.7142857142857143
2009-04-01,30,5,7,0.7142857142857143
2009-04-01,31,5,7,0.7142857142857143
2009-04-01,32,5,7,0.7142857142857143
2009-04-01,33,5,7,0.7142857142857143
2009-04-01,34,5,7,0.7142857142857143
2009-04-01,35,5,7,0.7142857142857143
2009-04-01,36,5,7,0.7142857142857143
2009-04-01,37,5,7,0.7142857142857143
2009-04-01,38,5,7,0.7142857142857143
2009-04-01,39,5,7,0.7142857142857143
2009-04-01,40,5,7,0.7142857142857143
2009-04-01,41,5,7,0.7142857142857143
2009-04-01,42,5,7,0.7142857142857143
2009-04-01,43,5,7,0.7142857142857143
2009-04-01,44,5,7,0.7142857142857143
2009-04-01,45,5,7,0.7142857142857143
2009-04-01,46,5,7,0.7142857142857143
2009-04-01,47,5,7,0.7142857142857143
2009-04-01,48,5,7,0.7142857142857143
2009-04-01,49,5,7,0.7142857142857143
2009-04-01,50,5,7,0.7142857142857143
2009-04-01,51,5,7,0.7142857142857143
2009-04-01,52,5,7,0.7142857142857143
2009-04-01,53,5,7,0.7142857142857143
2009-04-01,54,5,7,0.7142857142857143
2009-04-01,55,5,7,0.7142857142857143
2009-04-01,56,5,7,0.7142857142857143
2009-04-01,57,5,7,0.7142857142857143
2009-04-01,58,5,7,0.7142857142857143
2009-04-01,59,5,7,0.7142857142857143
2009-04-01,60,5,7,0.7142857142857143
2009-04-01,61,5,7,0.7142857142857143
2009-04-01,62,5,7,0.7142857142857143
2009-04-01,63,5,7,0.7142857142857143
2009-04-01,64,5,7,0.7142857142857143
2009-04-01,65,5,7,0.7142857142857143
2009-04-01,66,5,7,0.7142857142857143
2009-04-01,67,5,7,0.7142857142857143
2009-04-01,68,5,7,0.7142857142857143
2009-04-01,69,5,7,0.7142857142857143
2009-04-01,70,5,7,0.7142857142857143
2009-04-01,71,5,7,0.7142857142857143
2009-04-01,72,5,7,0.7142857142857143
2009-04-01,73,5,7,0.7142857142857143
2009-04-01,74,5,7,0.7142857142857143
2009-04-01,75,5,7,0.7142857142857143
2009-04-01,76,5,7,0.7142857142857143
2009-04-01,77,5,7,0.7142857142857143
2009-04-01,78,5,7,0.7142857142857143
2009-04-01,79,5,7,0.7142857142857143
2009-04-01,80,5,7,0.7142857142857143
2009-04-01,81,5,7,0.7142857142857143
2009-04-01,82,5,7,0.7142857142857143
2009-04-01,83,5,7,0.7142857142857143
2009-04-01,84,5,7,0.7142857142857143
2009-04-01,85,5,7,0.7142857142857143
2009-04-01,86,5,7,0.7142857142857143
2009-04-01,87,5,7,0.7142857142857143
2009-04-01,88,5,7,0.7142857142857143
2009-04-01,89,5,7,0.7142857142857143
2009-04-01,90,5,7,0.7142857142857143
2009-04-01,91,5,7,0.7142857142857143
2009-04-01,92,5,7,0.7142857142857143
2009-04-01,93,5,7,0.7142857142857143
2009-04-01,94,5,7,0.7142857142857143
2009-04-01,95,5,7,0.7142857142857143
2009-04-01,96,5,7,0.7142857142857143
2009-04-01,97,5,7,0.7142857142857143
2009-04-01,98,5,7,0.7142857142857143
2009-04-01,99,5,7,0.7142857142857143
2009-04-01,100,5,7,0.7142857142857143
2009-04-01,101,5,7,0.7142857142857143
2009-04-01,102,5,7,0.7142857142857143
2009-04-01,103,5,7,0.7142857142857143
2009-04-01,104,5,7,0.7142857142857143
2009-04-01,105,5,7,0.7142857142857143
2009-04-01,106,5,7,0.7142857142857143
2009-04-01,107,5,7,0.7142857142857143
2009-04-01,108,5,7,0.7142857142857143
2009-04-01,109,5,7,0.7142857142857143
2009-04-01,110,5,7,0.7142857142857143
2009-04-01,111,5,7,0.7142857142857143
2009-04-01,112,5,7,0.7142857142857143
2009-04-01,113,5,7,0.7142857142857143
2009-04-01,114,5,7,0.7142857142857143
2009-04-01,115,5,7,0.7142857142857143
2009-04-01,116,5,7,0.7142857142857143
2009-04-01,117,5,7,0.7142857142857143
2009-04-01,118,5,7,0.7142857142857143
2009-04-01,119,5,7,0.7142857142857143
2009-04-01,120,5,7,0.7142857142857143
2009-04-01,121,5,7,0.7142857142857143
2009-04-01,122,5,7,0.7142857142857143
2009-04-01,123,5,7,0.7142857142857143
2009-04-01,124,5,7,0.7142857142857143
2009-04-01,125,5,7,0.7142857142857143
2009-04-01,126,5,7,0.7142857142857143
2009-05-01,8,6,11,0.5454545454545454
2009-05-01,9,6,11,0.5454545454545454
2009-05-01,10,6,11,0.5454545454545454
2009-05-01,11,7,11,0.6363636363636364
2009-05-01,12,7,11,0.6363636363636364
2009-05-01,13,7,11,0.6363636363636364
2009-05-01,14,7,11,0.6363636363636364
2009-05-01,15,7,11,0.6363636363636364
2009-05-01,16,7,11,0.6363636363636364
2009-05-01,17,7,11,0.6363636363636364
2009-05-01,18,7,11,0.6363636363636364
2009-05-01,19,7,11,0.6363636363636364
2009-05-01,20,7,11,0.6363636363636364
2009-05-01,21,7,11,0.6363636363636364
2009-05-01,22,7,11,0.6363636363636364
2009-05-01,23,7,11,0.6363636363636364
2009-05-01,24,7,11,0.6363636363636364
2009-05-01,25,7,11,0.6363636363636364
2009-05-01,26,7,11,0.6363636363636364
2009-05-01,27,7,11,0.6363636363636364
2009-05-01,28,7,11,0.6363636363636364
2009-05-01,29,7,11,0.6363636363636364
2009-05-01,30,7,11,0.6363636363636364
2009-05-01,31,7,11,0.6363636363636364
2009-05-01,32,7,11,0.6363636363636364
2009-05-01,33,7,11,0.6363636363636364
2009-05-01,34,7,11,0.6363636363636364
2009-05-01,35,7,11,0.6363636363636364
2009-05-01,36,7,11,0.6363636363636364
2009-05-01,37,7,11,0.6363636363636364
2009-05-01,38,7,11,0.6363636363636364
2009-05-01,39,7,11,0.6363636363636364
2009-05-01,40,7,11,0.6363636363636364
2009-05-01,41,7,11,0.6363636363636364
2009-05-01,42,7,11,0.6363636363636364
2009-05-01,43,7,11,0.6363636363636364
2009-05-01,44,7,11,0.6363636363636364
2009-05-01,45,7,11,0.6363636363636364
2009-05-01,46,7,11,0.6363636363636364
2009-05-01,47,7,11,0.6363636363636364
2009-05-01,48,7,11,0.6363636363636364
2009-05-01,49,7,11,0.6363636363636364
2009-05-01,50,7,11,0.6363636363636364
2009-05-01,51,7,11,0.6363636363636364
2009-05-01,52,7,11,0.6363636363636364
2009-05-01,53,7,11,0.6363636363636364
2009-05-01,54,7,11,0.6363636363636364
2009-05-01,55,7,11,0.6363636363636364
2009-05-01,56,7,11,0.6363636363636364
2009-05-01,57,7,11,0.6363636363636364
2009-05-01,58,7,11,0.6363636363636364
2009-05-01,59,7,11,0.6363636363636364
2009-05-01,60,7,11,0.6363636363636364
2009-05-01,61,7,11,0.6363636363636364
2009-05-01,62,7,11,0.6363636363636364
2009-05-01,63,7,11,0.6363636363636364
2009-05-01,64,7,11,0.6363636363636364
2009-05-01,65,7,11,0.6363636363636364
2009-05-01,66,7,11,0.6363636363636364
2009-05-01,67,7,11,0.6363636363636364
2009-05-01,68,7,11,0.6363636363636364
2009-05-01,69,7,11,0.6363636363636364
2009-05-01,70,7,11,0.6363636363636364
2009-05-01,71,7,11,0.6363636363636364
2009-05-01,72,7,11,0.6363636363636364
2009-05-01,73,7,11,0.6363636363636364
2009-05-01,74,7,11,0.6363636363636364
2009-05-01,75,7,11,0.6363636363636364
2009-05-01,76,7,11,0.6363636363636364
2009-05-01,77,7,11,0.6363636363636364
2009-05-01,78,7,11,0.6363636363636364
2009-05-01,79,7,11,0.6363636363636364
2009-05-01,80,7,11,0.6363636363636364
2009-05-01,81,7,11,0.6363636363636364
2009-05-01,82,7,11,0.6363636363636364
2009-05-01,83,7,11,0.6363636363636364
2009-05-01,84,7,11,0.6363636363636364
2009-05-01,85,7,11,0.6363636363636364
2009-05-01,86,7,11,0.6363636363636364
2009-05-01,87,7,11,0.6363636363636364
2009-05-01,88,7,11,0.6363636363636364
2009-05-01,89,7,11,0.6363636363636364
2009-05-01,90,7,11,0.6363636363636364
2009-05-01,91,7,11,0.6363636363636364
2009-05-01,92,7,11,0.6363636363636364
2009-05-01,93,7,11,0.6363636363636364
2009-05-01,94,7,11,0.6363636363636364
2009-05-01,95,7,11,0.6363636363636364
2009-05-01,96,7,11,0.6363636363636364
2009-05-01,97,7,11,0.6363636363636364
2009-05-01,98,7,11,0.6363636363636364
2009-05-01,99,7,11,0.6363636363636364
2009-05-01,100,7,11,0.6363636363636364
2009-05-01,101,7,11,0.6363636363636364
2009-05-01,102,7,11,0.6363636363636364
2009-05-01,103,7,11,0.6363636363636364
2009-05-01,104,7,11,0.6363636363636364
2009-05-01,105,7,11,0.6363636363636364
2009-05-01,106,7,11,0.6363636363636364
2009-05-01,107,7,11,0.6363636363636364
2009-05-01,108,7,11,0.6363636363636364
2009-05-01,109,7,11,0.6363636363636364
2009-05-01,110,7,11,0.6363636363636364
2009-05-01,111,7,11,0.6363636363636364
2009-05-01,112,7,11,0.6363636363636364
2009-05-01,113,7,11,0.6363636363636364
2009-05-01,114,7,11,0.6363636363636364
2009-05-01,115,7,11,0.6363636363636364
2009-05-01,116,7,11,0.6363636363636364
2009-05-01,117,7,11,0.6363636363636364
2009-05-01,118,7,11,0.6363636363636364
2009-05-01,119,7,11,0.6363636363636364
2009-05-01,120,7,11,0.6363636363636364
2009-05-01,121,7,11,0.6363636363636364
2009-05-01,122,7,11,0.6363636363636364
2009-05-01,123,7,11,0.6363636363636364
2009-05-01,124,7,11,0.6363636363636364
2009-05-01,125,7,11,0.6363636363636364
2009-06-01,7,11,13,0.8461538461538461
2009-06-01,8,11,13,0.8461538461538461
2009-06-01,9,11,13,0.8461538461538461
2009-06-01,10,11,13,0.8461538461538461
2009-06-01,11,11,13,0.8461538461538461
2009-06-01,12,11,13,0.8461538461538461
2009-06-01,13,11,13,0.8461538461538461
2009-06-01,14,11,13,0.8461538461538461
2009-06-01,15,11,13,0.8461538461538461
2009-06-01,16,11,13,0.8461538461538461
2009-06-01,17,11,13,0.8461538461538461
2009-06-01,18,11,13,0.8461538461538461
2009-06-01,19,11,13,0.8461538461538461
2009-06-01,20,10,13,0.7692307692307693
2009-06-01,21,10,13,0.7692307692307693
2009-06-01,22,10,13,0.7692307692307693
2009-06-01,23,10,13,0.7692307692307693
2009-06-01,24,10,13,0.7692307692307693
2009-06-01,25,10,13,0.7692307692307693
2009-06-01,26,10,13,0.7692307692307693
2009-06-01,27,10,13,0.7692307692307693
2009-06-01,28,10,13,0.7692307692307693
2009-06-01,29,10,13,0.7692307692307693
2009-06-01,30,10,13,0.7692307692307693
2009-06-01,31,10,13,0.7692307692307693
2009-06-01,32,10,13,0.7692307692307693
2009-06-01,33,10,13,0.7692307692307693
2009-06-01,34,10,13,0.7692307692307693
2009-06-01,35,10,13,0.7692307692307693
2009-06-01,36,10,13,0.7692307692307693
2009-06-01,37,10,13,0.7692307692307693
2009-06-01,38,10,13,0.7692307692307693
2009-06-01,39,10,13,0.7692307692307693
2009-06-01,40,10,13,0.7692307692307693
2009-06-01,41,10,13,0.7692307692307693
2009-06-01,42,10,13,0.7692307692307693
2009-06-01,43,10,13,0.7692307692307693
2009-06-01,44,10,13,0.7692307692307693
2009-06-01,45,10,13,0.7692307692307693
2009-06-01,46,10,13,0.7692307692307693
2009-06-01,47,10,13,0.7692307692307693
2009-06-01,48,9,13,0.6923076923076923
2009-06-01,49,9,13,0.6923076923076923
2009-06-01,50,9,13,0.6923076923076923
2009-06-01,51,9,13,0.6923076923076923
2009-06-01,52,9,13,0.6923076923076923
2009-06-01,53,9,13,0.6923076923076923
2009-06-01,54,9,13,0.6923076923076923
2009-06-01,55,9,13,0.6923076923076923
2009-06-01,56,10,13,0.7692307692307693
2009-06-01,57,10,13,0.7692307692307693
2009-06-01,58,10,13,0.7692307692307693
2009-06-01,59,10,13,0.7692307692307693
2009-06-01,60,10,13,0.7692307692307693
2009-06-01,61,10,13,0.7692307692307693
2009-06-01,62,10,13,0.7692307692307693
2009-06-01,63,10,13,0.7692307692307693
2009-06-01,64,10,13,0.7692307692307693
2009-06-01,65,10,13,0.7692307692307693
2009-06-01,66,10,13,0.7692307692307693
2009-06-01,67,10,13,0.7692307692307693
2009-06-01,68,10,13,0.7692307692307693
2009-06-01,69,10,13,0.7692307692307693
2009-06-01,70,10,13,0.7692307692307693
2009-06-01,71,10,13,0.7692307692307693
2009-06-01,72,10,13,0.7692307692307693
2009-06-01,73,10,13,0.7692307692307693
2009-06-01,74,10,13,0.7692307692307693
2009-06-01,75,10,13,0.7692307692307693
2009-06-01,76,10,13,0.7692307692307693
2009-06-01,77,10,13,0.7692307692307693
2009-06-01,78,10,13,0.7692307692307693
2009-06-01,79,10,13,0.7692307692307693
2009-06-01,80,10,13,0.7692307692307693
2009-06-01,81,10,13,0.7692307692307693
2009-06-01,82,10,13,0.7692307692307693
2009-06-01,83,10,13,0.7692307692307693
2009-06-01,84,10,13,0.7692307692307693
2009-06-01,85,11,13,0.8461538461538461
2009-06-01,86,10,13,0.7692307692307693
2009-06-01,87,11,13,0.8461538461538461
2009-06-01,88,11,13,0.8461538461538461
2009-06-01,89,11,13,0.8461538461538461
2009-06-01,90,11,13,0.8461538461538461
2009-06-01,91,11,13,0.8461538461538461
2009-06-01,92,11,13,0.8461538461538461
2009-06-01,93,11,13,0.8461538461538461
2009-06-01,94,11,13,0.8461538461538461
2009-06-01,95,11,13,0.8461538461538461
2009-06-01,96,11,13,0.8461538461538461
2009-06-01,97,11,13,0.8461538461538461
2009-06-01,98,11,13,0.8461538461538461
2009-06-01,99,11,13,0.8461538461538461
2009-06-01,100,11,13,0.8461538461538461
2009-06-01,101,11,13,0.8461538461538461
2009-06-01,102,11,13,0.8461538461538461
2009-06-01,103,11,13,0.8461538461538461
2009-06-01,104,11,13,0.8461538461538461
2009-06-01,105,11,13,0.8461538461538461
2009-06-01,106,11,13,0.8461538461538461
2009-06-01,107,11,13,0.8461538461538461
2009-06-01,108,11,13,0.8461538461538461
2009-06-01,109,11,13,0.8461538461538461
2009-06-01,110,11,13,0.8461538461538461
2009-06-01,111,11,13,0.8461538461538461
2009-06-01,112,11,13,0.8461538461538461
2009-06-01,113,11,13,0.8461538461538461
2009-06-01,114,11,13,0.8461538461538461
2009-06-01,115,11,13,0.8461538461538461
2009-06-01,116,11,13,0.8461538461538461
2009-06-01,117,11,13,0.8461538461538461
2009-06-01,118,11,13,0.8461538461538461
2009-06-01,119,11,13,0.8461538461538461
2009-06-01,120,11,13,0.8461538461538461
2009-06-01,121,11,13,0.8461538461538461
2009-06-01,122,11,13,0.8461538461538461
2009-06-01,123,11,13,0.8461538461538461
2009-06-01,124,11,13,0.8461538461538461
2009-07-01,6,8,10,0.8
2009-07-01,7,8,10,0.8
2009-07-01,8,8,10,0.8
2009-07-01,9,8,10,0.8
2009-07-01,10,8,10,0.8
2009-07-01,11,8,10,0.8
2009-07-01,12,8,10,0.8
2009-07-01,13,8,10,0.8
2009-07-01,14,8,10,0.8
2009-07-01,15,8,10,0.8
2009-07-01,16,8,10,0.8
2009-07-01,17,8,10,0.8
2009-07-01,18,8,10,0.8
2009-07-01,19,8,10,0.8
2009-07-01,20,8,10,0.8
2009-07-01,21,8,10,0.8
2009-07-01,22,8,10,0.8
2009-07-01,23,8,10,0.8
2009-07-01,24,8,10,0.8
2009-07-01,25,8,10,0.8
2009-07-01,26,8,10,0.8
2009-07-01,27,8,10,0.8
2009-07-01,28,8,10,0.8
2009-07-01,29,8,10,0.8
2009-07-01,30,8,10,0.8
2009-07-01,31,8,10,0.8
2009-07-01,32,8,10,0.8
2009-07-01,33,8,10,0.8
2009-07-01,34,8,10,0.8
2009-07-01,35,8,10,0.8
2009-07-01,36,8,10,0.8
2009-07-01,37,8,10,0.8
2009-07-01,38,8,10,0.8
2009-07-01,39,8,10,0.8
2009-07-01,40,8,10,0.8
2009-07-01,41,8,10,0.8
2009-07-01,42,8,10,0.8
2009-07-01,43,8,10,0.8
2009-07-01,44,8,10,0.8
2009-07-01,45,8,10,0.8
2009-07-01,46,8,10,0.8
2009-07-01,47,8,10,0.8
2009-07-01,48,8,10,0.8
2009-07-01,49,8,10,0.8
2009-07-01,50,8,10,0.8
2009-07-01,51,8,10,0.8
2009-07-01,52,8,10,0.8
2009-07-01,53,8,10,0.8
2009-07-01,54,8,10,0.8
2009-07-01,55,8,10,0.8
2009-07-01,56,8,10,0.8
2009-07-01,57,8,10,0.8
2009-07-01,58,8,10,0.8
2009-07-01,59,8,10,0.8
2009-07-01,60,8,10,0.8
2009-07-01,61,8,10,0.8
2009-07-01,62,8,10,0.8
2009-07-01,63,8,10,0.8
2009-07-01,64,8,10,0.8
2009-07-01,65,8,10,0.8
2009-07-01,66,8,10,0.8
2009-07-01,67,8,10,0.8
2009-07-01,68,8,10,0.8
2009-07-01,69,8,10,0.8
2009-07-01,70,8,10,0.8
2009-07-01,71,8,10,0.8
2009-07-01,72,8,10,0.8
2009-07-01,73,8,10,0.8
2009-07-01,74,8,10,0.8
2009-07-01,75,8,10,0.8
2009-07-01,76,8,10,0.8
2009-07-01,77,8,10,0.8
2009-07-01,78,8,10,0.8
2009-07-01,79,8,10,0.8
2009-07-01,80,8,10,0.8
2009-07-01,81,8,10,0.8
2009-07-01,82,8,10,0.8
2009-07-01,83,8,10,0.8
2009-07-01,84,8,10,0.8
2009-07-01,85,8,10,0.8
2009-07-01,86,8,10,0.8
2009-07-01,87,8,10,0.8
2009-07-01,88,8,10,0.8
2009-07-01,89,8,10,0.8
2009-07-01,90,8,10,0.8
2009-07-01,91,8,10,0.8
2009-07-01,92,8,10,0.8
2009-07-01,93,8,10,0.8
2009-07-01,94,8,10,0.8
2009-07-01,95,8,10,0.8
2009-07-01,96,8,10,0.8
2009-07-01,97,8,10,0.8
2009-07-01,98,8,10,0.8
2009-07-01,99,8,10,0.8
2009-07-01,100,8,10,0.8
2009-07-01,101,8,10,0.8
2009-07-01,102,8,10,0.8
2009-07-01,103,8,10,0.8
2009-07-01,104,8,10,0.8
2009-07-01,105,8,10,0.8
2009-07-01,106,8,10,0.8
2009-07-01,107,8,10,0.8
2009-07-01,108,8,10,0.8
2009-07-01,109,8,10,0.8
2009-07-01,110,8,10,0.8
2009-07-01,111,8,10,0.8
2009-07-01,112,8,10,0.8
2009-07-01,113,8,10,0.8
2009-07-01,114,8,10,0.8
2009-07-01,115,8,10,0.8
2009-07-01,116,8,10,0.8
2009-07-01,117,8,10,0.8
2009-07-01,118,8,10,0.8
2009-07-01,119,8,10,0.8
2009-07-01,120,8,10,0.8
2009-07-01,121,8,10,0.8
2009-07-01,122,8,10,0.8
2009-07-01,123,8,10,0.8
2009-08-01,5,4,7,0.5714285714285714
2009-08-01,6,4,7,0.5714285714285714
2009-08-01,7,4,7,0.5714285714285714
2009-08-01,8,4,7,0.5714285714285714
2009-08-01,9,4,7,0.5714285714285714
2009-08-01,10,4,7,0.5714285714285714
2009-08-01,11,4,7,0.5714285714285714
2009-08-01,12,4,7,0.5714285714285714
2009-08-01,13,4,7,0.5714285714285714
2009-08-01,14,4,7,0.5714285714285714
2009-08-01,15,4,7,0.5714285714285714
2009-08-01,16,4,7,0.5714285714285714
2009-08-01,17,4,7,0.5714285714285714
2009-08-01,18,4,7,0.5714285714285714
2009-08-01,19,4,7,0.5714285714285714
2009-08-01,20,4,7,0.5714285714285714
2009-08-01,21,4,7,0.5714285714285714
2009-08-01,22,4,7,0.5714285714285714
2009-08-01,23,4,7,0.5714285714285714
2009-08-01,24,4,7,0.5714285714285714
2009-08-01,25,4,7,0.5714285714285714
2009-08-01,26,4,7,0.5714285714285714
2009-08-01,27,4,7,0.5714285714285714
2009-08-01,28,4,7,0.5714285714285714
2009-08-01,29,4,7,0.5714285714285714
2009-08-01,30,4,7,0.5714285714285714
2009-08-01,31,4,7,0.5714285714285714
2009-08-01,32,4,7,0.5714285714285714
2009-08-01,33,4,7,0.5714285714285714
2009-08-01,34,4,7,0.5714285714285714
2009-08-01,35,4,7,0.5714285714285714
2009-08-01,36,4,7,0.5714285714285714
2009-08-01,37,4,7,0.5714285714285714
2009-08-01,38,4,7,0.5714285714285714
2009-08-01,39,4,7,0.5714285714285714
2009-08-01,40,4,7,0.5714285714285714
2009-08-01,41,4,7,0.5714285714285714
2009-08-01,42,4,7,0.5714285714285714
2009-08-01,43,4,7,0.5714285714285714
2009-08-01,44,4,7,0.5714285714285714
2009-08-01,45,4,7,0.5714285714285714
2009-08-01,46,4,7,0.5714285714285714
2009-08-01,47,4,7,0.5714285714285714
2009-08-01,48,4,7,0.5714285714285714
2009-08-01,49,4,7,0.5714285714285714
2009-08-01,50,4,7,0.5714285714285714
2009-08-01,51,4,7,0.5714285714285714
2009-08-01,52,4,7,0.5714285714285714
2009-08-01,53,4,7,0.5714285714285714
2009-08-01,54,4,7,0.5714285714285714
2009-08-01,55,4,7,0.5714285714285714
2009-08-01,56,4,7,0.5714285714285714
2009-08-01,57,4,7,0.5714285714285714
2009-08-01,58,4,7,0.5714285714285714
2009-08-01,59,4,7,0.5714285714285714
2009-08-01,60,4,7,0.5714285714285714
2009-08-01,61,4,7,0.5714285714285714
2009-08-01,62,4,7,0.5714285714285714
2009-08-01,63,4,7,0.5714285714285714
2009-08-01,64,4,7,0.5714285714285714
2009-08-01,65,4,7,0.5714285714285714
2009-08-01,66,4,7,0.5714285714285714
2009-08-01,67,4,7,0.5714285714285714
2009-08-01,68,4,7,0.5714285714285714
2009-08-01,69,4,7,0.5714285714285714
2009-08-01,70,4,7,0.5714285714285714
2009-08-01,71,4,7,0.5714285714285714
2009-08-01,72,4,7,0.5714285714285714
2009-08-01,73,4,7,0.5714285714285714
2009-08-01,74,4,7,0.5714285714285714
2009-08-01,75,4,7,0.5714285714285714
2009-08-01,76,4,7,0.5714285714285714
2009-08-01,77,4,7,0.5714285714285714
2009-08-01,78,4,7,0.5714285714285714
2009-08-01,79,4,7,0.5714285714285714
2009-08-01,80,4,7,0.5714285714285714
2009-08-01,81,4,7,0.5714285714285714
2009-08-01,82,4,7,0.5714285714285714
2009-08-01,83,4,7,0.5714285714285714
2009-08-01,84,4,7,0.5714285714285714
2009-08-01,85,4,7,0.5714285714285714
2009-08-01,86,4,7,0.5714285714285714
2009-08-01,87,4,7,0.5714285714285714
2009-08-01,88,4,7,0.5714285714285714
2009-08-01,89,4,7,0.5714285714285714
2009-08-01,90,4,7,0.5714285714285714
2009-08-01,91,4,7,0.5714285714285714
2009-08-01,92,4,7,0.5714285714285714
2009-08-01,93,4,7,0.5714285714285714
2009-08-01,94,4,7,0.5714285714285714
2009-08-01,95,4,7,0.5714285714285714
2009-08-01,96,4,7,0.5714285714285714
2009-08-01,97,4,7,0.5714285714285714
2009-08-01,98,4,7,0.5714285714285714
2009-08-01,99,4,7,0.5714285714285714
2009-08-01,100,4,7,0.5714285714285714
2009-08-01,101,4,7,0.5714285714285714
2009-08-01,102,4,7,0.5714285714285714
2009-08-01,103,4,7,0.5714285714285714
2009-08-01,104,4,7,0.5714285714285714
2009-08-01,105,4,7,0.5714285714285714
2009-08-01,106,4,7,0.5714285714285714
2009-08-01,107,4,7,0.5714285714285714
2009-08-01,108,4,7,0.5714285714285714
2009-08-01,109,4,7,0.5714285714285714
2009-08-01,110,4,7,0.5714285714285714
2009-08-01,111,4,7,0.5714285714285714
2009-08-01,112,4,7,0.5714285714285714
2009-08-01,113,4,7,0.5714285714285714
2009-08-01,114,4,7,0.5714285714285714
2009-08-01,115,4,7,0.5714285714285714
2009-08-01,116,4,7,0.5714285714285714
2009-08-01,117,4,7,0.5714285714285714
2009-08-01,118,4,7,0.5714285714285714
2009-08-01,119,4,7,0.5714285714285714
2009-08-01,120,4,7,0.5714285714285714
2009-08-01,121,4,7,0.5714285714285714
2009-08-01,122,4,7,0.5714285714285714
2009-09-01,4,8,10,0.8
2009-09-01,5,8,10,0.8
2009-09-01,6,8,10,0.8
2009-09-01,7,8,10,0.8
2009-09-01,8,8,10,0.8
2009-09-01,9,8,10,0.8
2009-09-01,10,8,10,0.8
2009-09-01,11,8,10,0.8
2009-09-01,12,8,10,0.8
2009-09-01,13,8,10,0.8
2009-09-01,14,8,10,0.8
2009-09-01,15,8,10,0.8
2009-09-01,16,8,10,0.8
2009-09-01,17,8,10,0.8
2009-09-01,18,8,10,0.8
2009-09-01,19,8,10,0.8
2009-09-01,20,8,10,0.8
2009-09-01,21,8,10,0.8
2009-09-01,22,8,10,0.8
2009-09-01,23,8,10,0.8
2009-09-01,24,8,10,0.8
2009-09-01,25,8,10,0.8
2009-09-01,26,8,10,0.8
2009-09-01,27,8,10,0.8
2009-09-01,28,8,10,0.8
2009-09-01,29,8,10,0.8
2009-09-01,30,8,10,0.8
2009-09-01,31,8,10,0.8
2009-09-01,32,8,10,0.8
2009-09-01,33,8,10,0.8
2009-09-01,34,8,10,0.8
2009-09-01,35,8,10,0.8
2009-09-01,36,8,10,0.8
2009-09-01,37,8,10,0.8
2009-09-01,38,8,10,0.8
2009-09-01,39,8,10,0.8
2009-09-01,40,8,10,0.8
2009-09-01,41,8,10,0.8
2009-09-01,42,8,10,0.8
2009-09-01,43,8,10,0.8
2009-09-01,44,8,10,0.8
2009-09-01,45,8,10,0.8
2009-09-01,46,8,10,0.8
2009-09-01,47,8,10,0.8
2009-09-01,48,8,10,0.8
2009-09-01,49,8,10,0.8
2009-09-01,50,8,10,0.8
2009-09-01,51,8,10,0.8
2009-09-01,52,8,10,0.8
2009-09-01,53,8,10,0.8
2009-09-01,54,8,10,0.8
2009-09-01,55,8,10,0.8
2009-09-01,56,8,10,0.8
2009-09-01,57,8,10,0.8
2009-09-01,58,8,10,0.8
2009-09-01,59,8,10,0.8
2009-09-01,60,8,10,0.8
2009-09-01,61,8,10,0.8
2009-09-01,62,8,10,0.8
2009-09-01,63,8,10,0.8
2009-09-01,64,8,10,0.8
2009-09-01,65,8,10,0.8
2009-09-01,66,8,10,0.8
2009-09-01,67,8,10,0.8
2009-09-01,68,8,10,0.8
2009-09-01,69,8,10,0.8
2009-09-01,70,8,10,0.8
2009-09-01,71,8,10,0.8
2009-09-01,72,8,10,0.8
2009-09-01,73,8,10,0.8
2009-09-01,74,8,10,0.8
2009-09-01,75,8,10,0.8
2009-09-01,76,8,10,0.8
2009-09-01,77,8,10,0.8
2009-09-01,78,8,10,0.8
2009-09-01,79,8,10,0.8
2009-09-01,80,8,10,0.8
2009-09-01,81,8,10,0.8
2009-09-01,82,8,10,0.8
2009-09-01,83,8,10,0.8
2009-09-01,84,8,10,0.8
2009-09-01,85,8,10,0.8
2009-09-01,86,8,10,0.8
2009-09-01,87,8,10,0.8
2009-09-01,88,8,10,0.8
2009-09-01,89,8,10,0.8
2009-09-01,90,8,10,0.8
2009-09-01,91,8,10,0.8
2009-09-01,92,8,10,0.8
2009-09-01,93,8,10,0.8
2009-09-01,94,8,10,0.8
2009-09-01,95,8,10,0.8
2009-09-01,96,8,10,0.8
2009-09-01,97,8,10,0.8
2009-09-01,98,8,10,0.8
2009-09-01,99,8,10,0.8
2009-09-01,100,8,10,0.8
2009-09-01,101,8,10,0.8
2009-09-01,102,8,10,0.8
2009-09-01,103,8,10,0.8
2009-09-01,104,8,10,0.8
2009-09-01,105,8,10,0.8
2009-09-01,106,8,10,0.8
2009-09-01,107,8,10,0.8
2009-09-01,108,8,10,0.8
2009-09-01,109,8,10,0.8
2009-09-01,110,8,10,0.8
2009-09-01,111,8,10,0.8
2009-09-01,112,8,10,0.8
2009-09-01,113,8,10,0.8
2009-09-01,114,8,10,0.8
2009-09-01,115,8,10,0.8
2009-09-01,116,8,10,0.8
2009-09-01,117,8,10,0.8
2009-09-01,118,8,10,0.8
2009-09-01,119,8,10,0.8
2009-09-01,120,8,10,0.8
2009-09-01,121,8,10,0.8
2009-10-01,3,6,8,0.75
2009-10-01,4,6,8,0.75
2009-10-01,5,6,8,0.75
2009-10-01,6,6,8,0.75
2009-10-01,7,6,8,0.75
2009-10-01,8,6,8,0.75
2009-10-01,9,6,8,0.75
2009-10-01,10,6,8,0.75
2009-10-01,11,6,8,0.75
2009-10-01,12,6,8,0.75
2009-10-01,13,6,8,0.75
2009-10-01,14,6,8,0.75
2009-10-01,15,6,8,0.75
2009-10-01,16,6,8,0.75
2009-10-01,17,6,8,0.75
2009-10-01,18,6,8,0.75
2009-10-01,19,6,8,0.75
2009-10-01,20,6,8,0.75
2009-10-01,21,6,8,0.75
2009-10-01,22,6,8,0.75
2009-10-01,23,6,8,0.75
2009-10-01,24,6,8,0.75
2009-10-01,25,6,8,0.75
2009-10-01,26,6,8,0.75
2009-10-01,27,6,8,0.75
2009-10-01,28,6,8,0.75
2009-10-01,29,6,8,0.75
2009-10-01,30,6,8,0.75
2009-10-01,31,6,8,0.75
2009-10-01,32,6,8,0.75
2009-10-01,33,6,8,0.75
2009-10-01,34,6,8,0.75
2009-10-01,35,6,8,0.75
2009-10-01,36,6,8,0.75
2009-10-01,37,6,8,0.75
2009-10-01,38,6,8,0.75
2009-10-01,39,6,8,0.75
2009-10-01,40,6,8,0.75
2009-10-01,41,6,8,0.75
2009-10-01,42,6,8,0.75
2009-10-01,43,6,8,0.75
2009-10-01,44,6,8,0.75
2009-10-01,45,6,8,0.75
2009-10-01,46,6,8,0.75
2009-10-01,47,6,8,0.75
2009-10-01,48,6,8,0.75
2009-10-01,49,6,8,0.75
2009-10-01,50,6,8,0.75
2009-10-01,51,6,8,0.75
2009-10-01,52,6,8,0.75
2009-10-01,53,6,8,0.75
2009-10-01,54,6,8,0.75
2009-10-01,55,6,8,0.75
2009-10-01,56,6,8,0.75
2009-10-01,57,6,8,0.75
2009-10-01,58,6,8,0.75
2009-10-01,59,6,8,0.75
2009-10-01,60,6,8,0.75
2009-10-01,61,6,8,0.75
2009-10-01,62,6,8,0.75
2009-10-01,63,6,8,0.75
2009-10-01,64,6,8,0.75
2009-10-01,65,6,8,0.75
2009-10-01,66,6,8,0.75
2009-10-01,67,6,8,0.75
2009-10-01,68,6,8,0.75
2009-10-01,69,6,8,0.75
2009-10-01,70,6,8,0.75
2009-10-01,71,6,8,0.75
2009-10-01,72,6,8,0.75
2009-10-01,73,6,8,0.75
2009-10-01,74,6,8,0.75
2009-10-01,75,6,8,0.75
2009-10-01,76,6,8,0.75
2009-10-01,77,6,8,0.75
2009-10-01,78,6,8,0.75
2009-10-01,79,6,8,0.75
2009-10-01,80,6,8,0.75
2009-10-01,81,6,8,0.75
2009-10-01,82,6,8,0.75
2009-10-01,83,6,8,0.75
2009-10-01,84,6,8,0.75
2009-10-01,85,6,8,0.75
2009-10-01,86,6,8,0.75
2009-10-01,87,6,8,0.75
2009-10-01,88,6,8,0.75
2009-10-01,89,6,8,0.75
2009-10-01,90,6,8,0.75
2009-10-01,91,6,8,0.75
2009-10-01,92,6,8,0.75
2009-10-01,93,6,8,0.75
2009-10-01,94,6,8,0.75
2009-10-01,95,6,8,0.75
2009-10-01,96,6,8,0.75
2009-10-01,97,6,8,0.75
2009-10-01,98,6,8,0.75
2009-10-01,99,6,8,0.75
2009-10-01,100,6,8,0.75
2009-10-01,101,6,8,0.75
2009-10-01,102,6,8,0.75
2009-10-01,103,6,8,0.75
2009-10-01,104,6,8,0.75
2009-10-01,105,6,8,0.75
2009-10-01,106,6,8,0.75
2009-10-01,107,6,8,0.75
2009-10-01,108,6,8,0.75
2009-10-01,109,6,8,0.75
2009-10-01,110,6,8,0.75
2009-10-01,111,6,8,0.75
2009-10-01,112,6,8,0.75
2009-10-01,113,6,8,0.75
2009-10-01,114,6,8,0.75
2009-10-01,115,6,8,0.75
2009-10-01,116,6,8,0.75
2009-10-01,117,6,8,0.75
2009-10-01,118,6,8,0.75
2009-10-01,119,6,8,0.75
2009-10-01,120,6,8,0.75
2009-11-01,2,3,7,0.42857142857142855
2009-11-01,3,3,7,0.42857142857142855
2009-11-01,4,3,7,0.42857142857142855
2009-11-01,5,3,7,0.42857142857142855
2009-11-01,6,3,7,0.42857142857142855
2009-11-01,7,3,7,0.42857142857142855
2009-11-01,8,3,7,0.42857142857142855
2009-11-01,9,3,7,0.42857142857142855
2009-11-01,10,3,7,0.42857142857142855
2009-11-01,11,3,7,0.42857142857142855
2009-11-01,12,3,7,0.42857142857142855
2009-11-01,13,3,7,0.42857142857142855
2009-11-01,14,3,7,0.42857142857142855
2009-11-01,15,3,7,0.42857142857142855
2009-11-01,16,3,7,0.42857142857142855
2009-11-01,17,3,7,0.42857142857142855
2009-11-01,18,3,7,0.42857142857142855
2009-11-01,19,3,7,0.42857142857142855
2009-11-01,20,3,7,0.42857142857142855
2009-11-01,21,3,7,0.42857142857142855
2009-11-01,22,3,7,0.42857142857142855
2009-11-01,23,3,7,0.42857142857142855
2009-11-01,24,3,7,0.42857142857142855
2009-11-01,25,3,7,0.42857142857142855
2009-11-01,26,3,7,0.42857142857142855
2009-11-01,27,3,7,0.42857142857142855
2009-11-01,28,3,7,0.42857142857142855
2009-11-01,29,3,7,0.42857142857142855
2009-11-01,30,3,7,0.42857142857142855
2009-11-01,31,3,7,0.42857142857142855
2009-11-01,32,3,7,0.42857142857142855
2009-11-01,33,3,7,0.42857142857142855
2009-11-01,34,3,7,0.42857142857142855
2009-11-01,35,3,7,0.42857142857142855
2009-11-01,36,3,7,0.42857142857142855
2009-11-01,37,3,7,0.42857142857142855
2009-11-01,38,3,7,0.42857142857142855
2009-11-01,39,3,7,0.42857142857142855
2009-11-01,40,3,7,0.42857142857142855
2009-11-01,41,3,7,0.42857142857142855
2009-11-01,42,3,7,0.42857142857142855
2009-11-01,43,3,7,0.42857142857142855
2009-11-01,44,3,7,0.42857142857142855
2009-11-01,45,3,7,0.42857142857142855
2009-11-01,46,3,7,0.42857142857142855
2009-11-01,47,3,7,0.42857142857142855
2009-11-01,48,3,7,0.42857142857142855
2009-11-01,49,3,7,0.42857142857142855
2009-11-01,50,3,7,0.42857142857142855
2009-11-01,51,3,7,0.42857142857142855
2009-11-01,52,3,7,0.42857142857142855
2009-11-01,53,3,7,0.42857142857142855
2009-11-01,54,3,7,0.42857142857142855
2009-11-01,55,3,7,0.42857142857142855
2009-11-01,56,3,7,0.42857142857142855
2009-11-01,57,3,7,0.42857142857142855
2009-11-01,58,3,7,0.42857142857142855
2009-11-01,59,3,7,0.42857142857142855
2009-11-01,60,3,7,0.42857142857142855
2009-11-01,61,3,7,0.42857142857142855
2009-11-01,62,3,7,0.42857142857142855
2009-11-01,63,3,7,0.42857142857142855
2009-11-01,64,3,7,0.42857142857142855
2009-11-01,65,3,7,0.42857142857142855
2009-11-01,66,3,7,0.42857142857142855
2009-11-01,67,3,7,0.42857142857142855
2009-11-01,68,3,7,0.42857142857142855
2009-11-01,69,3,7,0.42857142857142855
2009-11-01,70,3,7,0.42857142857142855
2009-11-01,71,3,7,0.42857142857142855
2009-11-01,72,3,7,0.42857142857142855
2009-11-01,73,3,7,0.42857142857142855
2009-11-01,74,3,7,0.42857142857142855
2009-11-01,75,3,7,0.42857142857142855
2009-11-01,76,3,7,0.42857142857142855
2009-11-01,77,3,7,0.42857142857142855
2009-11-01,78,3,7,0.42857142857142855
2009-11-01,79,3,7,0.42857142857142855
2009-11-01,80,3,7,0.42857142857142855
2009-11-01,81,3,7,0.42857142857142855
2009-11-01,82,3,7,0.42857142857142855
2009-11-01,83,3,7,0.42857142857142855
2009-11-01,84,3,7,0.42857142857142855
2009-11-01,85,3,7,0.42857142857142855
2009-11-01,86,3,7,0.42857142857142855
2009-11-01,87,3,7,0.42857142857142855
2009-11-01,88,3,7,0.42857142857142855
2009-11-01,89,3,7,0.42857142857142855
2009-11-01,90,3,7,0.42857142857142855
2009-11-01,91,3,7,0.42857142857142855
2009-11-01,92,3,7,0.42857142857142855
2009-11-01,93,3,7,0.42857142857142855
2009-11-01,94,3,7,0.42857142857142855
2009-11-01,95,3,7,0.42857142857142855
2009-11-01,96,3,7,0.42857142857142855
2009-11-01,97,3,7,0.42857142857142855
2009-11-01,98,3,7,0.42857142857142855
2009-11-01,99,3,7,0.42857142857142855
2009-11-01,100,3,7,0.42857142857142855
2009-11-01,101,3,7,0.42857142857142855
2009-11-01,102,3,7,0.42857142857142855
2009-11-01,103,3,7,0.42857142857142855
2009-11-01,104,3,7,0.42857142857142855
2009-11-01,105,3,7,0.42857142857142855
2009-11-01,106,3,7,0.42857142857142855
2009-11-01,107,3,7,0.42857142857142855
2009-11-01,108,3,7,0.42857142857142855
2009-11-01,109,3,7,0.42857142857142855
2009-11-01,110,3,7,0.42857142857142855
2009-11-01,111,3,7,0.42857142857142855
2009-11-01,112,3,7,0.42857142857142855
2009-11-01,113,3,7,0.42857142857142855
2009-11-01,114,3,7,0.42857142857142855
2009-11-01,115,3,7,0.42857142857142855
2009-11-01,116,3,7,0.42857142857142855
2009-11-01,117,3,7,0.42857142857142855
2009-11-01,118,3,7,0.42857142857142855
2009-11-01,119,3,7,0.42857142857142855
2009-12-01,1,2,3,0.6666666666666666
2009-12-01,2,2,3,0.6666666666666666
2009-12-01,3,2,3,0.6666666666666666
2009-12-01,4,2,3,0.6666666666666666
2009-12-01,5,2,3,0.6666666666666666
2009-12-01,6,2,3,0.6666666666666666
2009-12-01,7,2,3,0.6666666666666666
2009-12-01,8,2,3,0.6666666666666666
2009-12-01,9,2,3,0.6666666666666666
2009-12-01,10,2,3,0.6666666666666666
2009-12-01,11,2,3,0.6666666666666666
2009-12-01,12,2,3,0.6666666666666666
2009-12-01,13,2,3,0.6666666666666666
2009-12-01,14,2,3,0.6666666666666666
2009-12-01,15,2,3,0.6666666666666666
2009-12-01,16,2,3,0.6666666666666666
2009-12-01,17,2,3,0.6666666666666666
2009-12-01,18,2,3,0.6666666666666666
2009-12-01,19,2,3,0.6666666666666666
2009-12-01,20,2,3,0.6666666666666666
2009-12-01,21,2,3,0.6666666666666666
2009-12-01,22,2,3,0.6666666666666666
2009-12-01,23,2,3,0.6666666666666666
2009-12-01,24,2,3,0.6666666666666666
2009-12-01,25,2,3,0.6666666666666666
2009-12-01,26,2,3,0.6666666666666666
2009-12-01,27,2,3,0.6666666666666666
2009-12-01,28,2,3,0.6666666666666666
2009-12-01,29,2,3,0.6666666666666666
2009-12-01,30,2,3,0.6666666666666666
2009-12-01,31,2,3,0.6666666666666666
2009-12-01,32,2,3,0.6666666666666666
2009-12-01,33,2,3,0.6666666666666666
2009-12-01,34,2,3,0.6666666666666666
2009-12-01,35,2,3,0.6666666666666666
2009-12-01,36,2,3,0.6666666666666666
2009-12-01,37,2,3,0.6666666666666666
2009-12-01,38,2,3,0.6666666666666666
2009-12-01,39,2,3,0.6666666666666666
2009-12-01,40,2,3,0.6666666666666666
2009-12-01,41,2,3,0.6666666666666666
2009-12-01,42,2,3,0.6666666666666666
2009-12-01,43,2,3,0.6666666666666666
2009-12-01,44,2,3,0.6666666666666666
2009-12-01,45,2,3,0.6666666666666666
2009-12-01,46,2,3,0.6666666666666666
2009-12-01,47,2,3,0.6666666666666666
2009-12-01,48,2,3,0.6666666666666666
2009-12-01,49,2,3,0.6666666666666666
2009-12-01,50,2,3,0.6666666666666666
2009-12-01,51,2,3,0.6666666666666666
2009-12-01,52,2,3,0.6666666666666666
2009-12-01,53,2,3,0.6666666666666666
2009-12-01,54,2,3,0.6666666666666666
2009-12-01,55,2,3,0.6666666666666666
2009-12-01,56,2,3,0.6666666666666666
2009-12-01,57,2,3,0.6666666666666666
2009-12-01,58,2,3,0.6666666666666666
2009-12-01,59,2,3,0.6666666666666666
2009-12-01,60,2,3,0.6666666666666666
2009-12-01,61,2,3,0.6666666666666666
2009-12-01,62,2,3,0.6666666666666666
2009-12-01,63,2,3,0.6666666666666666
2009-12-01,64,2,3,0.6666666666666666
2009-12-01,65,2,3,0.6666666666666666
2009-12-01,66,2,3,0.6666666666666666
2009-12-01,67,2,3,0.6666666666666666
2009-12-01,68,2,3,0.6666666666666666
2009-12-01,69,2,3,0.6666666666666666
2009-12-01,70,2,3,0.6666666666666666
2009-12-01,71,2,3,0.6666666666666666
2009-12-01,72,2,3,0.6666666666666666
2009-12-01,73,2,3,0.6666666666666666
2009-12-01,74,2,3,0.6666666666666666
2009-12-01,75,2,3,0.6666666666666666
2009-12-01,76,2,3,0.6666666666666666
2009-12-01,77,2,3,0.6666666666666666
2009-12-01,78,2,3,0.6666666666666666
2009-12-01,79,2,3,0.6666666666666666
2009-12-01,80,2,3,0.6666666666666666
2009-12-01,81,2,3,0.6666666666666666
2009-12-01,82,2,3,0.6666666666666666
2009-12-01,83,2,3,0.6666666666666666
2009-12-01,84,2,3,0.6666666666666666
2009-12-01,85,2,3,0.6666666666666666
2009-12-01,86,2,3,0.6666666666666666
2009-12-01,87,2,3,0.6666666666666666
2009-12-01,88,2,3,0.6666666666666666
2009-12-01,89,2,3,0.6666666666666666
2009-12-01,90,2,3,0.6666666666666666
2009-12-01,91,2,3,0.6666666666666666
2009-12-01,92,2,3,0.6666666666666666
2009-12-01,93,2,3,0.6666666666666666
2009-12-01,94,2,3,0.6666666666666666
2009-12-01,95,2,3,0.6666666666666666
2009-12-01,96,2,3,0.6666666666666666
2009-12-01,97,2,3,0.6666666666666666
2009-12-01,98,2,3,0.6666666666666666
2009-12-01,99,2,3,0.6666666666666666
2009-12-01,100,2,3,0.6666666666666666
2009-12-01,101,2,3,0.6666666666666666
2009-12-01,102,2,3,0.6666666666666666
2009-12-01,103,2,3,0.6666666666666666
2009-12-01,104,2,3,0.6666666666666666
2009-12-01,105,2,3,0.6666666666666666
2009-12-01,106,2,3,0.6666666666666666
2009-12-01,107,2,3,0.6666666666666666
2009-12-01,108,2,3,0.6666666666666666
2009-12-01,109,2,3,0.6666666666666666
2009-12-01,110,2,3,0.6666666666666666
2009-12-01,111,2,3,0.6666666666666666
2009-12-01,112,2,3,0.6666666666666666
2009-12-01,113,2,3,0.6666666666666666
2009-12-01,114,2,3,0.6666666666666666
2009-12-01,115,2,3,0.6666666666666666
2009-12-01,116,2,3,0.6666666666666666
2009-12-01,117,2,3,0.6666666666666666
2009-12-01,118,2,3,0.6666666666666666
2010-01-01,0,5,6,0.8333333333333334
2010-01-01,1,5,6,0.8333333333333334
2010-01-01,2,5,6,0.8333333333333334
2010-01-01,3,5,6,0.8333333333333334
2010-01-01,4,5,6,0.8333333333333334
2010-01-01,5,5,6,0.8333333333333334
2010-01-01,6,5,6,0.8333333333333334
2010-01-01,7,5,6,0.8333333333333334
2010-01-01,8,5,6,0.8333333333333334
2010-01-01,9,5,6,0.8333333333333334
2010-01-01,10,5,6,0.8333333333333334
2010-01-01,11,5,6,0.8333333333333334
2010-01-01,12,5,6,0.8333333333333334
2010-01-01,13,5,6,0.8333333333333334
2010-01-01,14,5,6,0.8333333333333334
2010-01-01,15,5,6,0.8333333333333334
2010-01-01,16,5,6,0.8333333333333334
2010-01-01,17,5,6,0.8333333333333334
2010-01-01,18,5,6,0.8333333333333334
2010-01-01,19,5,6,0.8333333333333334
2010-01-01,20,5,6,0.8333333333333334
2010-01-01,21,5,6,0.8333333333333334
2010-01-01,22,5,6,0.8333333333333334
2010-01-01,23,5,6,0.8333333333333334
2010-01-01,24,5,6,0.8333333333333334
2010-01-01,25,5,6,0.8333333333333334
2010-01-01,26,5,6,0.8333333333333334
2010-01-01,27,5,6,0.8333333333333334
2010-01-01,28,5,6,0.8333333333333334
2010-01-01,29,5,6,0.8333333333333334
2010-01-01,30,5,6,0.8333333333333334
2010-01-01,31,5,6,0.8333333333333334
2010-01-01,32,5,6,0.8333333333333334
2010-01-01,33,5,6,0.8333333333333334
2010-01-01,34,5,6,0.8333333333333334
2010-01-01,35,5,6,0.8333333333333334
2010-01-01,36,5,6,0.8333333333333334
2010-01-01,37,5,6,0.8333333333333334
2010-01-01,38,5,6,0.8333333333333334
2010-01-01,39,5,6,0.8333333333333334
2010-01-01,40,5,6,0.8333333333333334
2010-01-01,41,5,6,0.8333333333333334
2010-01-01,42,5,6,0.8333333333333334
2010-01-01,43,5,6,0.8333333333333334
2010-01-01,44,5,6,0.8333333333333334
2010-01-01,45,5,6,0.8333333333333334
2010-01-01,46,5,6,0.8333333333333334
2010-01-01,47,5,6,0.8333333333333334
2010-01-01,48,5,6,0.8333333333333334
2010-01-01,49,5,6,0.8333333333333334
2010-01-01,50,5,6,0.8333333333333334
2010-01-01,51,5,6,0.8333333333333334
2010-01-01,52,5,6,0.8333333333333334
2010-01-01,53,5,6,0.8333333333333334
2010-01-01,54,5,6,0.8333333333333334
2010-01-01,55,5,6,0.8333333333333334
2010-01-01,56,5,6,0.8333333333333334
2010-01-01,57,5,6,0.8333333333333334
2010-01-01,58,5,6,0.8333333333333334
2010-01-01,59,5,6,0.8333333333333334
2010-01-01,60,5,6,0.8333333333333334
2010-01-01,61,5,6,0.8333333333333334
2010-01-01,62,5,6,0.8333333333333334
2010-01-01,63,5,6,0.8333333333333334
2010-01-01,64,5,6,0.8333333333333334
2010-01-01,65,5,6,0.8333333333333334
2010-01-01,66,5,6,0.8333333333333334
2010-01-01,67,5,6,0.8333333333333334
2010-01-01,68,5,6,0.8333333333333334
2010-01-01,69,5,6,0.8333333333333334
2010-01-01,70,5,6,0.8333333333333334
2010-01-01,71,5,6,0.8333333333333334
2010-01-01,72,5,6,0.8333333333333334
2010-01-01,73,5,6,0.8333333333333334
2010-01-01,74,5,6,0.8333333333333334
2010-01-01,75,5,6,0.8333333333333334
2010-01-01,76,5,6,0.8333333333333334
2010-01-01,77,5,6,0.8333333333333334
2010-01-01,78,5,6,0.8333333333333334
2010-01-01,79,5,6,0.8333333333333334
2010-01-01,80,5,6,0.8333333333333334
2010-01-01,81,5,6,0.8333333333333334
2010-01-01,82,5,6,0.8333333333333334
2010-01-01,83,5,6,0.8333333333333334
2010-01-01,84,5,6,0.8333333333333334
2010-01-01,85,5,6,0.8333333333333334
2010-01-01,86,5,6,0.8333333333333334
2010-01-01,87,5,6,0.8333333333333334
2010-01-01,88,5,6,0.8333333333333334
2010-01-01,89,5,6,0.8333333333333334
2010-01-01,90,5,6,0.8333333333333334
2010-01-01,91,5,6,0.8333333333333334
2010-01-01,92,5,6,0.8333333333333334
2010-01-01,93,5,6,0.8333333333333334
2010-01-01,94,5,6,0.8333333333333334
2010-01-01,95,5,6,0.8333333333333334
2010-01-01,96,5,6,0.8333333333333334
2010-01-01,97,5,6,0.8333333333333334
2010-01-01,98,5,6,0.8333333333333334
2010-01-01,99,5,6,0.8333333333333334
2010-01-01,100,5,6,0.8333333333333334
2010-01-01,101,5,6,0.8333333333333334
2010-01-01,102,5,6,0.8333333333333334
2010-01-01,103,5,6,0.8333333333333334
2010-01-01,104,5,6,0.8333333333333334
2010-01-01,105,5,6,0.8333333333333334
2010-01-01,106,5,6,0.8333333333333334
2010-01-01,107,5,6,0.8333333333333334
2010-01-01,108,5,6,0.8333333333333334
2010-01-01,109,5,6,0.8333333333333334
2010-01-01,110,5,6,0.8333333333333334
2010-01-01,111,5,6,0.8333333333333334
2010-01-01,112,5,6,0.8333333333333334
2010-01-01,113,5,6,0.8333333333333334
2010-01-01,114,5,6,0.8333333333333334
2010-01-01,115,5,6,0.8333333333333334
2010-01-01,116,5,6,0.8333333333333334
2010-01-01,117,5,6,0.8333333333333334
2010-02-01,0,13,20,0.65
2010-02-01,1,13,20,0.65
2010-02-01,2,13,20,0.65
2010-02-01,3,13,20,0.65
2010-02-01,4,13,20,0.65
2010-02-01,5,13,20,0.65
2010-02-01,6,13,20,0.65
2010-02-01,7,13,20,0.65
2010-02-01,8,13,20,0.65
2010-02-01,9,13,20,0.65
2010-02-01,10,13,20,0.65
2010-02-01,11,13,20,0.65
2010-02-01,12,13,20,0.65
2010-02-01,13,13,20,0.65
2010-02-01,14,13,20,0.65
2010-02-01,15,13,20,0.65
2010-02-01,16,13,20,0.65
2010-02-01,17,13,20,0.65
2010-02-01,18,13,20,0.65
2010-02-01,19,13,20,0.65
2010-02-01,20,13,20,0.65
2010-02-01,21,13,20,0.65
2010-02-01,22,13,20,0.65
2010-02-01,23,13,20,0.65
2010-02-01,24,13,20,0.65
2010-02-01,25,13,20,0.65
2010-02-01,26,13,20,0.65
2010-02-01,27,13,20,0.65
2010-02-01,28,13,20,0.65
2010-02-01,29,13,20,0.65
2010-02-01,30,13,20,0.65
2010-02-01,31,13,20,0.65
2010-02-01,32,13,20,0.65
2010-02-01,33,13,20,0.65
2010-02-01,34,13,20,0.65
2010-02-01,35,13,20,0.65
2010-02-01,36,13,20,0.65
2010-02-01,37,13,20,0.65
2010-02-01,38,13,20,0.65
2010-02-01,39,13,20,0.65
2010-02-01,40,13,20,0.65
2010-02-01,41,13,20,0.65
2010-02-01,42,13,20,0.65
2010-02-01,43,12,20,0.6
2010-02-01,44,12,20,0.6
2010-02-01,45,12,20,0.6
2010-02-01,46,12,20,0.6
2010-02-01,47,12,20,0.6
2010-02-01,48,12,20,0.6
2010-02-01,49,12,20,0.6
2010-02-01,50,12,20,0.6
2010-02-01,51,12,20,0.6
2010-02-01,52,12,20,0.6
2010-02-01,53,12,20,0.6
2010-02-01,54,12,20,0.6
2010-02-01,55,12,20,0.6
2010-02-01,56,12,20,0.6
2010-02-01,57,12,20,0.6
2010-02-01,58,12,20,0.6
2010-02-01,59,12,20,0.6
2010-02-01,60,12,20,0.6
2010-02-01,61,12,20,0.6
2010-02-01,62,12,20,0.6
2010-02-01,63,12,20,0.6
2010-02-01,64,12,20,0.6
2010-02-01,65,12,20,0.6
2010-02-01,66,12,20,0.6
2010-02-01,67,12,20,0.6
2010-02-01,68,12,20,0.6
2010-02-01,69,12,20,0.6
2010-02-01,70,12,20,0.6
2010-02-01,71,12,20,0.6
2010-02-01,72,12,20,0.6
2010-02-01,73,12,20,0.6
2010-02-01,74,12,20,0.6
2010-02-01,75,12,20,0.6
2010-02-01,76,12,20,0.6
2010-02-01,77,12,20,0.6
2010-02-01,78,12,20,0.6
2010-02-01,79,12,20,0.6
2010-02-01,80,12,20,0.6
2010-02-01,81,12,20,0.6
2010-02-01,82,12,20,0.6
2010-02-01,83,12,20,0.6
2010-02-01,84,12,20,0.6
2010-02-01,85,12,20,0.6
2010-02-01,86,12,20,0.6
2010-02-01,87,12,20,0.6
2010-02-01,88,12,20,0.6
2010-02-01,89,12,20,0.6
2010-02-01,90,12,20,0.6
2010-02-01,91,12,20,0.6
2010-02-01,92,12,20,0.6
2010-02-01,93,12,20,0.6
2010-02-01,94,12,20,0.6
2010-02-01,95,12,20,0.6
2010-02-01,96,12,20,0.6
2010-02-01,97,12,20,0.6
2010-02-01,98,12,20,0.6
2010-02-01,99,12,20,0.6
2010-02-01,100,12,20,0.6
2010-02-01,101,12,20,0.6
2010-02-01,102,12,20,0.6
2010-02-01,103,12,20,0.6
2010-02-01,104,12,20,0.6
2010-02-01,105,12,20,0.6
2010-02-01,106,12,20,0.6
2010-02-01,107,12,20,0.6
2010-02-01,108,12,20,0.6
2010-02-01,109,12,20,0.6
2010-02-01,110,12,20,0.6
2010-02-01,111,12,20,0.6
2010-02-01,112,12,20,0.6
2010-02-01,113,12,20,0.6
2010-02-01,114,12,20,0.6
2010-02-01,115,12,20,0.6
2010-02-01,116,12,20,0.6
2010-03-01,0,3,5,0.6
2010-03-01,1,3,5,0.6
2010-03-01,2,3,5,0.6
2010-03-01,3,3,5,0.6
2010-03-01,4,3,5,0.6
2010-03-01,5,3,5,0.6
2010-03-01,6,3,5,0.6
2010-03-01,7,3,5,0.6
2010-03-01,8,3,5,0.6
2010-03-01,9,3,5,0.6
2010-03-01,10,3,5,0.6
2010-03-01,11,3,5,0.6
2010-03-01,12,3,5,0.6
2010-03-01,13,3,5,0.6
2010-03-01,14,3,5,0.6
2010-03-01,15,3,5,0.6
2010-03-01,16,3,5,0.6
2010-03-01,17,3,5,0.6
2010-03-01,18,3,5,0.6
2010-03-01,19,3,5,0.6
2010-03-01,20,3,5,0.6
2010-03-01,21,3,5,0.6
2010-03-01,22,3,5,0.6
2010-03-01,23,3,5,0.6
2010-03-01,24,3,5,0.6
2010-03-01,25,3,5,0.6
2010-03-01,26,3,5,0.6
2010-03-01,27,3,5,0.6
2010-03-01,28,3,5,0.6
2010-03-01,29,3,5,0.6
2010-03-01,30,3,5,0.6
2010-03-01,31,3,5,0.6
2010-03-01,32,3,5,0.6
2010-03-01,33,3,5,0.6
2010-03-01,34,3,5,0.6
2010-03-01,35,3,5,0.6
2010-03-01,36,3,5,0.6
2010-03-01,37,3,5,0.6
2010-03-01,38,3,5,0.6
2010-03-01,39,3,5,0.6
2010-03-01,40,3,5,0.6
2010-03-01,41,3,5,0.6
2010-03-01,42,3,5,0.6
2010-03-01,43,3,5,0.6
2010-03-01,44,3,5,0.6
2010-03-01,45,3,5,0.6
2010-03-01,46,3,5,0.6
2010-03-01,47,3,5,0.6
2010-03-01,48,3,5,0.6
2010-03-01,49,3,5,0.6
2010-03-01,50,3,5,0.6
2010-03-01,51,3,5,0.6
2010-03-01,52,3,5,0.6
2010-03-01,53,3,5,0.6
2010-03-01,54,3,5,0.6
2010-03-01,55,3,5,0.6
2010-03-01,56,3,5,0.6
2010-03-01,57,3,5,0.6
2010-03-01,58,3,5,0.6
2010-03-01,59,3,5,0.6
2010-03-01,60,3,5,0.6
2010-03-01,61,3,5,0.6
2010-03-01,62,3,5,0.6
2010-03-01,63,3,5,0.6
2010-03-01,64,3,5,0.6
2010-03-01,65,3,5,0.6
2010-03-01,66,3,5,0.6
2010-03-01,67,3,5,0.6
2010-03-01,68,3,5,0.6
2010-03-01,69,3,5,0.6
2010-03-01,70,3,5,0.6
2010-03-01,71,3,5,0.6
2010-03-01,72,3,5,0.6
2010-03-01,73,3,5,0.6
2010-03-01,74,3,5,0.6
2010-03-01,75,3,5,0.6
2010-03-01,76,3,5,0.6
2010-03-01,77,3,5,0.6
2010-03-01,78,3,5,0.6
2010-03-01,79,3,5,0.6
2010-03-01,80,3,5,0.6
2010-03-01,81,3,5,0.6
2010-03-01,82,3,5,0.6
2010-03-01,83,3,5,0.6
2010-03-01,84,3,5,0.6
2010-03-01,85,3,5,0.6
2010-03-01,86,3,5,0.6
2010-03-01,87,3,5,0.6
2010-03-01,88,3,5,0.6
2010-03-01,89,3,5,0.6
2010-03-01,90,3,5,0.6
2010-03-01,91,3,5,0.6
2010-03-01,92,3,5,0.6
2010-03-01,93,3,5,0.6
2010-03-01,94,3,5,0.6
2010-03-01,95,3,5,0.6
2010-03-01,96,3,5,0.6
2010-03-01,97,3,5,0.6
2010-03-01,98,3,5,0.6
2010-03-01,99,3,5,0.6
2010-03-01,100,3,5,0.6
2010-03-01,101,3,5,0.6
2010-03-01,102,3,5,0.6
2010-03-01,103,3,5,0.6
2010-03-01,104,3,5,0.6
2010-03-01,105,3,5,0.6
2010-03-01,106,3,5,0.6
2010-03-01,107,3,5,0.6
2010-03-01,108,3,5,0.6
2010-03-01,109,3,5,0.6
2010-03-01,110,3,5,0.6
2010-03-01,111,3,5,0.6
2010-03-01,112,3,5,0.6
2010-03-01,113,3,5,0.6
2010-03-01,114,3,5,0.6
2010-03-01,115,3,5,0.6
2010-04-01,0,5,7,0.7142857142857143
2010-04-01,1,5,7,0.7142857142857143
2010-04-01,2,5,7,0.7142857142857143
2010-04-01,3,5,7,0.7142857142857143
2010-04-01,4,5,7,0.7142857142857143
2010-04-01,5,5,7,0.7142857142857143
2010-04-01,6,5,7,0.7142857142857143
2010-04-01,7,5,7,0.7142857142857143
2010-04-01,8,5,7,0.7142857142857143
2010-04-01,9,5,7,0.7142857142857143
2010-04-01,10,5,7,0.7142857142857143
2010-04-01,11,5,7,0.7142857142857143
2010-04-01,12,5,7,0.7142857142857143
2010-04-01,13,5,7,0.7142857142857143
2010-04-01,14,5,7,0.7142857142857143
2010-04-01,15,5,7,0.7142857142857143
2010-04-01,16,5,7,0.7142857142857143
2010-04-01,17,5,7,0.7142857142857143
2010-04-01,18,5,7,0.7142857142857143
2010-04-01,19,5,7,0.7142857142857143
2010-04-01,20,5,7,0.7142857142857143
2010-04-01,21,5,7,0.7142857142857143
2010-04-01,22,5,7,0.7142857142857143
2010-04-01,23,5,7,0.7142857142857143
2010-04-01,24,5,7,0.7142857142857143
2010-04-01,25,5,7,0.7142857142857143
2010-04-01,26,5,7,0.7142857142857143
2010-04-01,27,5,7,0.7142857142857143
2010-04-01,28,5,7,0.7142857142857143
2010-04-01,29,5,7,0.7142857142857143
2010-04-01,30,5,7,0.7142857142857143
2010-04-01,31,5,7,0.7142857142857143
2010-04-01,32,5,7,0.7142857142857143
2010-04-01,33,5,7,0.7142857142857143
2010-04-01,34,5,7,0.7142857142857143
2010-04-01,35,5,7,0.7142857142857143
2010-04-01,36,5,7,0.7142857142857143
2010-04-01,37,5,7,0.7142857142857143
2010-04-01,38,5,7,0.7142857142857143
2010-04-01,39,5,7,0.7142857142857143
2010-04-01,40,5,7,0.7142857142857143
2010-04-01,41,5,7,0.7142857142857143
2010-04-01,42,5,7,0.7142857142857143
2010-04-01,43,5,7,0.7142857142857143
2010-04-01,44,5,7,0.7142857142857143
2010-04-01,45,5,7,0.7142857142857143
2010-04-01,46,5,7,0.7142857142857143
2010-04-01,47,5,7,0.7142857142857143
2010-04-01,48,5,7,0.7142857142857143
2010-04-01,49,5,7,0.7142857142857143
2010-04-01,50,5,7,0.7142857142857143
2010-04-01,51,5,7,0.7142857142857143
2010-04-01,52,5,7,0.7142857142857143
2010-04-01,53,5,7,0.7142857142857143
2010-04-01,54,5,7,0.7142857142857143
2010-04-01,55,5,7,0.7142857142857143
2010-04-01,56,5,7,0.7142857142857143
2010-04-01,57,5,7,0.7142857142857143
2010-04-01,58,5,7,0.7142857142857143
2010-04-01,59,5,7,0.7142857142857143
2010-04-01,60,5,7,0.7142857142857143
2010-04-01,61,5,7,0.7142857142857143
2010-04-01,62,5,7,0.7142857142857143
2010-04-01,63,5,7,0.7142857142857143
2010-04-01,64,5,7,0.7142857142857143
2010-04-01,65,5,7,0.7142857142857143
2010-04-01,66,5,7,0.7142857142857143
2010-04-01,67,5,7,0.7142857142857143
2010-04-01,68,5,7,0.7142857142857143
2010-04-01,69,5,7,0.7142857142857143
2010-04-01,70,5,7,0.7142857142857143
2010-04-01,71,5,7,0.7142857142857143
2010-04-01,72,5,7,0.7142857142857143
2010-04-01,73,5,7,0.7142857142857143
2010-04-01,74,5,7,0.7142857142857143
2010-04-01,75,5,7,0.7142857142857143
2010-04-01,76,5,7,0.7142857142857143
2010-04-01,77,5,7,0.7142857142857143
2010-04-01,78,5,7,0.7142857142857143
2010-04-01,79,5,7,0.7142857142857143
2010-04-01,80,5,7,0.7142857142857143
2010-04-01,81,5,7,0.7142857142857143
2010-04-01,82,5,7,0.7142857142857143
2010-04-01,83,5,7,0.7142857142857143
2010-04-01,84,5,7,0.7142857142857143
2010-04-01,85,5,7,0.7142857142857143
2010-04-01,86,5,7,0.7142857142857143
2010-04-01,87,5,7,0.7142857142857143
2010-04-01,88,5,7,0.7142857142857143
2010-04-01,89,5,7,0.7142857142857143
2010-04-01,90,5,7,0.7142857142857143
2010-04-01,91,5,7,0.7142857142857143
2010-04-01,92,5,7,0.7142857142857143
2010-04-01,93,5,7,0.7142857142857143
2010-04-01,94,5,7,0.7142857142857143
2010-04-01,95,5,7,0.7142857142857143
2010-04-01,96,5,7,0.7142857142857143
2010-04-01,97,5,7,0.7142857142857143
2010-04-01,98,5,7,0.7142857142857143
2010-04-01,99,5,7,0.7142857142857143
2010-04-01,100,5,7,0.7142857142857143
2010-04-01,101,5,7,0.7142857142857143
2010-04-01,102,5,7,0.7142857142857143
2010-04-01,103,5,7,0.7142857142857143
2010-04-01,104,5,7,0.7142857142857143
2010-04-01,105,5,7,0.7142857142857143
2010-04-01,106,5,7,0.7142857142857143
2010-04-01,107,5,7,0.7142857142857143
2010-04-01,108,5,7,0.7142857142857143
2010-04-01,109,5,7,0.7142857142857143
2010-04-01,110,5,7,0.7142857142857143
2010-04-01,111,5,7,0.7142857142857143
2010-04-01,112,5,7,0.7142857142857143
2010-04-01,113,5,7,0.7142857142857143
2010-04-01,114,5,7,0.7142857142857143
2010-05-01,0,7,11,0.6363636363636364
2010-05-01,1,7,11,0.6363636363636364
2010-05-01,2,7,11,0.6363636363636364
2010-05-01,3,7,11,0.6363636363636364
2010-05-01,4,7,11,0.6363636363636364
2010-05-01,5,7,11,0.6363636363636364
2010-05-01,6,7,11,0.6363636363636364
2010-05-01,7,7,11,0.6363636363636364
2010-05-01,8,7,11,0.6363636363636364
2010-05-01,9,7,11,0.6363636363636364
2010-05-01,10,7,11,0.6363636363636364
2010-05-01,11,7,11,0.6363636363636364
2010-05-01,12,7,11,0.6363636363636364
2010-05-01,13,7,11,0.6363636363636364
2010-05-01,14,7,11,0.6363636363636364
2010-05-01,15,7,11,0.6363636363636364
2010-05-01,16,7,11,0.6363636363636364
2010-05-01,17,7,11,0.6363636363636364
2010-05-01,18,7,11,0.6363636363636364
2010-05-01,19,7,11,0.6363636363636364
2010-05-01,20,7,11,0.6363636363636364
2010-05-01,21,7,11,0.6363636363636364
2010-05-01,22,7,11,0.6363636363636364
2010-05-01,23,7,11,0.6363636363636364
2010-05-01,24,7,11,0.6363636363636364
2010-05-01,25,7,11,0.6363636363636364
2010-05-01,26,7,11,0.6363636363636364
2010-05-01,27,7,11,0.6363636363636364
2010-05-01,28,7,11,0.6363636363636364
2010-05-01,29,7,11,0.6363636363636364
2010-05-01,30,7,11,0.6363636363636364
2010-05-01,31,7,11,0.6363636363636364
2010-05-01,32,7,11,0.6363636363636364
2010-05-01,33,7,11,0.6363636363636364
2010-05-01,34,7,11,0.6363636363636364
2010-05-01,35,7,11,0.6363636363636364
2010-05-01,36,7,11,0.6363636363636364
2010-05-01,37,7,11,0.6363636363636364
2010-05-01,38,7,11,0.6363636363636364
2010-05-01,39,7,11,0.6363636363636364
2010-05-01,40,7,11,0.6363636363636364
2010-05-01,41,7,11,0.6363636363636364
2010-05-01,42,7,11,0.6363636363636364
2010-05-01,43,7,11,0.6363636363636364
2010-05-01,44,7,11,0.6363636363636364
2010-05-01,45,7,11,0.6363636363636364
2010-05-01,46,7,11,0.6363636363636364
2010-05-01,47,7,11,0.6363636363636364
2010-05-01,48,7,11,0.6363636363636364
2010-05-01,49,7,11,0.6363636363636364
2010-05-01,50,7,11,0.6363636363636364
2010-05-01,51,7,11,0.6363636363636364
2010-05-01,52,7,11,0.6363636363636364
2010-05-01,53,7,11,0.6363636363636364
2010-05-01,54,7,11,0.6363636363636364
2010-05-01,55,7,11,0.6363636363636364
2010-05-01,56,7,11,0.6363636363636364
2010-05-01,57,7,11,0.6363636363636364
2010-05-01,58,7,11,0.6363636363636364
2010-05-01,59,7,11,0.6363636363636364
2010-05-01,60,7,11,0.6363636363636364
2010-05-01,61,7,11,0.6363636363636364
2010-05-01,62,7,11,0.6363636363636364
2010-05-01,63,7,11,0.6363636363636364
2010-05-01,64,7,11,0.6363636363636364
2010-05-01,65,7,11,0.6363636363636364
2010-05-01,66,7,11,0.6363636363636364
2010-05-01,67,7,11,0.6363636363636364
2010-05-01,68,7,11,0.6363636363636364
2010-05-01,69,7,11,0.6363636363636364
2010-05-01,70,7,11,0.6363636363636364
2010-05-01,71,7,11,0.6363636363636364
2010-05-01,72,7,11,0.6363636363636364
2010-05-01,73,7,11,0.6363636363636364
2010-05-01,74,7,11,0.6363636363636364
2010-05-01,75,7,11,0.6363636363636364
2010-05-01,76,7,11,0.6363636363636364
2010-05-01,77,7,11,0.6363636363636364
2010-05-01,78,7,11,0.6363636363636364
2010-05-01,79,7,11,0.6363636363636364
2010-05-01,80,7,11,0.6363636363636364
2010-05-01,81,7,11,0.6363636363636364
2010-05-01,82,7,11,0.6363636363636364
2010-05-01,83,7,11,0.6363636363636364
2010-05-01,84,7,11,0.6363636363636364
2010-05-01,85,7,11,0.6363636363636364
2010-05-01,86,7,11,0.6363636363636364
2010-05-01,87,7,11,0.6363636363636364
2010-05-01,88,7,11,0.6363636363636364
2010-05-01,89,7,11,0.6363636363636364
2010-05-01,90,7,11,0.6363636363636364
2010-05-01,91,7,11,0.6363636363636364
2010-05-01,92,7,11,0.6363636363636364
2010-05-01,93,7,11,0.6363636363636364
2010-05-01,94,7,11,0.6363636363636364
2010-05-01,95,7,11,0.6363636363636364
2010-05-01,96,7,11,0.6363636363636364
2010-05-01,97,7,11,0.6363636363636364
2010-05-01,98,7,11,0.6363636363636364
2010-05-01,99,7,11,0.6363636363636364
2010-05-01,100,7,11,0.6363636363636364
2010-05-01,101,7,11,0.6363636363636364
2010-05-01,102,7,11,0.6363636363636364
2010-05-01,103,7,11,0.6363636363636364
2010-05-01,104,7,11,0.6363636363636364
2010-05-01,105,7,11,0.6363636363636364
2010-05-01,106,7,11,0.6363636363636364
2010-05-01,107,7,11,0.6363636363636364
2010-05-01,108,7,11,0.6363636363636364
2010-05-01,109,7,11,0.6363636363636364
2010-05-01,110,7,11,0.6363636363636364
2010-05-01,111,7,11,0.6363636363636364
2010-05-01,112,7,11,0.6363636363636364
2010-05-01,113,7,11,0.6363636363636364
2010-06-01,0,6,11,0.5454545454545454
2010-06-01,1,6,11,0.5454545454545454
2010-06-01,2,5,11,0.45454545454545453
2010-06-01,3,5,11,0.45454545454545453
2010-06-01,4,5,11,0.45454545454545453
2010-06-01,5,5,11,0.45454545454545453
2010-06-01,6,5,11,0.45454545454545453
2010-06-01,7,5,11,0.45454545454545453
2010-06-01,8,6,11,0.5454545454545454
2010-06-01,9,5,11,0.45454545454545453
2010-06-01,10,6,11,0.5454545454545454
2010-06-01,11,6,11,0.5454545454545454
2010-06-01,12,6,11,0.5454545454545454
2010-06-01,13,6,11,0.5454545454545454
2010-06-01,14,6,11,0.5454545454545454
2010-06-01,15,6,11,0.5454545454545454
2010-06-01,16,6,11,0.5454545454545454
2010-06-01,17,6,11,0.5454545454545454
2010-06-01,18,6,11,0.5454545454545454
2010-06-01,19,6,11,0.5454545454545454
2010-06-01,20,6,11,0.5454545454545454
2010-06-01,21,6,11,0.5454545454545454
2010-06-01,22,6,11,0.5454545454545454
2010-06-01,23,6,11,0.5454545454545454
2010-06-01,24,6,11,0.5454545454545454
2010-06-01,25,6,11,0.5454545454545454
2010-06-01,26,6,11,0.5454545454545454
2010-06-01,27,6,11,0.5454545454545454
2010-06-01,28,6,11,0.5454545454545454
2010-06-01,29,6,11,0.5454545454545454
2010-06-01,30,6,11,0.5454545454545454
2010-06-01,31,6,11,0.5454545454545454
2010-06-01,32,6,11,0.5454545454545454
2010-06-01,33,6,11,0.5454545454545454
2010-06-01,34,6,11,0.5454545454545454
2010-06-01,35,6,11,0.5454545454545454
2010-06-01,36,6,11,0.5454545454545454
2010-06-01,37,6,11,0.5454545454545454
2010-06-01,38,6,11,0.5454545454545454
2010-06-01,39,6,11,0.5454545454545454
2010-06-01,40,6,11,0.5454545454545454
2010-06-01,41,6,11,0.5454545454545454
2010-06-01,42,6,11,0.5454545454545454
2010-06-01,43,6,11,0.5454545454545454
2010-06-01,44,6,11,0.5454545454545454
2010-06-01,45,6,11,0.5454545454545454
2010-06-01,46,6,11,0.5454545454545454
2010-06-01,47,6,11,0.5454545454545454
2010-06-01,48,6,11,0.5454545454545454
2010-06-01,49,6,11,0.5454545454545454
2010-06-01,50,6,11,0.5454545454545454
2010-06-01,51,6,11,0.5454545454545454
2010-06-01,52,6,11,0.5454545454545454
2010-06-01,53,6,11,0.5454545454545454
2010-06-01,54,6,11,0.5454545454545454
2010-06-01,55,6,11,0.5454545454545454
2010-06-01,56,6,11,0.5454545454545454
2010-06-01,57,6,11,0.5454545454545454
2010-06-01,58,6,11,0.5454545454545454
2010-06-01,59,6,11,0.5454545454545454
2010-06-01,60,6,11,0.5454545454545454
2010-06-01,61,6,11,0.5454545454545454
2010-06-01,62,6,11,0.5454545454545454
2010-06-01,63,6,11,0.5454545454545454
2010-06-01,64,6,11,0.5454545454545454
2010-06-01,65,6,11,0.5454545454545454
2010-06-01,66,6,11,0.5454545454545454
2010-06-01,67,6,11,0.5454545454545454
2010-06-01,68,6,11,0.5454545454545454
2010-06-01,69,6,11,0.5454545454545454
2010-06-01,70,6,11,0.5454545454545454
2010-06-01,71,6,11,0.5454545454545454
2010-06-01,72,6,11,0.5454545454545454
2010-06-01,73,6,11,0.5454545454545454
2010-06-01,74,6,11,0.5454545454545454
2010-06-01,75,6,11,0.5454545454545454
2010-06-01,76,6,11,0.5454545454545454
2010-06-01,77,6,11,0.5454545454545454
2010-06-01,78,6,11,0.5454545454545454
2010-06-01,79,6,11,0.5454545454545454
2010-06-01,80,6,11,0.5454545454545454
2010-06-01,81,6,11,0.5454545454545454
2010-06-01,82,6,11,0.5454545454545454
2010-06-01,83,6,11,0.5454545454545454
2010-06-01,84,6,11,0.5454545454545454
2010-06-01,85,6,11,0.5454545454545454
2010-06-01,86,6,11,0.5454545454545454
2010-06-01,87,6,11,0.5454545454545454
2010-06-01,88,6,11,0.5454545454545454
2010-06-01,89,6,11,0.5454545454545454
2010-06-01,90,6,11,0.5454545454545454
2010-06-01,91,6,11,0.5454545454545454
2010-06-01,92,6,11,0.5454545454545454
2010-06-01,93,6,11,0.5454545454545454
2010-06-01,94,6,11,0.5454545454545454
2010-06-01,95,6,11,0.5454545454545454
2010-06-01,96,6,11,0.5454545454545454
2010-06-01,97,6,11,0.5454545454545454
2010-06-01,98,6,11,0.5454545454545454
2010-06-01,99,6,11,0.5454545454545454
2010-06-01,100,6,11,0.5454545454545454
2010-06-01,101,6,11,0.5454545454545454
2010-06-01,102,6,11,0.5454545454545454
2010-06-01,103,6,11,0.5454545454545454
2010-06-01,104,6,11,0.5454545454545454
2010-06-01,105,6,11,0.5454545454545454
2010-06-01,106,6,11,0.5454545454545454
2010-06-01,107,6,11,0.5454545454545454
2010-06-01,108,6,11,0.5454545454545454
2010-06-01,109,6,11,0.5454545454545454
2010-06-01,110,6,11,0.5454545454545454
2010-06-01,111,6,11,0.5454545454545454
2010-06-01,112,6,11,0.5454545454545454
2010-07-01,0,3,5,0.6
2010-07-01,1,3,5,0.6
2010-07-01,2,3,5,0.6
2010-07-01,3,3,5,0.6
2010-07-01,4,3,5,0.6
2010-07-01,5,3,5,0.6
2010-07-01,6,3,5,0.6
2010-07-01,7,3,5,0.6
2010-07-01,8,3,5,0.6
2010-07-01,9,3,5,0.6
2010-07-01,10,3,5,0.6
2010-07-01,11,3,5,0.6
2010-07-01,12,3,5,0.6
2010-07-01,13,3,5,0.6
2010-07-01,14,3,5,0.6
2010-07-01,15,3,5,0.6
2010-07-01,16,3,5,0.6
2010-07-01,17,3,5,0.6
2010-07-01,18,3,5,0.6
2010-07-01,19,3,5,0.6
2010-07-01,20,3,5,0.6
2010-07-01,21,3,5,0.6
2010-07-01,22,3,5,0.6
2010-07-01,23,3,5,0.6
2010-07-01,24,3,5,0.6
2010-07-01,25,3,5,0.6
2010-07-01,26,3,5,0.6
2010-07-01,27,3,5,0.6
2010-07-01,28,3,5,0.6
2010-07-01,29,3,5,0.6
2010-07-01,30,3,5,0.6
2010-07-01,31,3,5,0.6
2010-07-01,32,3,5,0.6
2010-07-01,33,3,5,0.6
2010-07-01,34,3,5,0.6
2010-07-01,35,3,5,0.6
2010-07-01,36,3,5,0.6
2010-07-01,37,3,5,0.6
2010-07-01,38,3,5,0.6
2010-07-01,39,3,5,0.6
2010-07-01,40,3,5,0.6
2010-07-01,41,3,5,0.6
2010-07-01,42,3,5,0.6
2010-07-01,43,3,5,0.6
2010-07-01,44,3,5,0.6
2010-07-01,45,3,5,0.6
2010-07-01,46,3,5,0.6
2010-07-01,47,3,5,0.6
2010-07-01,48,3,5,0.6
2010-07-01,49,3,5,0.6
2010-07-01,50,3,5,0.6
2010-07-01,51,3,5,0.6
2010-07-01,52,3,5,0.6
2010-07-01,53,3,5,0.6
2010-07-01,54,3,5,0.6
2010-07-01,55,3,5,0.6
2010-07-01,56,3,5,0.6
2010-07-01,57,3,5,0.6
2010-07-01,58,3,5,0.6
2010-07-01,59,3,5,0.6
2010-07-01,60,3,5,0.6
2010-07-01,61,3,5,0.6
2010-07-01,62,3,5,0.6
2010-07-01,63,3,5,0.6
2010-07-01,64,3,5,0.6
2010-07-01,65,3,5,0.6
2010-07-01,66,3,5,0.6
2010-07-01,67,3,5,0.6
2010-07-01,68,3,5,0.6
2010-07-01,69,3,5,0.6
2010-07-01,70,3,5,0.6
2010-07-01,71,3,5,0.6
2010-07-01,72,3,5,0.6
2010-07-01,73,3,5,0.6
2010-07-01,74,3,5,0.6
2010-07-01,75,3,5,0.6
2010-07-01,76,3,5,0.6
2010-07-01,77,3,5,0.6
2010-07-01,78,3,5,0.6
2010-07-01,79,3,5,0.6
2010-07-01,80,3,5,0.6
2010-07-01,81,3,5,0.6
2010-07-01,82,3,5,0.6
2010-07-01,83,3,5,0.6
2010-07-01,84,3,5,0.6
2010-07-01,85,3,5,0.6
2010-07-01,86,3,5,0.6
2010-07-01,87,3,5,0.6
2010-07-01,88,3,5,0.6
2010-07-01,89,3,5,0.6
2010-07-01,90,3,5,0.6
2010-07-01,91,3,5,0.6
2010-07-01,92,3,5,0.6
2010-07-01,93,3,5,0.6
2010-07-01,94,3,5,0.6
2010-07-01,95,3,5,0.6
2010-07-01,96,3,5,0.6
2010-07-01,97,3,5,0.6
2010-07-01,98,3,5,0.6
2010-07-01,99,3,5,0.6
2010-07-01,100,3,5,0.6
2010-07-01,101,3,5,0.6
2010-07-01,102,3,5,0.6
2010-07-01,103,3,5,0.6
2010-07-01,104,3,5,0.6
2010-07-01,105,3,5,0.6
2010-07-01,106,3,5,0.6
2010-07-01,107,3,5,0.6
2010-07-01,108,3,5,0.6
2010-07-01,109,3,5,0.6
2010-07-01,110,3,5,0.6
2010-07-01,111,3,5,0.6
2010-08-01,0,1,3,0.3333333333333333
2010-08-01,1,1,3,0.3333333333333333
2010-08-01,2,1,3,0.3333333333333333
2010-08-01,3,1,3,0.3333333333333333
2010-08-01,4,1,3,0.3333333333333333
2010-08-01,5,1,3,0.3333333333333333
2010-08-01,6,1,3,0.3333333333333333
2010-08-01,7,1,3,0.3333333333333333
2010-08-01,8,1,3,0.3333333333333333
2010-08-01,9,1,3,0.3333333333333333
2010-08-01,10,1,3,0.3333333333333333
2010-08-01,11,1,3,0.3333333333333333
2010-08-01,12,1,3,0.3333333333333333
2010-08-01,13,1,3,0.3333333333333333
2010-08-01,14,1,3,0.3333333333333333
2010-08-01,15,1,3,0.3333333333333333
2010-08-01,16,1,3,0.3333333333333333
2010-08-01,17,1,3,0.3333333333333333
2010-08-01,18,1,3,0.3333333333333333
2010-08-01,19,1,3,0.3333333333333333
2010-08-01,20,1,3,0.3333333333333333
2010-08-01,21,1,3,0.3333333333333333
2010-08-01,22,1,3,0.3333333333333333
2010-08-01,23,1,3,0.3333333333333333
2010-08-01,24,1,3,0.3333333333333333
2010-08-01,25,1,3,0.3333333333333333
2010-08-01,26,1,3,0.3333333333333333
2010-08-01,27,1,3,0.3333333333333333
2010-08-01,28,1,3,0.3333333333333333
2010-08-01,29,1,3,0.3333333333333333
2010-08-01,30,1,3,0.3333333333333333
2010-08-01,31,1,3,0.3333333333333333
2010-08-01,32,1,3,0.3333333333333333
2010-08-01,33,1,3,0.3333333333333333
2010-08-01,34,1,3,0.3333333333333333
2010-08-01,35,1,3,0.3333333333333333
2010-08-01,36,1,3,0.3333333333333333
2010-08-01,37,1,3,0.3333333333333333
2010-08-01,38,1,3,0.3333333333333333
2010-08-01,39,1,3,0.3333333333333333
2010-08-01,40,1,3,0.3333333333333333
2010-08-01,41,1,3,0.3333333333333333
2010-08-01,42,1,3,0.3333333333333333
2010-08-01,43,1,3,0.3333333333333333
2010-08-01,44,1,3,0.3333333333333333
2010-08-01,45,1,3,0.3333333333333333
2010-08-01,46,1,3,0.3333333333333333
2010-08-01,47,1,3,0.3333333333333333
2010-08-01,48,1,3,0.3333333333333333
2010-08-01,49,1,3,0.3333333333333333
2010-08-01,50,1,3,0.3333333333333333
2010-08-01,51,1,3,0.3333333333333333
2010-08-01,52,1,3,0.3333333333333333
2010-08-01,53,1,3,0.3333333333333333
2010-08-01,54,1,3,0.3333333333333333
2010-08-01,55,1,3,0.3333333333333333
2010-08-01,56,1,3,0.3333333333333333
2010-08-01,57,1,3,0.3333333333333333
2010-08-01,58,1,3,0.3333333333333333
2010-08-01,59,1,3,0.3333333333333333
2010-08-01,60,1,3,0.3333333333333333
2010-08-01,61,1,3,0.3333333333333333
2010-08-01,62,1,3,0.3333333333333333
2010-08-01,63,1,3,0.3333333333333333
2010-08-01,64,1,3,0.3333333333333333
2010-08-01,65,1,3,0.3333333333333333
2010-08-01,66,1,3,0.3333333333333333
2010-08-01,67,1,3,0.3333333333333333
2010-08-01,68,1,3,0.3333333333333333
2010-08-01,69,1,3,0.3333333333333333
2010-08-01,70,1,3,0.3333333333333333
2010-08-01,71,1,3,0.3333333333333333
2010-08-01,72,1,3,0.3333333333333333
2010-08-01,73,1,3,0.3333333333333333
2010-08-01,74,1,3,0.3333333333333333
2010-08-01,75,1,3,0.3333333333333333
2010-08-01,76,1,3,0.3333333333333333
2010-08-01,77,1,3,0.3333333333333333
2010-08-01,78,1,3,0.3333333333333333
2010-08-01,79,1,3,0.3333333333333333
2010-08-01,80,1,3,0.3333333333333333
2010-08-01,81,1,3,0.3333333333333333
2010-08-01,82,1,3,0.3333333333333333
2010-08-01,83,1,3,0.3333333333333333
2010-08-01,84,1,3,0.3333333333333333
2010-08-01,85,1,3,0.3333333333333333
2010-08-01,86,1,3,0.3333333333333333
2010-08-01,87,1,3,0.3333333333333333
2010-08-01,88,1,3,0.3333333333333333
2010-08-01,89,1,3,0.3333333333333333
2010-08-01,90,1,3,0.3333333333333333
2010-08-01,91,1,3,0.3333333333333333
2010-08-01,92,1,3,0.3333333333333333
2010-08-01,93,1,3,0.3333333333333333
2010-08-01,94,1,3,0.3333333333333333
2010-08-01,95,1,3,0.3333333333333333
2010-08-01,96,1,3,0.3333333333333333
2010-08-01,97,1,3,0.3333333333333333
2010-08-01,98,1,3,0.3333333333333333
2010-08-01,99,1,3,0.3333333333333333
2010-08-01,100,1,3,0.3333333333333333
2010-08-01,101,1,3,0.3333333333333333
2010-08-01,102,1,3,0.3333333333333333
2010-08-01,103,1,3,0.3333333333333333
2010-08-01,104,1,3,0.3333333333333333
2010-08-01,105,1,3,0.3333333333333333
2010-08-01,106,1,3,0.3333333333333333
2010-08-01,107,1,3,0.3333333333333333
2010-08-01,108,1,3,0.3333333333333333
2010-08-01,109,1,3,0.3333333333333333
2010-08-01,110,1,3,0.3333333333333333
2010-09-01,0,2,7,0.2857142857142857
2010-09-01,1,2,7,0.2857142857142857
2010-09-01,2,2,7,0.2857142857142857
2010-09-01,3,2,7,0.2857142857142857
2010-09-01,4,2,7,0.2857142857142857
2010-09-01,5,2,7,0.2857142857142857
2010-09-01,6,2,7,0.2857142857142857
2010-09-01,7,2,7,0.2857142857142857
2010-09-01,8,2,7,0.2857142857142857
2010-09-01,9,2,7,0.2857142857142857
2010-09-01,10,2,7,0.2857142857142857
2010-09-01,11,2,7,0.2857142857142857
2010-09-01,12,2,7,0.2857142857142857
2010-09-01,13,2,7,0.2857142857142857
2010-09-01,14,2,7,0.2857142857142857
2010-09-01,15,2,7,0.2857142857142857
2010-09-01,16,2,7,0.2857142857142857
2010-09-01,17,2,7,0.2857142857142857
2010-09-01,18,2,7,0.2857142857142857
2010-09-01,19,2,7,0.2857142857142857
2010-09-01,20,2,7,0.2857142857142857
2010-09-01,21,2,7,0.2857142857142857
2010-09-01,22,2,7,0.2857142857142857
2010-09-01,23,2,7,0.2857142857142857
2010-09-01,24,2,7,0.2857142857142857
2010-09-01,25,2,7,0.2857142857142857
2010-09-01,26,2,7,0.2857142857142857
2010-09-01,27,2,7,0.2857142857142857
2010-09-01,28,2,7,0.2857142857142857
2010-09-01,29,2,7,0.2857142857142857
2010-09-01,30,2,7,0.2857142857142857
2010-09-01,31,2,7,0.2857142857142857
2010-09-01,32,2,7,0.2857142857142857
2010-09-01,33,2,7,0.2857142857142857
2010-09-01,34,2,7,0.2857142857142857
2010-09-01,35,2,7,0.2857142857142857
2010-09-01,36,2,7,0.2857142857142857
2010-09-01,37,2,7,0.2857142857142857
2010-09-01,38,2,7,0.2857142857142857
2010-09-01,39,2,7,0.2857142857142857
2010-09-01,40,2,7,0.2857142857142857
2010-09-01,41,2,7,0.2857142857142857
2010-09-01,42,2,7,0.2857142857142857
2010-09-01,43,2,7,0.2857142857142857
2010-09-01,44,2,7,0.2857142857142857
2010-09-01,45,2,7,0.2857142857142857
2010-09-01,46,2,7,0.2857142857142857
2010-09-01,47,2,7,0.2857142857142857
2010-09-01,48,2,7,0.2857142857142857
2010-09-01,49,2,7,0.2857142857142857
2010-09-01,50,2,7,0.2857142857142857
2010-09-01,51,2,7,0.2857142857142857
2010-09-01,52,2,7,0.2857142857142857
2010-09-01,53,2,7,0.2857142857142857
2010-09-01,54,2,7,0.2857142857142857
2010-09-01,55,2,7,0.2857142857142857
2010-09-01,56,2,7,0.2857142857142857
2010-09-01,57,2,7,0.2857142857142857
2010-09-01,58,2,7,0.2857142857142857
2010-09-01,59,2,7,0.2857142857142857
2010-09-01,60,2,7,0.2857142857142857
2010-09-01,61,2,7,0.2857142857142857
2010-09-01,62,2,7,0.2857142857142857
2010-09-01,63,2,7,0.2857142857142857
2010-09-01,64,2,7,0.2857142857142857
2010-09-01,65,2,7,0.2857142857142857
2010-09-01,66,2,7,0.2857142857142857
2010-09-01,67,2,7,0.2857142857142857
2010-09-01,68,2,7,0.2857142857142857
2010-09-01,69,2,7,0.2857142857142857
2010-09-01,70,2,7,0.2857142857142857
2010-09-01,71,2,7,0.2857142857142857
2010-09-01,72,2,7,0.2857142857142857
2010-09-01,73,2,7,0.2857142857142857
2010-09-01,74,2,7,0.2857142857142857
2010-09-01,75,2,7,0.2857142857142857
2010-09-01,76,2,7,0.2857142857142857
2010-09-01,77,2,7,0.2857142857142857
2010-09-01,78,2,7,0.2857142857142857
2010-09-01,79,2,7,0.2857142857142857
2010-09-01,80,2,7,0.2857142857142857
2010-09-01,81,2,7,0.2857142857142857
2010-09-01,82,2,7,0.2857142857142857
2010-09-01,83,2,7,0.2857142857142857
2010-09-01,84,2,7,0.2857142857142857
2010-09-01,85,2,7,0.2857142857142857
2010-09-01,86,2,7,0.2857142857142857
2010-09-01,87,2,7,0.2857142857142857
2010-09-01,88,2,7,0.2857142857142857
2010-09-01,89,2,7,0.2857142857142857
2010-09-01,90,2,7,0.2857142857142857
2010-09-01,91,2,7,0.2857142857142857
2010-09-01,92,2,7,0.2857142857142857
2010-09-01,93,2,7,0.2857142857142857
2010-09-01,94,2,7,0.2857142857142857
2010-09-01,95,2,7,0.2857142857142857
2010-09-01,96,2,7,0.2857142857142857
2010-09-01,97,2,7,0.2857142857142857
2010-09-01,98,2,7,0.2857142857142857
2010-09-01,99,2,7,0.2857142857142857
2010-09-01,100,2,7,0.2857142857142857
2010-09-01,101,2,7,0.2857142857142857
2010-09-01,102,2,7,0.2857142857142857
2010-09-01,103,2,7,0.2857142857142857
2010-09-01,104,2,7,0.2857142857142857
2010-09-01,105,2,7,0.2857142857142857
2010-09-01,106,2,7,0.2857142857142857
2010-09-01,107,2,7,0.2857142857142857
2010-09-01,108,2,7,0.2857142857142857
2010-09-01,109,2,7,0.2857142857142857
2010-10-01,0,4,7,0.5714285714285714
2010-10-01,1,4,7,0.5714285714285714
2010-10-01,2,4,7,0.5714285714285714
2010-10-01,3,4,7,0.5714285714285714
2010-10-01,4,4,7,0.5714285714285714
2010-10-01,5,4,7,0.5714285714285714
2010-10-01,6,4,7,0.5714285714285714
2010-10-01,7,4,7,0.5714285714285714
2010-10-01,8,4,7,0.5714285714285714
2010-10-01,9,4,7,0.5714285714285714
2010-10-01,10,4,7,0.5714285714285714
2010-10-01,11,4,7,0.5714285714285714
2010-10-01,12,4,7,0.5714285714285714
2010-10-01,13,4,7,0.5714285714285714
2010-10-01,14,4,7,0.5714285714285714
2010-10-01,15,4,7,0.5714285714285714
2010-10-01,16,4,7,0.5714285714285714
2010-10-01,17,4,7,0.5714285714285714
2010-10-01,18,4,7,0.5714285714285714
2010-10-01,19,4,7,0.5714285714285714
2010-10-01,20,4,7,0.5714285714285714
2010-10-01,21,4,7,0.5714285714285714
2010-10-01,22,4,7,0.5714285714285714
2010-10-01,23,4,7,0.5714285714285714
2010-10-01,24,4,7,0.5714285714285714
2010-10-01,25,4,7,0.5714285714285714
2010-10-01,26,4,7,0.5714285714285714
2010-10-01,27,4,7,0.5714285714285714
2010-10-01,28,4,7,0.5714285714285714
2010-10-01,29,4,7,0.5714285714285714
2010-10-01,30,4,7,0.5714285714285714
2010-10-01,31,4,7,0.5714285714285714
2010-10-01,32,4,7,0.5714285714285714
2010-10-01,33,4,7,0.5714285714285714
2010-10-01,34,4,7,0.5714285714285714
2010-10-01,35,4,7,0.5714285714285714
2010-10-01,36,4,7,0.5714285714285714
2010-10-01,37,4,7,0.5714285714285714
2010-10-01,38,4,7,0.5714285714285714
2010-10-01,39,4,7,0.5714285714285714
2010-10-01,40,4,7,0.5714285714285714
2010-10-01,41,4,7,0.5714285714285714
2010-10-01,42,4,7,0.5714285714285714
2010-10-01,43,4,7,0.5714285714285714
2010-10-01,44,4,7,0.5714285714285714
2010-10-01,45,4,7,0.5714285714285714
2010-10-01,46,4,7,0.5714285714285714
2010-10-01,47,4,7,0.5714285714285714
2010-10-01,48,4,7,0.5714285714285714
2010-10-01,49,4,7,0.5714285714285714
2010-10-01,50,4,7,0.5714285714285714
2010-10-01,51,4,7,0.5714285714285714
2010-10-01,52,4,7,0.5714285714285714
2010-10-01,53,4,7,0.5714285714285714
2010-10-01,54,4,7,0.5714285714285714
2010-10-01,55,4,7,0.5714285714285714
2010-10-01,56,4,7,0.5714285714285714
2010-10-01,57,4,7,0.5714285714285714
2010-10-01,58,4,7,0.5714285714285714
2010-10-01,59,4,7,0.5714285714285714
2010-10-01,60,4,7,0.5714285714285714
2010-10-01,61,4,7,0.5714285714285714
2010-10-01,62,4,7,0.5714285714285714
2010-10-01,63,4,7,0.5714285714285714
2010-10-01,64,4,7,0.5714285714285714
2010-10-01,65,4,7,0.5714285714285714
2010-10-01,66,4,7,0.5714285714285714
2010-10-01,67,4,7,0.5714285714285714
2010-10-01,68,4,7,0.5714285714285714
2010-10-01,69,4,7,0.5714285714285714
2010-10-01,70,4,7,0.5714285714285714
2010-10-01,71,4,7,0.5714285714285714
2010-10-01,72,4,7,0.5714285714285714
2010-10-01,73,4,7,0.5714285714285714
2010-10-01,74,4,7,0.5714285714285714
2010-10-01,75,4,7,0.5714285714285714
2010-10-01,76,4,7,0.5714285714285714
2010-10-01,77,4,7,0.5714285714285714
2010-10-01,78,4,7,0.5714285714285714
2010-10-01,79,4,7,0.5714285714285714
2010-10-01,80,4,7,0.5714285714285714
2010-10-01,81,4,7,0.5714285714285714
2010-10-01,82,4,7,0.5714285714285714
2010-10-01,83,4,7,0.5714285714285714
2010-10-01,84,4,7,0.5714285714285714
2010-10-01,85,4,7,0.5714285714285714
2010-10-01,86,4,7,0.5714285714285714
2010-10-01,87,4,7,0.5714285714285714
2010-10-01,88,4,7,0.5714285714285714
2010-10-01,89,4,7,0.5714285714285714
2010-10-01,90,4,7,0.5714285714285714
2010-10-01,91,4,7,0.5714285714285714
2010-10-01,92,4,7,0.5714285714285714
2010-10-01,93,4,7,0.5714285714285714
2010-10-01,94,4,7,0.5714285714285714
2010-10-01,95,4,7,0.5714285714285714
2010-10-01,96,4,7,0.5714285714285714
2010-10-01,97,4,7,0.5714285714285714
2010-10-01,98,4,7,0.5714285714285714
2010-10-01,99,4,7,0.5714285714285714
2010-10-01,100,4,7,0.5714285714285714
2010-10-01,101,4,7,0.5714285714285714
2010-10-01,102,4,7,0.5714285714285714
2010-10-01,103,4,7,0.5714285714285714
2010-10-01,104,4,7,0.5714285714285714
2010-10-01,105,4,7,0.5714285714285714
2010-10-01,106,4,7,0.5714285714285714
2010-10-01,107,4,7,0.5714285714285714
2010-10-01,108,4,7,0.5714285714285714
2010-11-01,0,4,7,0.5714285714285714
2010-11-01,1,4,7,0.5714285714285714
2010-11-01,2,4,7,0.5714285714285714
2010-11-01,3,4,7,0.5714285714285714
2010-11-01,4,4,7,0.5714285714285714
2010-11-01,5,4,7,0.5714285714285714
2010-11-01,6,4,7,0.5714285714285714
2010-11-01,7,4,7,0.5714285714285714
2010-11-01,8,4,7,0.5714285714285714
2010-11-01,9,4,7,0.5714285714285714
2010-11-01,10,4,7,0.5714285714285714
2010-11-01,11,4,7,0.5714285714285714
2010-11-01,12,4,7,0.5714285714285714
2010-11-01,13,4,7,0.5714285714285714
2010-11-01,14,4,7,0.5714285714285714
2010-11-01,15,4,7,0.5714285714285714
2010-11-01,16,4,7,0.5714285714285714
2010-11-01,17,4,7,0.5714285714285714
2010-11-01,18,4,7,0.5714285714285714
2010-11-01,19,4,7,0.5714285714285714
2010-11-01,20,4,7,0.5714285714285714
2010-11-01,21,4,7,0.5714285714285714
2010-11-01,22,4,7,0.5714285714285714
2010-11-01,23,4,7,0.5714285714285714
2010-11-01,24,4,7,0.5714285714285714
2010-11-01,25,4,7,0.5714285714285714
2010-11-01,26,4,7,0.5714285714285714
2010-11-01,27,4,7,0.5714285714285714
2010-11-01,28,4,7,0.5714285714285714
2010-11-01,29,4,7,0.5714285714285714
2010-11-01,30,4,7,0.5714285714285714
2010-11-01,31,4,7,0.5714285714285714
2010-11-01,32,4,7,0.5714285714285714
2010-11-01,33,4,7,0.5714285714285714
2010-11-01,34,4,7,0.5714285714285714
2010-11-01,35,4,7,0.5714285714285714
2010-11-01,36,4,7,0.5714285714285714
2010-11-01,37,4,7,0.5714285714285714
2010-11-01,38,4,7,0.5714285714285714
2010-11-01,39,4,7,0.5714285714285714
2010-11-01,40,4,7,0.5714285714285714
2010-11-01,41,4,7,0.5714285714285714
2010-11-01,42,4,7,0.5714285714285714
2010-11-01,43,4,7,0.5714285714285714
2010-11-01,44,4,7,0.5714285714285714
2010-11-01,45,4,7,0.5714285714285714
2010-11-01,46,4,7,0.5714285714285714
2010-11-01,47,4,7,0.5714285714285714
2010-11-01,48,4,7,0.5714285714285714
2010-11-01,49,4,7,0.5714285714285714
2010-11-01,50,4,7,0.5714285714285714
2010-11-01,51,4,7,0.5714285714285714
2010-11-01,52,4,7,0.5714285714285714
2010-11-01,53,4,7,0.5714285714285714
2010-11-01,54,4,7,0.5714285714285714
2010-11-01,55,4,7,0.5714285714285714
2010-11-01,56,4,7,0.5714285714285714
2010-11-01,57,4,7,0.5714285714285714
2010-11-01,58,4,7,0.5714285714285714
2010-11-01,59,4,7,0.5714285714285714
2010-11-01,60,4,7,0.5714285714285714
2010-11-01,61,4,7,0.5714285714285714
2010-11-01,62,4,7,0.5714285714285714
2010-11-01,63,4,7,0.5714285714285714
2010-11-01,64,4,7,0.5714285714285714
2010-11-01,65,4,7,0.5714285714285714
2010-11-01,66,4,7,0.5714285714285714
2010-11-01,67,4,7,0.5714285714285714
2010-11-01,68,4,7,0.5714285714285714
2010-11-01,69,4,7,0.5714285714285714
2010-11-01,70,4,7,0.5714285714285714
2010-11-01,71,4,7,0.5714285714285714
2010-11-01,72,4,7,0.5714285714285714
2010-11-01,73,4,7,0.5714285714285714
2010-11-01,74,4,7,0.5714285714285714
2010-11-01,75,4,7,0.5714285714285714
2010-11-01,76,4,7,0.5714285714285714
2010-11-01,77,4,7,0.5714285714285714
2010-11-01,78,4,7,0.5714285714285714
2010-11-01,79,4,7,0.5714285714285714
2010-11-01,80,4,7,0.5714285714285714
2010-11-01,81,4,7,0.5714285714285714
2010-11-01,82,4,7,0.5714285714285714
2010-11-01,83,4,7,0.5714285714285714
2010-11-01,84,4,7,0.5714285714285714
2010-11-01,85,4,7,0.5714285714285714
2010-11-01,86,3,7,0.42857142857142855
2010-11-01,87,3,7,0.42857142857142855
2010-11-01,88,3,7,0.42857142857142855
2010-11-01,89,3,7,0.42857142857142855
2010-11-01,90,3,7,0.42857142857142855
2010-11-01,91,3,7,0.42857142857142855
2010-11-01,92,3,7,0.42857142857142855
2010-11-01,93,3,7,0.42857142857142855
2010-11-01,94,3,7,0.42857142857142855
2010-11-01,95,3,7,0.42857142857142855
2010-11-01,96,3,7,0.42857142857142855
2010-11-01,97,3,7,0.42857142857142855
2010-11-01,98,3,7,0.42857142857142855
2010-11-01,99,3,7,0.42857142857142855
2010-11-01,100,3,7,0.42857142857142855
2010-11-01,101,3,7,0.42857142857142855
2010-11-01,102,3,7,0.42857142857142855
2010-11-01,103,3,7,0.42857142857142855
2010-11-01,104,3,7,0.42857142857142855
2010-11-01,105,3,7,0.42857142857142855
2010-11-01,106,3,7,0.42857142857142855
2010-11-01,107,3,7,0.42857142857142855
2010-12-01,0,6,8,0.75
2010-12-01,1,6,8,0.75
2010-12-01,2,6,8,0.75
2010-12-01,3,6,8,0.75
2010-12-01,4,6,8,0.75
2010-12-01,5,6,8,0.75
2010-12-01,6,6,8,0.75
2010-12-01,7,6,8,0.75
2010-12-01,8,6,8,0.75
2010-12-01,9,6,8,0.75
2010-12-01,10,6,8,0.75
2010-12-01,11,6,8,0.75
2010-12-01,12,6,8,0.75
2010-12-01,13,6,8,0.75
2010-12-01,14,6,8,0.75
2010-12-01,15,6,8,0.75
2010-12-01,16,6,8,0.75
2010-12-01,17,6,8,0.75
2010-12-01,18,6,8,0.75
2010-12-01,19,6,8,0.75
2010-12-01,20,5,8,0.625
2010-12-01,21,5,8,0.625
2010-12-01,22,5,8,0.625
2010-12-01,23,5,8,0.625
2010-12-01,24,5,8,0.625
2010-12-01,25,5,8,0.625
2010-12-01,26,5,8,0.625
2010-12-01,27,5,8,0.625
2010-12-01,28,5,8,0.625
2010-12-01,29,5,8,0.625
2010-12-01,30,5,8,0.625
2010-12-01,31,5,8,0.625
2010-12-01,32,6,8,0.75
2010-12-01,33,5,8,0.625
2010-12-01,34,5,8,0.625
2010-12-01,35,5,8,0.625
2010-12-01,36,6,8,0.75
2010-12-01,37,6,8,0.75
2010-12-01,38,6,8,0.75
2010-12-01,39,6,8,0.75
2010-12-01,40,6,8,0.75
2010-12-01,41,6,8,0.75
2010-12-01,42,6,8,0.75
2010-12-01,43,6,8,0.75
2010-12-01,44,6,8,0.75
2010-12-01,45,6,8,0.75
2010-12-01,46,6,8,0.75
2010-12-01,47,6,8,0.75
2010-12-01,48,6,8,0.75
2010-12-01,49,6,8,0.75
2010-12-01,50,6,8,0.75
2010-12-01,51,6,8,0.75
2010-12-01,52,6,8,0.75
2010-12-01,53,6,8,0.75
2010-12-01,54,6,8,0.75
2010-12-01,55,6,8,0.75
2010-12-01,56,6,8,0.75
2010-12-01,57,6,8,0.75
2010-12-01,58,6,8,0.75
2010-12-01,59,6,8,0.75
2010-12-01,60,6,8,0.75
2010-12-01,61,6,8,0.75
2010-12-01,62,6,8,0.75
2010-12-01,63,6,8,0.75
2010-12-01,64,6,8,0.75
2010-12-01,65,6,8,0.75
2010-12-01,66,6,8,0.75
2010-12-01,67,6,8,0.75
2010-12-01,68,6,8,0.75
2010-12-01,69,6,8,0.75
2010-12-01,70,6,8,0.75
2010-12-01,71,6,8,0.75
2010-12-01,72,6,8,0.75
2010-12-01,73,6,8,0.75
2010-12-01,74,6,8,0.75
2010-12-01,75,6,8,0.75
2010-12-01,76,6,8,0.75
2010-12-01,77,6,8,0.75
2010-12-01,78,6,8,0.75
2010-12-01,79,6,8,0.75
2010-12-01,80,6,8,0.75
2010-12-01,81,6,8,0.75
2010-12-01,82,6,8,0.75
2010-12-01,83,6,8,0.75
2010-12-01,84,6,8,0.75
2010-12-01,85,6,8,0.75
2010-12-01,86,6,8,0.75
2010-12-01,87,6,8,0.75
2010-12-01,88,6,8,0.75
2010-12-01,89,6,8,0.75
2010-12-01,90,6,8,0.75
2010-12-01,91,6,8,0.75
2010-12-01,92,6,8,0.75
2010-12-01,93,6,8,0.75
2010-12-01,94,6,8,0.75
2010-12-01,95,6,8,0.75
2010-12-01,96,6,8,0.75
2010-12-01,97,6,8,0.75
2010-12-01,98,6,8,0.75
2010-12-01,99,6,8,0.75
2010-12-01,100,6,8,0.75
2010-12-01,101,6,8,0.75
2010-12-01,102,6,8,0.75
2010-12-01,103,6,8,0.75
2010-12-01,104,6,8,0.75
2010-12-01,105,6,8,0.75
2010-12-01,106,6,8,0.75
2011-01-01,0,5,8,0.625
2011-01-01,1,5,8,0.625
2011-01-01,2,5,8,0.625
2011-01-01,3,5,8,0.625
2011-01-01,4,5,8,0.625
2011-01-01,5,5,8,0.625
2011-01-01,6,5,8,0.625
2011-01-01,7,5,8,0.625
2011-01-01,8,5,8,0.625
2011-01-01,9,5,8,0.625
2011-01-01,10,5,8,0.625
2011-01-01,11,5,8,0.625
2011-01-01,12,5,8,0.625
2011-01-01,13,5,8,0.625
2011-01-01,14,5,8,0.625
2011-01-01,15,5,8,0.625
2011-01-01,16,5,8,0.625
2011-01-01,17,5,8,0.625
2011-01-01,18,5,8,0.625
2011-01-01,19,5,8,0.625
2011-01-01,20,5,8,0.625
2011-01-01,21,5,8,0.625
2011-01-01,22,5,8,0.625
2011-01-01,23,5,8,0.625
2011-01-01,24,5,8,0.625
2011-01-01,25,5,8,0.625
2011-01-01,26,5,8,0.625
2011-01-01,27,5,8,0.625
2011-01-01,28,5,8,0.625
2011-01-01,29,5,8,0.625
2011-01-01,30,5,8,0.625
2011-01-01,31,5,8,0.625
2011-01-01,32,5,8,0.625
2011-01-01,33,5,8,0.625
2011-01-01,34,5,8,0.625
2011-01-01,35,5,8,0.625
2011-01-01,36,5,8,0.625
2011-01-01,37,5,8,0.625
2011-01-01,38,5,8,0.625
2011-01-01,39,5,8,0.625
2011-01-01,40,5,8,0.625
2011-01-01,41,5,8,0.625
2011-01-01,42,5,8,0.625
2011-01-01,43,5,8,0.625
2011-01-01,44,5,8,0.625
2011-01-01,45,5,8,0.625
2011-01-01,46,5,8,0.625
2011-01-01,47,5,8,0.625
2011-01-01,48,5,8,0.625
2011-01-01,49,5,8,0.625
2011-01-01,50,5,8,0.625
2011-01-01,51,5,8,0.625
2011-01-01,52,5,8,0.625
2011-01-01,53,5,8,0.625
2011-01-01,54,5,8,0.625
2011-01-01,55,5,8,0.625
2011-01-01,56,5,8,0.625
2011-01-01,57,5,8,0.625
2011-01-01,58,5,8,0.625
2011-01-01,59,5,8,0.625
2011-01-01,60,5,8,0.625
2011-01-01,61,5,8,0.625
2011-01-01,62,5,8,0.625
2011-01-01,63,5,8,0.625
2011-01-01,64,5,8,0.625
2011-01-01,65,5,8,0.625
2011-01-01,66,5,8,0.625
2011-01-01,67,5,8,0.625
2011-01-01,68,5,8,0.625
2011-01-01,69,5,8,0.625
2011-01-01,70,5,8,0.625
2011-01-01,71,5,8,0.625
2011-01-01,72,5,8,0.625
2011-01-01,73,5,8,0.625
2011-01-01,74,5,8,0.625
2011-01-01,75,5,8,0.625
2011-01-01,76,5,8,0.625
2011-01-01,77,5,8,0.625
2011-01-01,78,5,8,0.625
2011-01-01,79,5,8,0.625
2011-01-01,80,5,8,0.625
2011-01-01,81,5,8,0.625
2011-01-01,82,5,8,0.625
2011-01-01,83,5,8,0.625
2011-01-01,84,5,8,0.625
2011-01-01,85,5,8,0.625
2011-01-01,86,5,8,0.625
2011-01-01,87,5,8,0.625
2011-01-01,88,5,8,0.625
2011-01-01,89,5,8,0.625
2011-01-01,90,5,8,0.625
2011-01-01,91,5,8,0.625
2011-01-01,92,5,8,0.625
2011-01-01,93,5,8,0.625
2011-01-01,94,5,8,0.625
2011-01-01,95,5,8,0.625
2011-01-01,96,5,8,0.625
2011-01-01,97,5,8,0.625
2011-01-01,98,5,8,0.625
2011-01-01,99,5,8,0.625
2011-01-01,100,5,8,0.625
2011-01-01,101,5,8,0.625
2011-01-01,102,5,8,0.625
2011-01-01,103,5,8,0.625
2011-01-01,104,5,8,0.625
2011-01-01,105,5,8,0.625
2011-02-01,0,2,5,0.4
2011-02-01,1,2,5,0.4
2011-02-01,2,2,5,0.4
2011-02-01,3,2,5,0.4
2011-02-01,4,2,5,0.4
2011-02-01,5,2,5,0.4
2011-02-01,6,2,5,0.4
2011-02-01,7,2,5,0.4
2011-02-01,8,2,5,0.4
2011-02-01,9,2,5,0.4
2011-02-01,10,2,5,0.4
2011-02-01,11,2,5,0.4
2011-02-01,12,2,5,0.4
2011-02-01,13,2,5,0.4
2011-02-01,14,2,5,0.4
2011-02-01,15,2,5,0.4
2011-02-01,16,2,5,0.4
2011-02-01,17,2,5,0.4
2011-02-01,18,2,5,0.4
2011-02-01,19,2,5,0.4
2011-02-01,20,2,5,0.4
2011-02-01,21,2,5,0.4
2011-02-01,22,2,5,0.4
2011-02-01,23,2,5,0.4
2011-02-01,24,2,5,0.4
2011-02-01,25,2,5,0.4
2011-02-01,26,2,5,0.4
2011-02-01,27,2,5,0.4
2011-02-01,28,2,5,0.4
2011-02-01,29,2,5,0.4
2011-02-01,30,2,5,0.4
2011-02-01,31,2,5,0.4
2011-02-01,32,2,5,0.4
2011-02-01,33,2,5,0.4
2011-02-01,34,2,5,0.4
2011-02-01,35,2,5,0.4
2011-02-01,36,2,5,0.4
2011-02-01,37,2,5,0.4
2011-02-01,38,2,5,0.4
2011-02-01,39,2,5,0.4
2011-02-01,40,2,5,0.4
2011-02-01,41,2,5,0.4
2011-02-01,42,2,5,0.4
2011-02-01,43,2,5,0.4
2011-02-01,44,2,5,0.4
2011-02-01,45,2,5,0.4
2011-02-01,46,2,5,0.4
2011-02-01,47,2,5,0.4
2011-02-01,48,2,5,0.4
2011-02-01,49,2,5,0.4
2011-02-01,50,2,5,0.4
2011-02-01,51,2,5,0.4
2011-02-01,52,2,5,0.4
2011-02-01,53,2,5,0.4
2011-02-01,54,2,5,0.4
2011-02-01,55,2,5,0.4
2011-02-01,56,2,5,0.4
2011-02-01,57,2,5,0.4
2011-02-01,58,2,5,0.4
2011-02-01,59,2,5,0.4
2011-02-01,60,2,5,0.4
2011-02-01,61,2,5,0.4
2011-02-01,62,2,5,0.4
2011-02-01,63,2,5,0.4
2011-02-01,64,2,5,0.4
2011-02-01,65,2,5,0.4
2011-02-01,66,2,5,0.4
2011-02-01,67,2,5,0.4
2011-02-01,68,2,5,0.4
2011-02-01,69,2,5,0.4
2011-02-01,70,2,5,0.4
2011-02-01,71,2,5,0.4
2011-02-01,72,2,5,0.4
2011-02-01,73,2,5,0.4
2011-02-01,74,2,5,0.4
2011-02-01,75,2,5,0.4
2011-02-01,76,2,5,0.4
2011-02-01,77,2,5,0.4
2011-02-01,78,2,5,0.4
2011-02-01,79,2,5,0.4
2011-02-01,80,2,5,0.4
2011-02-01,81,2,5,0.4
2011-02-01,82,2,5,0.4
2011-02-01,83,2,5,0.4
2011-02-01,84,2,5,0.4
2011-02-01,85,2,5,0.4
2011-02-01,86,2,5,0.4
2011-02-01,87,2,5,0.4
2011-02-01,88,2,5,0.4
2011-02-01,89,2,5,0.4
2011-02-01,90,2,5,0.4
2011-02-01,91,2,5,0.4
2011-02-01,92,2,5,0.4
2011-02-01,93,2,5,0.4
2011-02-01,94,2,5,0.4
2011-02-01,95,2,5,0.4
2011-02-01,96,2,5,0.4
2011-02-01,97,2,5,0.4
2011-02-01,98,2,5,0.4
2011-02-01,99,2,5,0.4
2011-02-01,100,2,5,0.4
2011-02-01,101,2,5,0.4
2011-02-01,102,2,5,0.4
2011-02-01,103,2,5,0.4
2011-02-01,104,2,5,0.4
2011-03-01,0,2,5,0.4
2011-03-01,1,2,5,0.4
2011-03-01,2,2,5,0.4
2011-03-01,3,2,5,0.4
2011-03-01,4,2,5,0.4
2011-03-01,5,2,5,0.4
2011-03-01,6,2,5,0.4
2011-03-01,7,2,5,0.4
2011-03-01,8,2,5,0.4
2011-03-01,9,2,5,0.4
2011-03-01,10,2,5,0.4
2011-03-01,11,2,5,0.4
2011-03-01,12,2,5,0.4
2011-03-01,13,2,5,0.4
2011-03-01,14,2,5,0.4
2011-03-01,15,2,5,0.4
2011-03-01,16,2,5,0.4
2011-03-01,17,2,5,0.4
2011-03-01,18,2,5,0.4
2011-03-01,19,2,5,0.4
2011-03-01,20,2,5,0.4
2011-03-01,21,2,5,0.4
2011-03-01,22,2,5,0.4
2011-03-01,23,2,5,0.4
2011-03-01,24,2,5,0.4
2011-03-01,25,2,5,0.4
2011-03-01,26,2,5,0.4
2011-03-01,27,2,5,0.4
2011-03-01,28,2,5,0.4
2011-03-01,29,2,5,0.4
2011-03-01,30,2,5,0.4
2011-03-01,31,2,5,0.4
2011-03-01,32,2,5,0.4
2011-03-01,33,2,5,0.4
2011-03-01,34,2,5,0.4
2011-03-01,35,2,5,0.4
2011-03-01,36,2,5,0.4
2011-03-01,37,2,5,0.4
2011-03-01,38,2,5,0.4
2011-03-01,39,2,5,0.4
2011-03-01,40,2,5,0.4
2011-03-01,41,2,5,0.4
2011-03-01,42,2,5,0.4
2011-03-01,43,2,5,0.4
2011-03-01,44,2,5,0.4
2011-03-01,45,2,5,0.4
2011-03-01,46,2,5,0.4
2011-03-01,47,2,5,0.4
2011-03-01,48,2,5,0.4
2011-03-01,49,2,5,0.4
2011-03-01,50,2,5,0.4
2011-03-01,51,2,5,0.4
2011-03-01,52,2,5,0.4
2011-03-01,53,2,5,0.4
2011-03-01,54,2,5,0.4
2011-03-01,55,2,5,0.4
2011-03-01,56,2,5,0.4
2011-03-01,57,2,5,0.4
2011-03-01,58,2,5,0.4
2011-03-01,59,2,5,0.4
2011-03-01,60,2,5,0.4
2011-03-01,61,2,5,0.4
2011-03-01,62,2,5,0.4
2011-03-01,63,2,5,0.4
2011-03-01,64,2,5,0.4
2011-03-01,65,2,5,0.4
2011-03-01,66,2,5,0.4
2011-03-01,67,2,5,0.4
2011-03-01,68,2,5,0.4
2011-03-01,69,2,5,0.4
2011-03-01,70,2,5,0.4
2011-03-01,71,2,5,0.4
2011-03-01,72,2,5,0.4
2011-03-01,73,2,5,0.4
2011-03-01,74,2,5,0.4
2011-03-01,75,2,5,0.4
2011-03-01,76,2,5,0.4
2011-03-01,77,2,5,0.4
2011-03-01,78,2,5,0.4
2011-03-01,79,2,5,0.4
2011-03-01,80,2,5,0.4
2011-03-01,81,2,5,0.4
2011-03-01,82,2,5,0.4
2011-03-01,83,2,5,0.4
2011-03-01,84,2,5,0.4
2011-03-01,85,2,5,0.4
2011-03-01,86,2,5,0.4
2011-03-01,87,2,5,0.4
2011-03-01,88,2,5,0.4
2011-03-01,89,2,5,0.4
2011-03-01,90,2,5,0.4
2011-03-01,91,2,5,0.4
2011-03-01,92,2,5,0.4
2011-03-01,93,2,5,0.4
2011-03-01,94,2,5,0.4
2011-03-01,95,2,5,0.4
2011-03-01,96,2,5,0.4
2011-03-01,97,2,5,0.4
2011-03-01,98,2,5,0.4
2011-03-01,99,2,5,0.4
2011-03-01,100,2,5,0.4
2011-03-01,101,2,5,0.4
2011-03-01,102,2,5,0.4
2011-03-01,103,2,5,0.4
2011-04-01,0,1,1,1.0
2011-04-01,1,1,1,1.0
2011-04-01,2,1,1,1.0
2011-04-01,3,1,1,1.0
2011-04-01,4,1,1,1.0
2011-04-01,5,1,1,1.0
2011-04-01,6,1,1,1.0
2011-04-01,7,1,1,1.0
2011-04-01,8,1,1,1.0
2011-04-01,9,1,1,1.0
2011-04-01,10,1,1,1.0
2011-04-01,11,1,1,1.0
2011-04-01,12,1,1,1.0
2011-04-01,13,1,1,1.0
2011-04-01,14,1,1,1.0
2011-04-01,15,1,1,1.0
2011-04-01,16,1,1,1.0
2011-04-01,17,1,1,1.0
2011-04-01,18,1,1,1.0
2011-04-01,19,1,1,1.0
2011-04-01,20,1,1,1.0
2011-04-01,21,1,1,1.0
2011-04-01,22,1,1,1.0
2011-04-01,23,1,1,1.0
2011-04-01,24,1,1,1.0
2011-04-01,25,1,1,1.0
2011-04-01,26,1,1,1.0
2011-04-01,27,1,1,1.0
2011-04-01,28,1,1,1.0
2011-04-01,29,1,1,1.0
2011-04-01,30,1,1,1.0
2011-04-01,31,1,1,1.0
2011-04-01,32,1,1,1.0
2011-04-01,33,1,1,1.0
2011-04-01,34,1,1,1.0
2011-04-01,35,1,1,1.0
2011-04-01,36,1,1,1.0
2011-04-01,37,1,1,1.0
2011-04-01,38,1,1,1.0
2011-04-01,39,1,1,1.0
2011-04-01,40,1,1,1.0
2011-04-01,41,1,1,1.0
2011-04-01,42,1,1,1.0
2011-04-01,43,1,1,1.0
2011-04-01,44,1,1,1.0
2011-04-01,45,1,1,1.0
2011-04-01,46,1,1,1.0
2011-04-01,47,1,1,1.0
2011-04-01,48,1,1,1.0
2011-04-01,49,1,1,1.0
2011-04-01,50,1,1,1.0
2011-04-01,51,1,1,1.0
2011-04-01,52,1,1,1.0
2011-04-01,53,1,1,1.0
2011-04-01,54,1,1,1.0
2011-04-01,55,1,1,1.0
2011-04-01,56,1,1,1.0
2011-04-01,57,1,1,1.0
2011-04-01,58,1,1,1.0
2011-04-01,59,1,1,1.0
2011-04-01,60,1,1,1.0
2011-04-01,61,1,1,1.0
2011-04-01,62,1,1,1.0
2011-04-01,63,1,1,1.0
2011-04-01,64,1,1,1.0
2011-04-01,65,1,1,1.0
2011-04-01,66,1,1,1.0
2011-04-01,67,1,1,1.0
2011-04-01,68,1,1,1.0
2011-04-01,69,1,1,1.0
2011-04-01,70,1,1,1.0
2011-04-01,71,1,1,1.0
2011-04-01,72,1,1,1.0
2011-04-01,73,1,1,1.0
2011-04-01,74,1,1,1.0
2011-04-01,75,1,1,1.0
2011-04-01,76,1,1,1.0
2011-04-01,77,1,1,1.0
2011-04-01,78,1,1,1.0
2011-04-01,79,1,1,1.0
2011-04-01,80,1,1,1.0
2011-04-01,81,1,1,1.0
2011-04-01,82,1,1,1.0
2011-04-01,83,1,1,1.0
2011-04-01,84,1,1,1.0
2011-04-01,85,1,1,1.0
2011-04-01,86,1,1,1.0
2011-04-01,87,1,1,1.0
2011-04-01,88,1,1,1.0
2011-04-01,89,1,1,1.0
2011-04-01,90,1,1,1.0
2011-04-01,91,1,1,1.0
2011-04-01,92,1,1,1.0
2011-04-01,93,1,1,1.0
2011-04-01,94,1,1,1.0
2011-04-01,95,1,1,1.0
2011-04-01,96,1,1,1.0
2011-04-01,97,1,1,1.0
2011-04-01,98,1,1,1.0
2011-04-01,99,1,1,1.0
2011-04-01,100,1,1,1.0
2011-04-01,101,1,1,1.0
2011-04-01,102,1,1,1.0
2011-05-01,0,1,2,0.5
2011-05-01,1,1,2,0.5
2011-05-01,2,1,2,0.5
2011-05-01,3,1,2,0.5
2011-05-01,4,1,2,0.5
2011-05-01,5,1,2,0.5
2011-05-01,6,1,2,0.5
2011-05-01,7,1,2,0.5
2011-05-01,8,1,2,0.5
2011-05-01,9,1,2,0.5
2011-05-01,10,1,2,0.5
2011-05-01,11,1,2,0.5
2011-05-01,12,1,2,0.5
2011-05-01,13,1,2,0.5
2011-05-01,14,1,2,0.5
2011-05-01,15,1,2,0.5
2011-05-01,16,1,2,0.5
2011-05-01,17,1,2,0.5
2011-05-01,18,1,2,0.5
2011-05-01,19,1,2,0.5
2011-05-01,20,1,2,0.5
2011-05-01,21,1,2,0.5
2011-05-01,22,1,2,0.5
2011-05-01,23,1,2,0.5
2011-05-01,24,1,2,0.5
2011-05-01,25,1,2,0.5
2011-05-01,26,1,2,0.5
2011-05-01,27,1,2,0.5
2011-05-01,28,1,2,0.5
2011-05-01,29,1,2,0.5
2011-05-01,30,1,2,0.5
2011-05-01,31,1,2,0.5
2011-05-01,32,1,2,0.5
2011-05-01,33,1,2,0.5
2011-05-01,34,1,2,0.5
2011-05-01,35,1,2,0.5
2011-05-01,36,1,2,0.5
2011-05-01,37,1,2,0.5
2011-05-01,38,1,2,0.5
2011-05-01,39,1,2,0.5
2011-05-01,40,1,2,0.5
2011-05-01,41,1,2,0.5
2011-05-01,42,1,2,0.5
2011-05-01,43,1,2,0.5
2011-05-01,44,1,2,0.5
2011-05-01,45,1,2,0.5
2011-05-01,46,1,2,0.5
2011-05-01,47,1,2,0.5
2011-05-01,48,1,2,0.5
2011-05-01,49,1,2,0.5
2011-05-01,50,1,2,0.5
2011-05-01,51,1,2,0.5
2011-05-01,52,1,2,0.5
2011-05-01,53,1,2,0.5
2011-05-01,54,1,2,0.5
2011-05-01,55,1,2,0.5
2011-05-01,56,1,2,0.5
2011-05-01,57,1,2,0.5
2011-05-01,58,1,2,0.5
2011-05-01,59,1,2,0.5
2011-05-01,60,1,2,0.5
2011-05-01,61,1,2,0.5
2011-05-01,62,1,2,0.5
2011-05-01,63,1,2,0.5
2011-05-01,64,1,2,0.5
2011-05-01,65,1,2,0.5
2011-05-01,66,1,2,0.5
2011-05-01,67,1,2,0.5
2011-05-01,68,1,2,0.5
2011-05-01,69,1,2,0.5
2011-05-01,70,1,2,0.5
2011-05-01,71,1,2,0.5
2011-05-01,72,1,2,0.5
2011-05-01,73,1,2,0.5
2011-05-01,74,1,2,0.5
2011-05-01,75,1,2,0.5
2011-05-01,76,1,2,0.5
2011-05-01,77,1,2,0.5
2011-05-01,78,1,2,0.5
2011-05-01,79,1,2,0.5
2011-05-01,80,1,2,0.5
2011-05-01,81,1,2,0.5
2011-05-01,82,1,2,0.5
2011-05-01,83,1,2,0.5
2011-05-01,84,1,2,0.5
2011-05-01,85,1,2,0.5
2011-05-01,86,1,2,0.5
2011-05-01,87,1,2,0.5
2011-05-01,88,1,2,0.5
2011-05-01,89,1,2,0.5
2011-05-01,90,1,2,0.5
2011-05-01,91,1,2,0.5
2011-05-01,92,1,2,0.5
2011-05-01,93,1,2,0.5
2011-05-01,94,1,2,0.5
2011-05-01,95,1,2,0.5
2011-05-01,96,1,2,0.5
2011-05-01,97,1,2,0.5
2011-05-01,98,1,2,0.5
2011-05-01,99,1,2,0.5
2011-05-01,100,1,2,0.5
2011-05-01,101,1,2,0.5
2011-06-01,0,2,3,0.6666666666666666
2011-06-01,1,2,3,0.6666666666666666
2011-06-01,2,2,3,0.6666666666666666
2011-06-01,3,2,3,0.6666666666666666
2011-06-01,4,2,3,0.6666666666666666
2011-06-01,5,2,3,0.6666666666666666
2011-06-01,6,2,3,0.6666666666666666
2011-06-01,7,2,3,0.6666666666666666
2011-06-01,8,2,3,0.6666666666666666
2011-06-01,9,2,3,0.6666666666666666
2011-06-01,10,2,3,0.6666666666666666
2011-06-01,11,2,3,0.6666666666666666
2011-06-01,12,2,3,0.6666666666666666
2011-06-01,13,2,3,0.6666666666666666
2011-06-01,14,2,3,0.6666666666666666
2011-06-01,15,2,3,0.6666666666666666
2011-06-01,16,2,3,0.6666666666666666
2011-06-01,17,2,3,0.6666666666666666
2011-06-01,18,2,3,0.6666666666666666
2011-06-01,19,2,3,0.6666666666666666
2011-06-01,20,2,3,0.6666666666666666
2011-06-01,21,2,3,0.6666666666666666
2011-06-01,22,2,3,0.6666666666666666
2011-06-01,23,2,3,0.6666666666666666
2011-06-01,24,2,3,0.6666666666666666
2011-06-01,25,2,3,0.6666666666666666
2011-06-01,26,2,3,0.6666666666666666
2011-06-01,27,2,3,0.6666666666666666
2011-06-01,28,2,3,0.6666666666666666
2011-06-01,29,2,3,0.6666666666666666
2011-06-01,30,2,3,0.6666666666666666
2011-06-01,31,2,3,0.6666666666666666
2011-06-01,32,2,3,0.6666666666666666
2011-06-01,33,2,3,0.6666666666666666
2011-06-01,34,2,3,0.6666666666666666
2011-06-01,35,2,3,0.6666666666666666
2011-06-01,36,2,3,0.6666666666666666
2011-06-01,37,2,3,0.6666666666666666
2011-06-01,38,2,3,0.6666666666666666
2011-06-01,39,2,3,0.6666666666666666
2011-06-01,40,2,3,0.6666666666666666
2011-06-01,41,2,3,0.6666666666666666
2011-06-01,42,2,3,0.6666666666666666
2011-06-01,43,2,3,0.6666666666666666
2011-06-01,44,2,3,0.6666666666666666
2011-06-01,45,2,3,0.6666666666666666
2011-06-01,46,2,3,0.6666666666666666
2011-06-01,47,2,3,0.6666666666666666
2011-06-01,48,2,3,0.6666666666666666
2011-06-01,49,2,3,0.6666666666666666
2011-06-01,50,2,3,0.6666666666666666
2011-06-01,51,2,3,0.6666666666666666
2011-06-01,52,2,3,0.6666666666666666
2011-06-01,53,2,3,0.6666666666666666
2011-06-01,54,2,3,0.6666666666666666
2011-06-01,55,2,3,0.6666666666666666
2011-06-01,56,2,3,0.6666666666666666
2011-06-01,57,2,3,0.6666666666666666
2011-06-01,58,2,3,0.6666666666666666
2011-06-01,59,2,3,0.6666666666666666
2011-06-01,60,2,3,0.6666666666666666
2011-06-01,61,2,3,0.6666666666666666
2011-06-01,62,2,3,0.6666666666666666
2011-06-01,63,2,3,0.6666666666666666
2011-06-01,64,2,3,0.6666666666666666
2011-06-01,65,2,3,0.6666666666666666
2011-06-01,66,2,3,0.6666666666666666
2011-06-01,67,2,3,0.6666666666666666
2011-06-01,68,2,3,0.6666666666666666
2011-06-01,69,2,3,0.6666666666666666
2011-06-01,70,2,3,0.6666666666666666
2011-06-01,71,2,3,0.6666666666666666
2011-06-01,72,2,3,0.6666666666666666
2011-06-01,73,2,3,0.6666666666666666
2011-06-01,74,2,3,0.6666666666666666
2011-06-01,75,2,3,0.6666666666666666
2011-06-01,76,2,3,0.6666666666666666
2011-06-01,77,2,3,0.6666666666666666
2011-06-01,78,2,3,0.6666666666666666
2011-06-01,79,2,3,0.6666666666666666
2011-06-01,80,2,3,0.6666666666666666
2011-06-01,81,2,3,0.6666666666666666
2011-06-01,82,2,3,0.6666666666666666
2011-06-01,83,2,3,0.6666666666666666
2011-06-01,84,2,3,0.6666666666666666
2011-06-01,85,2,3,0.6666666666666666
2011-06-01,86,2,3,0.6666666666666666
2011-06-01,87,2,3,0.6666666666666666
2011-06-01,88,2,3,0.6666666666666666
2011-06-01,89,2,3,0.6666666666666666
2011-06-01,90,2,3,0.6666666666666666
2011-06-01,91,2,3,0.6666666666666666
2011-06-01,92,2,3,0.6666666666666666
2011-06-01,93,2,3,0.6666666666666666
2011-06-01,94,2,3,0.6666666666666666
2011-06-01,95,2,3,0.6666666666666666
2011-06-01,96,2,3,0.6666666666666666
2011-06-01,97,2,3,0.6666666666666666
2011-06-01,98,2,3,0.6666666666666666
2011-06-01,99,2,3,0.6666666666666666
2011-06-01,100,2,3,0.6666666666666666
2011-07-01,0,4,5,0.8
2011-07-01,1,4,5,0.8
2011-07-01,2,4,5,0.8
2011-07-01,3,4,5,0.8
2011-07-01,4,4,5,0.8
2011-07-01,5,4,5,0.8
2011-07-01,6,4,5,0.8
2011-07-01,7,4,5,0.8
2011-07-01,8,4,5,0.8
2011-07-01,9,4,5,0.8
2011-07-01,10,4,5,0.8
2011-07-01,11,4,5,0.8
2011-07-01,12,4,5,0.8
2011-07-01,13,4,5,0.8
2011-07-01,14,4,5,0.8
2011-07-01,15,4,5,0.8
2011-07-01,16,4,5,0.8
2011-07-01,17,4,5,0.8
2011-07-01,18,4,5,0.8
2011-07-01,19,4,5,0.8
2011-07-01,20,4,5,0.8
2011-07-01,21,4,5,0.8
2011-07-01,22,4,5,0.8
2011-07-01,23,4,5,0.8
2011-07-01,24,4,5,0.8
2011-07-01,25,4,5,0.8
2011-07-01,26,4,5,0.8
2011-07-01,27,4,5,0.8
2011-07-01,28,4,5,0.8
2011-07-01,29,4,5,0.8
2011-07-01,30,4,5,0.8
2011-07-01,31,4,5,0.8
2011-07-01,32,4,5,0.8
2011-07-01,33,4,5,0.8
2011-07-01,34,4,5,0.8
2011-07-01,35,4,5,0.8
2011-07-01,36,4,5,0.8
2011-07-01,37,4,5,0.8
2011-07-01,38,4,5,0.8
2011-07-01,39,4,5,0.8
2011-07-01,40,4,5,0.8
2011-07-01,41,4,5,0.8
2011-07-01,42,4,5,0.8
2011-07-01,43,4,5,0.8
2011-07-01,44,4,5,0.8
2011-07-01,45,4,5,0.8
2011-07-01,46,4,5,0.8
2011-07-01,47,4,5,0.8
2011-07-01,48,4,5,0.8
2011-07-01,49,4,5,0.8
2011-07-01,50,4,5,0.8
2011-07-01,51,4,5,0.8
2011-07-01,52,4,5,0.8
2011-07-01,53,4,5,0.8
2011-07-01,54,4,5,0.8
2011-07-01,55,4,5,0.8
2011-07-01,56,4,5,0.8
2011-07-01,57,4,5,0.8
2011-07-01,58,4,5,0.8
2011-07-01,59,4,5,0.8
2011-07-01,60,4,5,0.8
2011-07-01,61,4,5,0.8
2011-07-01,62,4,5,0.8
2011-07-01,63,4,5,0.8
2011-07-01,64,4,5,0.8
2011-07-01,65,4,5,0.8
2011-07-01,66,4,5,0.8
2011-07-01,67,4,5,0.8
2011-07-01,68,4,5,0.8
2011-07-01,69,4,5,0.8
2011-07-01,70,4,5,0.8
2011-07-01,71,4,5,0.8
2011-07-01,72,4,5,0.8
2011-07-01,73,4,5,0.8
2011-07-01,74,4,5,0.8
2011-07-01,75,4,5,0.8
2011-07-01,76,4,5,0.8
2011-07-01,77,4,5,0.8
2011-07-01,78,4,5,0.8
2011-07-01,79,4,5,0.8
2011-07-01,80,4,5,0.8
2011-07-01,81,4,5,0.8
2011-07-01,82,4,5,0.8
2011-07-01,83,4,5,0.8
2011-07-01,84,4,5,0.8
2011-07-01,85,4,5,0.8
2011-07-01,86,4,5,0.8
2011-07-01,87,4,5,0.8
2011-07-01,88,4,5,0.8
2011-07-01,89,4,5,0.8
2011-07-01,90,4,5,0.8
2011-07-01,91,4,5,0.8
2011-07-01,92,4,5,0.8
2011-07-01,93,4,5,0.8
2011-07-01,94,4,5,0.8
2011-07-01,95,4,5,0.8
2011-07-01,96,4,5,0.8
2011-07-01,97,4,5,0.8
2011-07-01,98,4,5,0.8
2011-07-01,99,4,5,0.8
2011-09-01,0,1,4,0.25
2011-09-01,1,1,4,0.25
2011-09-01,2,1,4,0.25
2011-09-01,3,1,4,0.25
2011-09-01,4,1,4,0.25
2011-09-01,5,1,4,0.25
2011-09-01,6,1,4,0.25
2011-09-01,7,1,4,0.25
2011-09-01,8,1,4,0.25
2011-09-01,9,1,4,0.25
2011-09-01,10,1,4,0.25
2011-09-01,11,1,4,0.25
2011-09-01,12,1,4,0.25
2011-09-01,13,1,4,0.25
2011-09-01,14,1,4,0.25
2011-09-01,15,1,4,0.25
2011-09-01,16,1,4,0.25
2011-09-01,17,1,4,0.25
2011-09-01,18,1,4,0.25
2011-09-01,19,1,4,0.25
2011-09-01,20,1,4,0.25
2011-09-01,21,1,4,0.25
2011-09-01,22,1,4,0.25
2011-09-01,23,1,4,0.25
2011-09-01,24,1,4,0.25
2011-09-01,25,1,4,0.25
2011-09-01,26,1,4,0.25
2011-09-01,27,1,4,0.25
2011-09-01,28,1,4,0.25
2011-09-01,29,1,4,0.25
2011-09-01,30,1,4,0.25
2011-09-01,31,1,4,0.25
2011-09-01,32,1,4,0.25
2011-09-01,33,1,4,0.25
2011-09-01,34,1,4,0.25
2011-09-01,35,1,4,0.25
2011-09-01,36,1,4,0.25
2011-09-01,37,1,4,0.25
2011-09-01,38,1,4,0.25
2011-09-01,39,1,4,0.25
2011-09-01,40,1,4,0.25
2011-09-01,41,1,4,0.25
2011-09-01,42,1,4,0.25
2011-09-01,43,1,4,0.25
2011-09-01,44,1,4,0.25
2011-09-01,45,1,4,0.25
2011-09-01,46,1,4,0.25
2011-09-01,47,1,4,0.25
2011-09-01,48,1,4,0.25
2011-09-01,49,1,4,0.25
2011-09-01,50,1,4,0.25
2011-09-01,51,1,4,0.25
2011-09-01,52,1,4,0.25
2011-09-01,53,1,4,0.25
2011-09-01,54,1,4,0.25
2011-09-01,55,1,4,0.25
2011-09-01,56,1,4,0.25
2011-09-01,57,1,4,0.25
2011-09-01,58,1,4,0.25
2011-09-01,59,1,4,0.25
2011-09-01,60,1,4,0.25
2011-09-01,61,1,4,0.25
2011-09-01,62,1,4,0.25
2011-09-01,63,1,4,0.25
2011-09-01,64,1,4,0.25
2011-09-01,65,1,4,0.25
2011-09-01,66,1,4,0.25
2011-09-01,67,1,4,0.25
2011-09-01,68,1,4,0.25
2011-09-01,69,1,4,0.25
2011-09-01,70,1,4,0.25
2011-09-01,71,1,4,0.25
2011-09-01,72,1,4,0.25
2011-09-01,73,1,4,0.25
2011-09-01,74,1,4,0.25
2011-09-01,75,1,4,0.25
2011-09-01,76,1,4,0.25
2011-09-01,77,1,4,0.25
2011-09-01,78,1,4,0.25
2011-09-01,79,1,4,0.25
2011-09-01,80,1,4,0.25
2011-09-01,81,1,4,0.25
2011-09-01,82,1,4,0.25
2011-09-01,83,1,4,0.25
2011-09-01,84,1,4,0.25
2011-09-01,85,1,4,0.25
2011-09-01,86,1,4,0.25
2011-09-01,87,1,4,0.25
2011-09-01,88,1,4,0.25
2011-09-01,89,1,4,0.25
2011-09-01,90,1,4,0.25
2011-09-01,91,1,4,0.25
2011-09-01,92,1,4,0.25
2011-09-01,93,1,4,0.25
2011-09-01,94,1,4,0.25
2011-09-01,95,1,4,0.25
2011-09-01,96,1,4,0.25
2011-09-01,97,1,4,0.25
2011-10-01,0,1,4,0.25
2011-10-01,1,1,4,0.25
2011-10-01,2,1,4,0.25
2011-10-01,3,1,4,0.25
2011-10-01,4,1,4,0.25
2011-10-01,5,1,4,0.25
2011-10-01,6,1,4,0.25
2011-10-01,7,1,4,0.25
2011-10-01,8,1,4,0.25
2011-10-01,9,1,4,0.25
2011-10-01,10,1,4,0.25
2011-10-01,11,1,4,0.25
2011-10-01,12,1,4,0.25
2011-10-01,13,1,4,0.25
2011-10-01,14,1,4,0.25
2011-10-01,15,1,4,0.25
2011-10-01,16,1,4,0.25
2011-10-01,17,1,4,0.25
2011-10-01,18,1,4,0.25
2011-10-01,19,1,4,0.25
2011-10-01,20,1,4,0.25
2011-10-01,21,1,4,0.25
2011-10-01,22,1,4,0.25
2011-10-01,23,1,4,0.25
2011-10-01,24,1,4,0.25
2011-10-01,25,1,4,0.25
2011-10-01,26,1,4,0.25
2011-10-01,27,1,4,0.25
2011-10-01,28,1,4,0.25
2011-10-01,29,1,4,0.25
2011-10-01,30,1,4,0.25
2011-10-01,31,1,4,0.25
2011-10-01,32,1,4,0.25
2011-10-01,33,1,4,0.25
2011-10-01,34,1,4,0.25
2011-10-01,35,1,4,0.25
2011-10-01,36,1,4,0.25
2011-10-01,37,1,4,0.25
2011-10-01,38,1,4,0.25
2011-10-01,39,1,4,0.25
2011-10-01,40,1,4,0.25
2011-10-01,41,1,4,0.25
2011-10-01,42,1,4,0.25
2011-10-01,43,1,4,0.25
2011-10-01,44,1,4,0.25
2011-10-01,45,1,4,0.25
2011-10-01,46,1,4,0.25
2011-10-01,47,1,4,0.25
2011-10-01,48,1,4,0.25
2011-10-01,49,1,4,0.25
2011-10-01,50,1,4,0.25
2011-10-01,51,1,4,0.25
2011-10-01,52,1,4,0.25
2011-10-01,53,1,4,0.25
2011-10-01,54,1,4,0.25
2011-10-01,55,1,4,0.25
2011-10-01,56,1,4,0.25
2011-10-01,57,1,4,0.25
2011-10-01,58,1,4,0.25
2011-10-01,59,1,4,0.25
2011-10-01,60,1,4,0.25
2011-10-01,61,1,4,0.25
2011-10-01,62,1,4,0.25
2011-10-01,63,1,4,0.25
2011-10-01,64,1,4,0.25
2011-10-01,65,1,4,0.25
2011-10-01,66,1,4,0.25
2011-10-01,67,1,4,0.25
2011-10-01,68,1,4,0.25
2011-10-01,69,1,4,0.25
2011-10-01,70,1,4,0.25
2011-10-01,71,1,4,0.25
2011-10-01,72,1,4,0.25
2011-10-01,73,1,4,0.25
2011-10-01,74,1,4,0.25
2011-10-01,75,1,4,0.25
2011-10-01,76,1,4,0.25
2011-10-01,77,1,4,0.25
2011-10-01,78,1,4,0.25
2011-10-01,79,1,4,0.25
2011-10-01,80,1,4,0.25
2011-10-01,81,1,4,0.25
2011-10-01,82,1,4,0.25
2011-10-01,83,1,4,0.25
2011-10-01,84,1,4,0.25
2011-10-01,85,1,4,0.25
2011-10-01,86,1,4,0.25
2011-10-01,87,1,4,0.25
2011-10-01,88,1,4,0.25
2011-10-01,89,1,4,0.25
2011-10-01,90,1,4,0.25
2011-10-01,91,1,4,0.25
2011-10-01,92,1,4,0.25
2011-10-01,93,1,4,0.25
2011-10-01,94,1,4,0.25
2011-10-01,95,1,4,0.25
2011-10-01,96,1,4,0.25
2011-11-01,0,2,3,0.6666666666666666
2011-11-01,1,2,3,0.6666666666666666
2011-11-01,2,2,3,0.6666666666666666
2011-11-01,3,2,3,0.6666666666666666
2011-11-01,4,2,3,0.6666666666666666
2011-11-01,5,2,3,0.6666666666666666
2011-11-01,6,2,3,0.6666666666666666
2011-11-01,7,2,3,0.6666666666666666
2011-11-01,8,2,3,0.6666666666666666
2011-11-01,9,2,3,0.6666666666666666
2011-11-01,10,2,3,0.6666666666666666
2011-11-01,11,2,3,0.6666666666666666
2011-11-01,12,2,3,0.6666666666666666
2011-11-01,13,2,3,0.6666666666666666
2011-11-01,14,2,3,0.6666666666666666
2011-11-01,15,2,3,0.6666666666666666
2011-11-01,16,2,3,0.6666666666666666
2011-11-01,17,2,3,0.6666666666666666
2011-11-01,18,2,3,0.6666666666666666
2011-11-01,19,2,3,0.6666666666666666
2011-11-01,20,2,3,0.6666666666666666
2011-11-01,21,2,3,0.6666666666666666
2011-11-01,22,2,3,0.6666666666666666
2011-11-01,23,2,3,0.6666666666666666
2011-11-01,24,2,3,0.6666666666666666
2011-11-01,25,2,3,0.6666666666666666
2011-11-01,26,2,3,0.6666666666666666
2011-11-01,27,2,3,0.6666666666666666
2011-11-01,28,2,3,0.6666666666666666
2011-11-01,29,2,3,0.6666666666666666
2011-11-01,30,2,3,0.6666666666666666
2011-11-01,31,2,3,0.6666666666666666
2011-11-01,32,2,3,0.6666666666666666
2011-11-01,33,2,3,0.6666666666666666
2011-11-01,34,2,3,0.6666666666666666
2011-11-01,35,2,3,0.6666666666666666
2011-11-01,36,2,3,0.6666666666666666
2011-11-01,37,2,3,0.6666666666666666
2011-11-01,38,2,3,0.6666666666666666
2011-11-01,39,2,3,0.6666666666666666
2011-11-01,40,2,3,0.6666666666666666
2011-11-01,41,2,3,0.6666666666666666
2011-11-01,42,2,3,0.6666666666666666
2011-11-01,43,2,3,0.6666666666666666
2011-11-01,44,2,3,0.6666666666666666
2011-11-01,45,2,3,0.6666666666666666
2011-11-01,46,2,3,0.6666666666666666
2011-11-01,47,2,3,0.6666666666666666
2011-11-01,48,2,3,0.6666666666666666
2011-11-01,49,2,3,0.6666666666666666
2011-11-01,50,2,3,0.6666666666666666
2011-11-01,51,2,3,0.6666666666666666
2011-11-01,52,2,3,0.6666666666666666
2011-11-01,53,2,3,0.6666666666666666
2011-11-01,54,2,3,0.6666666666666666
2011-11-01,55,2,3,0.6666666666666666
2011-11-01,56,2,3,0.6666666666666666
2011-11-01,57,2,3,0.6666666666666666
2011-11-01,58,2,3,0.6666666666666666
2011-11-01,59,2,3,0.6666666666666666
2011-11-01,60,2,3,0.6666666666666666
2011-11-01,61,2,3,0.6666666666666666
2011-11-01,62,2,3,0.6666666666666666
2011-11-01,63,2,3,0.6666666666666666
2011-11-01,64,2,3,0.6666666666666666
2011-11-01,65,2,3,0.6666666666666666
2011-11-01,66,2,3,0.6666666666666666
2011-11-01,67,2,3,0.6666666666666666
2011-11-01,68,2,3,0.6666666666666666
2011-11-01,69,2,3,0.6666666666666666
2011-11-01,70,2,3,0.6666666666666666
2011-11-01,71,2,3,0.6666666666666666
2011-11-01,72,2,3,0.6666666666666666
2011-11-01,73,2,3,0.6666666666666666
2011-11-01,74,2,3,0.6666666666666666
2011-11-01,75,2,3,0.6666666666666666
2011-11-01,76,2,3,0.6666666666666666
2011-11-01,77,2,3,0.6666666666666666
2011-11-01,78,2,3,0.6666666666666666
2011-11-01,79,2,3,0.6666666666666666
2011-11-01,80,2,3,0.6666666666666666
2011-11-01,81,2,3,0.6666666666666666
2011-11-01,82,2,3,0.6666666666666666
2011-11-01,83,2,3,0.6666666666666666
2011-11-01,84,2,3,0.6666666666666666
2011-11-01,85,2,3,0.6666666666666666
2011-11-01,86,2,3,0.6666666666666666
2011-11-01,87,2,3,0.6666666666666666
2011-11-01,88,2,3,0.6666666666666666
2011-11-01,89,2,3,0.6666666666666666
2011-11-01,90,2,3,0.6666666666666666
2011-11-01,91,2,3,0.6666666666666666
2011-11-01,92,2,3,0.6666666666666666
2011-11-01,93,2,3,0.6666666666666666
2011-11-01,94,2,3,0.6666666666666666
2011-11-01,95,2,3,0.6666666666666666
2011-12-01,0,5,5,1.0
2011-12-01,1,5,5,1.0
2011-12-01,2,5,5,1.0
2011-12-01,3,5,5,1.0
2011-12-01,4,5,5,1.0
2011-12-01,5,5,5,1.0
2011-12-01,6,5,5,1.0
2011-12-01,7,5,5,1.0
2011-12-01,8,5,5,1.0
2011-12-01,9,5,5,1.0
2011-12-01,10,5,5,1.0
2011-12-01,11,5,5,1.0
2011-12-01,12,5,5,1.0
2011-12-01,13,5,5,1.0
2011-12-01,14,5,5,1.0
2011-12-01,15,5,5,1.0
2011-12-01,16,5,5,1.0
2011-12-01,17,5,5,1.0
2011-12-01,18,5,5,1.0
2011-12-01,19,5,5,1.0
2011-12-01,20,5,5,1.0
2011-12-01,21,5,5,1.0
2011-12-01,22,5,5,1.0
2011-12-01,23,5,5,1.0
2011-12-01,24,5,5,1.0
2011-12-01,25,5,5,1.0
2011-12-01,26,5,5,1.0
2011-12-01,27,5,5,1.0
2011-12-01,28,5,5,1.0
2011-12-01,29,5,5,1.0
2011-12-01,30,5,5,1.0
2011-12-01,31,5,5,1.0
2011-12-01,32,5,5,1.0
2011-12-01,33,5,5,1.0
2011-12-01,34,5,5,1.0
2011-12-01,35,5,5,1.0
2011-12-01,36,5,5,1.0
2011-12-01,37,5,5,1.0
2011-12-01,38,5,5,1.0
2011-12-01,39,5,5,1.0
2011-12-01,40,5,5,1.0
2011-12-01,41,5,5,1.0
2011-12-01,42,5,5,1.0
2011-12-01,43,5,5,1.0
2011-12-01,44,5,5,1.0
2011-12-01,45,5,5,1.0
2011-12-01,46,5,5,1.0
2011-12-01,47,5,5,1.0
2011-12-01,48,5,5,1.0
2011-12-01,49,5,5,1.0
2011-12-01,50,5,5,1.0
2011-12-01,51,5,5,1.0
2011-12-01,52,5,5,1.0
2011-12-01,53,5,5,1.0
2011-12-01,54,5,5,1.0
2011-12-01,55,5,5,1.0
2011-12-01,56,5,5,1.0
2011-12-01,57,5,5,1.0
2011-12-01,58,5,5,1.0
2011-12-01,59,5,5,1.0
2011-12-01,60,5,5,1.0
2011-12-01,61,5,5,1.0
2011-12-01,62,5,5,1.0
2011-12-01,63,5,5,1.0
2011-12-01,64,5,5,1.0
2011-12-01,65,5,5,1.0
2011-12-01,66,5,5,1.0
2011-12-01,67,5,5,1.0
2011-12-01,68,5,5,1.0
2011-12-01,69,5,5,1.0
2011-12-01,70,5,5,1.0
2011-12-01,71,5,5,1.0
2011-12-01,72,5,5,1.0
2011-12-01,73,5,5,1.0
2011-12-01,74,5,5,1.0
2011-12-01,75,5,5,1.0
2011-12-01,76,5,5,1.0
2011-12-01,77,5,5,1.0
2011-12-01,78,5,5,1.0
2011-12-01,79,5,5,1.0
2011-12-01,80,5,5,1.0
2011-12-01,81,5,5,1.0
2011-12-01,82,5,5,1.0
2011-12-01,83,5,5,1.0
2011-12-01,84,5,5,1.0
2011-12-01,85,5,5,1.0
2011-12-01,86,5,5,1.0
2011-12-01,87,5,5,1.0
2011-12-01,88,5,5,1.0
2011-12-01,89,5,5,1.0
2011-12-01,90,5,5,1.0
2011-12-01,91,5,5,1.0
2011-12-01,92,5,5,1.0
2011-12-01,93,5,5,1.0
2011-12-01,94,5,5,1.0
2012-02-01,0,2,3,0.6666666666666666
2012-02-01,1,2,3,0.6666666666666666
2012-02-01,2,2,3,0.6666666666666666
2012-02-01,3,2,3,0.6666666666666666
2012-02-01,4,2,3,0.6666666666666666
2012-02-01,5,2,3,0.6666666666666666
2012-02-01,6,2,3,0.6666666666666666
2012-02-01,7,2,3,0.6666666666666666
2012-02-01,8,2,3,0.6666666666666666
2012-02-01,9,2,3,0.6666666666666666
2012-02-01,10,2,3,0.6666666666666666
2012-02-01,11,2,3,0.6666666666666666
2012-02-01,12,2,3,0.6666666666666666
2012-02-01,13,2,3,0.6666666666666666
2012-02-01,14,2,3,0.6666666666666666
2012-02-01,15,2,3,0.6666666666666666
2012-02-01,16,2,3,0.6666666666666666
2012-02-01,17,2,3,0.6666666666666666
2012-02-01,18,2,3,0.6666666666666666
2012-02-01,19,2,3,0.6666666666666666
2012-02-01,20,2,3,0.6666666666666666
2012-02-01,21,2,3,0.6666666666666666
2012-02-01,22,2,3,0.6666666666666666
2012-02-01,23,2,3,0.6666666666666666
2012-02-01,24,2,3,0.6666666666666666
2012-02-01,25,2,3,0.6666666666666666
2012-02-01,26,2,3,0.6666666666666666
2012-02-01,27,2,3,0.6666666666666666
2012-02-01,28,2,3,0.6666666666666666
2012-02-01,29,2,3,0.6666666666666666
2012-02-01,30,2,3,0.6666666666666666
2012-02-01,31,2,3,0.6666666666666666
2012-02-01,32,2,3,0.6666666666666666
2012-02-01,33,2,3,0.6666666666666666
2012-02-01,34,2,3,0.6666666666666666
2012-02-01,35,2,3,0.6666666666666666
2012-02-01,36,2,3,0.6666666666666666
2012-02-01,37,2,3,0.6666666666666666
2012-02-01,38,2,3,0.6666666666666666
2012-02-01,39,2,3,0.6666666666666666
2012-02-01,40,2,3,0.6666666666666666
2012-02-01,41,2,3,0.6666666666666666
2012-02-01,42,2,3,0.6666666666666666
2012-02-01,43,2,3,0.6666666666666666
2012-02-01,44,2,3,0.6666666666666666
2012-02-01,45,2,3,0.6666666666666666
2012-02-01,46,2,3,0.6666666666666666
2012-02-01,47,2,3,0.6666666666666666
2012-02-01,48,2,3,0.6666666666666666
2012-02-01,49,2,3,0.6666666666666666
2012-02-01,50,2,3,0.6666666666666666
2012-02-01,51,2,3,0.6666666666666666
2012-02-01,52,2,3,0.6666666666666666
2012-02-01,53,2,3,0.6666666666666666
2012-02-01,54,2,3,0.6666666666666666
2012-02-01,55,2,3,0.6666666666666666
2012-02-01,56,2,3,0.6666666666666666
2012-02-01,57,2,3,0.6666666666666666
2012-02-01,58,2,3,0.6666666666666666
2012-02-01,59,2,3,0.6666666666666666
2012-02-01,60,2,3,0.6666666666666666
2012-02-01,61,2,3,0.6666666666666666
2012-02-01,62,2,3,0.6666666666666666
2012-02-01,63,2,3,0.6666666666666666
2012-02-01,64,2,3,0.6666666666666666
2012-02-01,65,2,3,0.6666666666666666
2012-02-01,66,2,3,0.6666666666666666
2012-02-01,67,2,3,0.6666666666666666
2012-02-01,68,2,3,0.6666666666666666
2012-02-01,69,2,3,0.6666666666666666
2012-02-01,70,2,3,0.6666666666666666
2012-02-01,71,2,3,0.6666666666666666
2012-02-01,72,2,3,0.6666666666666666
2012-02-01,73,2,3,0.6666666666666666
2012-02-01,74,2,3,0.6666666666666666
2012-02-01,75,2,3,0.6666666666666666
2012-02-01,76,2,3,0.6666666666666666
2012-02-01,77,2,3,0.6666666666666666
2012-02-01,78,2,3,0.6666666666666666
2012-02-01,79,2,3,0.6666666666666666
2012-02-01,80,2,3,0.6666666666666666
2012-02-01,81,2,3,0.6666666666666666
2012-02-01,82,2,3,0.6666666666666666
2012-02-01,83,2,3,0.6666666666666666
2012-02-01,84,2,3,0.6666666666666666
2012-02-01,85,2,3,0.6666666666666666
2012-02-01,86,2,3,0.6666666666666666
2012-02-01,87,2,3,0.6666666666666666
2012-02-01,88,2,3,0.6666666666666666
2012-02-01,89,2,3,0.6666666666666666
2012-02-01,90,2,3,0.6666666666666666
2012-02-01,91,2,3,0.6666666666666666
2012-02-01,92,2,3,0.6666666666666666
2012-06-01,0,3,3,1.0
2012-06-01,1,3,3,1.0
2012-06-01,2,3,3,1.0
2012-06-01,3,3,3,1.0
2012-06-01,4,3,3,1.0
2012-06-01,5,3,3,1.0
2012-06-01,6,3,3,1.0
2012-06-01,7,3,3,1.0
2012-06-01,8,3,3,1.0
2012-06-01,9,3,3,1.0
2012-06-01,10,3,3,1.0
2012-06-01,11,3,3,1.0
2012-06-01,12,3,3,1.0
2012-06-01,13,3,3,1.0
2012-06-01,14,3,3,1.0
2012-06-01,15,3,3,1.0
2012-06-01,16,3,3,1.0
2012-06-01,17,3,3,1.0
2012-06-01,18,3,3,1.0
2012-06-01,19,3,3,1.0
2012-06-01,20,3,3,1.0
2012-06-01,21,3,3,1.0
2012-06-01,22,3,3,1.0
2012-06-01,23,3,3,1.0
2012-06-01,24,3,3,1.0
2012-06-01,25,3,3,1.0
2012-06-01,26,3,3,1.0
2012-06-01,27,3,3,1.0
2012-06-01,28,3,3,1.0
2012-06-01,29,3,3,1.0
2012-06-01,30,3,3,1.0
2012-06-01,31,3,3,1.0
2012-06-01,32,3,3,1.0
2012-06-01,33,3,3,1.0
2012-06-01,34,3,3,1.0
2012-06-01,35,3,3,1.0
2012-06-01,36,3,3,1.0
2012-06-01,37,3,3,1.0
2012-06-01,38,3,3,1.0
2012-06-01,39,3,3,1.0
2012-06-01,40,3,3,1.0
2012-06-01,41,3,3,1.0
2012-06-01,42,3,3,1.0
2012-06-01,43,3,3,1.0
2012-06-01,44,3,3,1.0
2012-06-01,45,3,3,1.0
2012-06-01,46,3,3,1.0
2012-06-01,47,3,3,1.0
2012-06-01,48,3,3,1.0
2012-06-01,49,3,3,1.0
2012-06-01,50,3,3,1.0
2012-06-01,51,3,3,1.0
2012-06-01,52,3,3,1.0
2012-06-01,53,3,3,1.0
2012-06-01,54,3,3,1.0
2012-06-01,55,3,3,1.0
2012-06-01,56,3,3,1.0
2012-06-01,57,3,3,1.0
2012-06-01,58,3,3,1.0
2012-06-01,59,3,3,1.0
2012-06-01,60,3,3,1.0
2012-06-01,61,3,3,1.0
2012-06-01,62,3,3,1.0
2012-06-01,63,3,3,1.0
2012-06-01,64,3,3,1.0
2012-06-01,65,3,3,1.0
2012-06-01,66,3,3,1.0
2012-06-01,67,3,3,1.0
2012-06-01,68,3,3,1.0
2012-06-01,69,3,3,1.0
2012-06-01,70,3,3,1.0
2012-06-01,71,3,3,1.0
2012-06-01,72,3,3,1.0
2012-06-01,73,3,3,1.0
2012-06-01,74,3,3,1.0
2012-06-01,75,3,3,1.0
2012-06-01,76,3,3,1.0
2012-06-01,77,3,3,1.0
2012-06-01,78,3,3,1.0
2012-06-01,79,3,3,1.0
2012-06-01,80,3,3,1.0
2012-06-01,81,3,3,1.0
2012-06-01,82,3,3,1.0
2012-06-01,83,3,3,1.0
2012-06-01,84,3,3,1.0
2012-06-01,85,3,3,1.0
2012-06-01,86,3,3,1.0
2012-06-01,87,3,3,1.0
2012-06-01,88,3,3,1.0
2012-07-01,0,3,3,1.0
2012-07-01,1,3,3,1.0
2012-07-01,2,3,3,1.0
2012-07-01,3,3,3,1.0
2012-07-01,4,3,3,1.0
2012-07-01,5,3,3,1.0
2012-07-01,6,3,3,1.0
2012-07-01,7,3,3,1.0
2012-07-01,8,3,3,1.0
2012-07-01,9,3,3,1.0
2012-07-01,10,3,3,1.0
2012-07-01,11,3,3,1.0
2012-07-01,12,3,3,1.0
2012-07-01,13,3,3,1.0
2012-07-01,14,3,3,1.0
2012-07-01,15,3,3,1.0
2012-07-01,16,3,3,1.0
2012-07-01,17,3,3,1.0
2012-07-01,18,3,3,1.0
2012-07-01,19,3,3,1.0
2012-07-01,20,3,3,1.0
2012-07-01,21,3,3,1.0
2012-07-01,22,3,3,1.0
2012-07-01,23,3,3,1.0
2012-07-01,24,3,3,1.0
2012-07-01,25,3,3,1.0
2012-07-01,26,3,3,1.0
2012-07-01,27,3,3,1.0
2012-07-01,28,3,3,1.0
2012-07-01,29,3,3,1.0
2012-07-01,30,3,3,1.0
2012-07-01,31,3,3,1.0
2012-07-01,32,3,3,1.0
2012-07-01,33,3,3,1.0
2012-07-01,34,3,3,1.0
2012-07-01,35,3,3,1.0
2012-07-01,36,3,3,1.0
2012-07-01,37,3,3,1.0
2012-07-01,38,3,3,1.0
2012-07-01,39,3,3,1.0
2012-07-01,40,3,3,1.0
2012-07-01,41,3,3,1.0
2012-07-01,42,3,3,1.0
2012-07-01,43,3,3,1.0
2012-07-01,44,3,3,1.0
2012-07-01,45,3,3,1.0
2012-07-01,46,3,3,1.0
2012-07-01,47,3,3,1.0
2012-07-01,48,3,3,1.0
2012-07-01,49,3,3,1.0
2012-07-01,50,3,3,1.0
2012-07-01,51,3,3,1.0
2012-07-01,52,3,3,1.0
2012-07-01,53,3,3,1.0
2012-07-01,54,3,3,1.0
2012-07-01,55,3,3,1.0
2012-07-01,56,3,3,1.0
2012-07-01,57,3,3,1.0
2012-07-01,58,3,3,1.0
2012-07-01,59,3,3,1.0
2012-07-01,60,3,3,1.0
2012-07-01,61,3,3,1.0
2012-07-01,62,3,3,1.0
2012-07-01,63,3,3,1.0
2012-07-01,64,3,3,1.0
2012-07-01,65,3,3,1.0
2012-07-01,66,3,3,1.0
2012-07-01,67,3,3,1.0
2012-07-01,68,3,3,1.0
2012-07-01,69,3,3,1.0
2012-07-01,70,3,3,1.0
2012-07-01,71,3,3,1.0
2012-07-01,72,3,3,1.0
2012-07-01,73,3,3,1.0
2012-07-01,74,3,3,1.0
2012-07-01,75,3,3,1.0
2012-07-01,76,3,3,1.0
2012-07-01,77,3,3,1.0
2012-07-01,78,3,3,1.0
2012-07-01,79,3,3,1.0
2012-07-01,80,3,3,1.0
2012-07-01,81,3,3,1.0
2012-07-01,82,3,3,1.0
2012-07-01,83,3,3,1.0
2012-07-01,84,3,3,1.0
2012-07-01,85,3,3,1.0
2012-07-01,86,3,3,1.0
2012-07-01,87,3,3,1.0
2012-10-01,0,2,3,0.6666666666666666
2012-10-01,1,2,3,0.6666666666666666
2012-10-01,2,2,3,0.6666666666666666
2012-10-01,3,2,3,0.6666666666666666
2012-10-01,4,2,3,0.6666666666666666
2012-10-01,5,2,3,0.6666666666666666
2012-10-01,6,2,3,0.6666666666666666
2012-10-01,7,2,3,0.6666666666666666
2012-10-01,8,2,3,0.6666666666666666
2012-10-01,9,2,3,0.6666666666666666
2012-10-01,10,2,3,0.6666666666666666
2012-10-01,11,2,3,0.6666666666666666
2012-10-01,12,2,3,0.6666666666666666
2012-10-01,13,2,3,0.6666666666666666
2012-10-01,14,2,3,0.6666666666666666
2012-10-01,15,2,3,0.6666666666666666
2012-10-01,16,2,3,0.6666666666666666
2012-10-01,17,2,3,0.6666666666666666
2012-10-01,18,2,3,0.6666666666666666
2012-10-01,19,2,3,0.6666666666666666
2012-10-01,20,2,3,0.6666666666666666
2012-10-01,21,2,3,0.6666666666666666
2012-10-01,22,2,3,0.6666666666666666
2012-10-01,23,2,3,0.6666666666666666
2012-10-01,24,2,3,0.6666666666666666
2012-10-01,25,2,3,0.6666666666666666
2012-10-01,26,2,3,0.6666666666666666
2012-10-01,27,2,3,0.6666666666666666
2012-10-01,28,2,3,0.6666666666666666
2012-10-01,29,2,3,0.6666666666666666
2012-10-01,30,2,3,0.6666666666666666
2012-10-01,31,2,3,0.6666666666666666
2012-10-01,32,2,3,0.6666666666666666
2012-10-01,33,2,3,0.6666666666666666
2012-10-01,34,2,3,0.6666666666666666
2012-10-01,35,2,3,0.6666666666666666
2012-10-01,36,2,3,0.6666666666666666
2012-10-01,37,2,3,0.6666666666666666
2012-10-01,38,2,3,0.6666666666666666
2012-10-01,39,2,3,0.6666666666666666
2012-10-01,40,2,3,0.6666666666666666
2012-10-01,41,2,3,0.6666666666666666
2012-10-01,42,2,3,0.6666666666666666
2012-10-01,43,2,3,0.6666666666666666
2012-10-01,44,2,3,0.6666666666666666
2012-10-01,45,2,3,0.6666666666666666
2012-10-01,46,2,3,0.6666666666666666
2012-10-01,47,2,3,0.6666666666666666
2012-10-01,48,2,3,0.6666666666666666
2012-10-01,49,2,3,0.6666666666666666
2012-10-01,50,2,3,0.6666666666666666
2012-10-01,51,2,3,0.6666666666666666
2012-10-01,52,2,3,0.6666666666666666
2012-10-01,53,2,3,0.6666666666666666
2012-10-01,54,2,3,0.6666666666666666
2012-10-01,55,2,3,0.6666666666666666
2012-10-01,56,2,3,0.6666666666666666
2012-10-01,57,2,3,0.6666666666666666
2012-10-01,58,2,3,0.6666666666666666
2012-10-01,59,2,3,0.6666666666666666
2012-10-01,60,2,3,0.6666666666666666
2012-10-01,61,2,3,0.6666666666666666
2012-10-01,62,2,3,0.6666666666666666
2012-10-01,63,2,3,0.6666666666666666
2012-10-01,64,2,3,0.6666666666666666
2012-10-01,65,2,3,0.6666666666666666
2012-10-01,66,2,3,0.6666666666666666
2012-10-01,67,2,3,0.6666666666666666
2012-10-01,68,2,3,0.6666666666666666
2012-10-01,69,2,3,0.6666666666666666
2012-10-01,70,2,3,0.6666666666666666
2012-10-01,71,2,3,0.6666666666666666
2012-10-01,72,2,3,0.6666666666666666
2012-10-01,73,2,3,0.6666666666666666
2012-10-01,74,2,3,0.6666666666666666
2012-10-01,75,2,3,0.6666666666666666
2012-10-01,76,2,3,0.6666666666666666
2012-10-01,77,2,3,0.6666666666666666
2012-10-01,78,2,3,0.6666666666666666
2012-10-01,79,2,3,0.6666666666666666
2012-10-01,80,2,3,0.6666666666666666
2012-10-01,81,2,3,0.6666666666666666
2012-10-01,82,2,3,0.6666666666666666
2012-10-01,83,2,3,0.6666666666666666
2012-10-01,84,2,3,0.6666666666666666
2012-11-01,0,1,2,0.5
2012-11-01,1,1,2,0.5
2012-11-01,2,1,2,0.5
2012-11-01,3,1,2,0.5
2012-11-01,4,1,2,0.5
2012-11-01,5,1,2,0.5
2012-11-01,6,1,2,0.5
2012-11-01,7,1,2,0.5
2012-11-01,8,1,2,0.5
2012-11-01,9,1,2,0.5
2012-11-01,10,1,2,0.5
2012-11-01,11,1,2,0.5
2012-11-01,12,1,2,0.5
2012-11-01,13,1,2,0.5
2012-11-01,14,1,2,0.5
2012-11-01,15,1,2,0.5
2012-11-01,16,1,2,0.5
2012-11-01,17,1,2,0.5
2012-11-01,18,1,2,0.5
2012-11-01,19,1,2,0.5
2012-11-01,20,1,2,0.5
2012-11-01,21,1,2,0.5
2012-11-01,22,1,2,0.5
2012-11-01,23,1,2,0.5
2012-11-01,24,1,2,0.5
2012-11-01,25,1,2,0.5
2012-11-01,26,1,2,0.5
2012-11-01,27,1,2,0.5
2012-11-01,28,1,2,0.5
2012-11-01,29,1,2,0.5
2012-11-01,30,1,2,0.5
2012-11-01,31,1,2,0.5
2012-11-01,32,1,2,0.5
2012-11-01,33,1,2,0.5
2012-11-01,34,1,2,0.5
2012-11-01,35,1,2,0.5
2012-11-01,36,1,2,0.5
2012-11-01,37,1,2,0.5
2012-11-01,38,1,2,0.5
2012-11-01,39,1,2,0.5
2012-11-01,40,1,2,0.5
2012-11-01,41,1,2,0.5
2012-11-01,42,1,2,0.5
2012-11-01,43,1,2,0.5
2012-11-01,44,1,2,0.5
2012-11-01,45,1,2,0.5
2012-11-01,46,1,2,0.5
2012-11-01,47,1,2,0.5
2012-11-01,48,1,2,0.5
2012-11-01,49,1,2,0.5
2012-11-01,50,1,2,0.5
2012-11-01,51,1,2,0.5
2012-11-01,52,1,2,0.5
2012-11-01,53,1,2,0.5
2012-11-01,54,1,2,0.5
2012-11-01,55,1,2,0.5
2012-11-01,56,1,2,0.5
2012-11-01,57,1,2,0.5
2012-11-01,58,1,2,0.5
2012-11-01,59,1,2,0.5
2012-11-01,60,1,2,0.5
2012-11-01,61,1,2,0.5
2012-11-01,62,1,2,0.5
2012-11-01,63,1,2,0.5
2012-11-01,64,1,2,0.5
2012-11-01,65,1,2,0.5
2012-11-01,66,1,2,0.5
2012-11-01,67,1,2,0.5
2012-11-01,68,1,2,0.5
2012-11-01,69,1,2,0.5
2012-11-01,70,1,2,0.5
2012-11-01,71,1,2,0.5
2012-11-01,72,1,2,0.5
2012-11-01,73,1,2,0.5
2012-11-01,74,1,2,0.5
2012-11-01,75,1,2,0.5
2012-11-01,76,1,2,0.5
2012-11-01,77,1,2,0.5
2012-11-01,78,1,2,0.5
2012-11-01,79,1,2,0.5
2012-11-01,80,1,2,0.5
2012-11-01,81,1,2,0.5
2012-11-01,82,1,2,0.5
2012-11-01,83,1,2,0.5
2012-12-01,0,2,2,1.0
2012-12-01,1,2,2,1.0
2012-12-01,2,2,2,1.0
2012-12-01,3,2,2,1.0
2012-12-01,4,2,2,1.0
2012-12-01,5,2,2,1.0
2012-12-01,6,2,2,1.0
2012-12-01,7,2,2,1.0
2012-12-01,8,2,2,1.0
2012-12-01,9,2,2,1.0
2012-12-01,10,2,2,1.0
2012-12-01,11,2,2,1.0
2012-12-01,12,2,2,1.0
2012-12-01,13,2,2,1.0
2012-12-01,14,2,2,1.0
2012-12-01,15,2,2,1.0
2012-12-01,16,2,2,1.0
2012-12-01,17,2,2,1.0
2012-12-01,18,2,2,1.0
2012-12-01,19,2,2,1.0
2012-12-01,20,2,2,1.0
2012-12-01,21,2,2,1.0
2012-12-01,22,2,2,1.0
2012-12-01,23,2,2,1.0
2012-12-01,24,2,2,1.0
2012-12-01,25,2,2,1.0
2012-12-01,26,2,2,1.0
2012-12-01,27,2,2,1.0
2012-12-01,28,2,2,1.0
2012-12-01,29,2,2,1.0
2012-12-01,30,2,2,1.0
2012-12-01,31,2,2,1.0
2012-12-01,32,2,2,1.0
2012-12-01,33,2,2,1.0
2012-12-01,34,2,2,1.0
2012-12-01,35,2,2,1.0
2012-12-01,36,2,2,1.0
2012-12-01,37,2,2,1.0
2012-12-01,38,2,2,1.0
2012-12-01,39,2,2,1.0
2012-12-01,40,2,2,1.0
2012-12-01,41,2,2,1.0
2012-12-01,42,2,2,1.0
2012-12-01,43,2,2,1.0
2012-12-01,44,2,2,1.0
2012-12-01,45,2,2,1.0
2012-12-01,46,2,2,1.0
2012-12-01,47,2,2,1.0
2012-12-01,48,2,2,1.0
2012-12-01,49,2,2,1.0
2012-12-01,50,2,2,1.0
2012-12-01,51,2,2,1.0
2012-12-01,52,2,2,1.0
2012-12-01,53,2,2,1.0
2012-12-01,54,2,2,1.0
2012-12-01,55,2,2,1.0
2012-12-01,56,2,2,1.0
2012-12-01,57,2,2,1.0
2012-12-01,58,2,2,1.0
2012-12-01,59,2,2,1.0
2012-12-01,60,2,2,1.0
2012-12-01,61,2,2,1.0
2012-12-01,62,2,2,1.0
2012-12-01,63,2,2,1.0
2012-12-01,64,2,2,1.0
2012-12-01,65,2,2,1.0
2012-12-01,66,2,2,1.0
2012-12-01,67,2,2,1.0
2012-12-01,68,2,2,1.0
2012-12-01,69,2,2,1.0
2012-12-01,70,2,2,1.0
2012-12-01,71,2,2,1.0
2012-12-01,72,2,2,1.0
2012-12-01,73,2,2,1.0
2012-12-01,74,2,2,1.0
2012-12-01,75,2,2,1.0
2012-12-01,76,2,2,1.0
2012-12-01,77,2,2,1.0
2012-12-01,78,2,2,1.0
2012-12-01,79,2,2,1.0
2012-12-01,80,2,2,1.0
2012-12-01,81,2,2,1.0
2012-12-01,82,2,2,1.0
2013-01-01,0,2,4,0.5
2013-01-01,1,2,4,0.5
2013-01-01,2,2,4,0.5
2013-01-01,3,2,4,0.5
2013-01-01,4,2,4,0.5
2013-01-01,5,2,4,0.5
2013-01-01,6,2,4,0.5
2013-01-01,7,1,4,0.25
2013-01-01,8,1,4,0.25
2013-01-01,9,1,4,0.25
2013-01-01,10,1,4,0.25
2013-01-01,11,1,4,0.25
2013-01-01,12,1,4,0.25
2013-01-01,13,1,4,0.25
2013-01-01,14,1,4,0.25
2013-01-01,15,1,4,0.25
2013-01-01,16,1,4,0.25
2013-01-01,17,1,4,0.25
2013-01-01,18,1,4,0.25
2013-01-01,19,1,4,0.25
2013-01-01,20,2,4,0.5
2013-01-01,21,2,4,0.5
2013-01-01,22,2,4,0.5
2013-01-01,23,2,4,0.5
2013-01-01,24,2,4,0.5
2013-01-01,25,2,4,0.5
2013-01-01,26,2,4,0.5
2013-01-01,27,2,4,0.5
2013-01-01,28,2,4,0.5
2013-01-01,29,2,4,0.5
2013-01-01,30,2,4,0.5
2013-01-01,31,2,4,0.5
2013-01-01,32,2,4,0.5
2013-01-01,33,2,4,0.5
2013-01-01,34,2,4,0.5
2013-01-01,35,2,4,0.5
2013-01-01,36,2,4,0.5
2013-01-01,37,2,4,0.5
2013-01-01,38,2,4,0.5
2013-01-01,39,2,4,0.5
2013-01-01,40,2,4,0.5
2013-01-01,41,2,4,0.5
2013-01-01,42,2,4,0.5
2013-01-01,43,2,4,0.5
2013-01-01,44,2,4,0.5
2013-01-01,45,2,4,0.5
2013-01-01,46,2,4,0.5
2013-01-01,47,2,4,0.5
2013-01-01,48,2,4,0.5
2013-01-01,49,2,4,0.5
2013-01-01,50,2,4,0.5
2013-01-01,51,2,4,0.5
2013-01-01,52,2,4,0.5
2013-01-01,53,2,4,0.5
2013-01-01,54,2,4,0.5
2013-01-01,55,2,4,0.5
2013-01-01,56,2,4,0.5
2013-01-01,57,2,4,0.5
2013-01-01,58,2,4,0.5
2013-01-01,59,2,4,0.5
2013-01-01,60,2,4,0.5
2013-01-01,61,2,4,0.5
2013-01-01,62,2,4,0.5
2013-01-01,63,2,4,0.5
2013-01-01,64,2,4,0.5
2013-01-01,65,2,4,0.5
2013-01-01,66,2,4,0.5
2013-01-01,67,2,4,0.5
2013-01-01,68,2,4,0.5
2013-01-01,69,2,4,0.5
2013-01-01,70,2,4,0.5
2013-01-01,71,2,4,0.5
2013-01-01,72,2,4,0.5
2013-01-01,73,2,4,0.5
2013-01-01,74,2,4,0.5
2013-01-01,75,2,4,0.5
2013-01-01,76,2,4,0.5
2013-01-01,77,2,4,0.5
2013-01-01,78,2,4,0.5
2013-01-01,79,2,4,0.5
2013-01-01,80,2,4,0.5
2013-01-01,81,2,4,0.5
2013-02-01,0,1,4,0.25
2013-02-01,1,1,4,0.25
2013-02-01,2,1,4,0.25
2013-02-01,3,1,4,0.25
2013-02-01,4,1,4,0.25
2013-02-01,5,1,4,0.25
2013-02-01,6,1,4,0.25
2013-02-01,7,1,4,0.25
2013-02-01,8,1,4,0.25
2013-02-01,9,1,4,0.25
2013-02-01,10,1,4,0.25
2013-02-01,11,1,4,0.25
2013-02-01,12,1,4,0.25
2013-02-01,13,1,4,0.25
2013-02-01,14,1,4,0.25
2013-02-01,15,1,4,0.25
2013-02-01,16,1,4,0.25
2013-02-01,17,1,4,0.25
2013-02-01,18,1,4,0.25
2013-02-01,19,1,4,0.25
2013-02-01,20,1,4,0.25
2013-02-01,21,1,4,0.25
2013-02-01,22,1,4,0.25
2013-02-01,23,1,4,0.25
2013-02-01,24,1,4,0.25
2013-02-01,25,1,4,0.25
2013-02-01,26,1,4,0.25
2013-02-01,27,1,4,0.25
2013-02-01,28,1,4,0.25
2013-02-01,29,1,4,0.25
2013-02-01,30,1,4,0.25
2013-02-01,31,1,4,0.25
2013-02-01,32,1,4,0.25
2013-02-01,33,1,4,0.25
2013-02-01,34,1,4,0.25
2013-02-01,35,1,4,0.25
2013-02-01,36,1,4,0.25
2013-02-01,37,1,4,0.25
2013-02-01,38,1,4,0.25
2013-02-01,39,1,4,0.25
2013-02-01,40,1,4,0.25
2013-02-01,41,1,4,0.25
2013-02-01,42,1,4,0.25
2013-02-01,43,1,4,0.25
2013-02-01,44,1,4,0.25
2013-02-01,45,1,4,0.25
2013-02-01,46,1,4,0.25
2013-02-01,47,1,4,0.25
2013-02-01,48,1,4,0.25
2013-02-01,49,1,4,0.25
2013-02-01,50,1,4,0.25
2013-02-01,51,1,4,0.25
2013-02-01,52,1,4,0.25
2013-02-01,53,1,4,0.25
2013-02-01,54,1,4,0.25
2013-02-01,55,1,4,0.25
2013-02-01,56,1,4,0.25
2013-02-01,57,1,4,0.25
2013-02-01,58,1,4,0.25
2013-02-01,59,1,4,0.25
2013-02-01,60,1,4,0.25
2013-02-01,61,1,4,0.25
2013-02-01,62,1,4,0.25
2013-02-01,63,1,4,0.25
2013-02-01,64,1,4,0.25
2013-02-01,65,1,4,0.25
2013-02-01,66,1,4,0.25
2013-02-01,67,1,4,0.25
2013-02-01,68,1,4,0.25
2013-02-01,69,1,4,0.25
2013-02-01,70,1,4,0.25
2013-02-01,71,1,4,0.25
2013-02-01,72,1,4,0.25
2013-02-01,73,1,4,0.25
2013-02-01,74,1,4,0.25
2013-02-01,75,1,4,0.25
2013-02-01,76,1,4,0.25
2013-02-01,77,1,4,0.25
2013-02-01,78,1,4,0.25
2013-02-01,79,1,4,0.25
2013-02-01,80,1,4,0.25
2013-04-01,0,2,3,0.6666666666666666
2013-04-01,1,2,3,0.6666666666666666
2013-04-01,2,2,3,0.6666666666666666
2013-04-01,3,2,3,0.6666666666666666
2013-04-01,4,2,3,0.6666666666666666
2013-04-01,5,2,3,0.6666666666666666
2013-04-01,6,2,3,0.6666666666666666
2013-04-01,7,2,3,0.6666666666666666
2013-04-01,8,2,3,0.6666666666666666
2013-04-01,9,2,3,0.6666666666666666
2013-04-01,10,2,3,0.6666666666666666
2013-04-01,11,2,3,0.6666666666666666
2013-04-01,12,2,3,0.6666666666666666
2013-04-01,13,2,3,0.6666666666666666
2013-04-01,14,2,3,0.6666666666666666
2013-04-01,15,2,3,0.6666666666666666
2013-04-01,16,2,3,0.6666666666666666
2013-04-01,17,2,3,0.6666666666666666
2013-04-01,18,2,3,0.6666666666666666
2013-04-01,19,2,3,0.6666666666666666
2013-04-01,20,2,3,0.6666666666666666
2013-04-01,21,2,3,0.6666666666666666
2013-04-01,22,2,3,0.6666666666666666
2013-04-01,23,2,3,0.6666666666666666
2013-04-01,24,2,3,0.6666666666666666
2013-04-01,25,2,3,0.6666666666666666
2013-04-01,26,2,3,0.6666666666666666
2013-04-01,27,2,3,0.6666666666666666
2013-04-01,28,2,3,0.6666666666666666
2013-04-01,29,2,3,0.6666666666666666
2013-04-01,30,2,3,0.6666666666666666
2013-04-01,31,2,3,0.6666666666666666
2013-04-01,32,2,3,0.6666666666666666
2013-04-01,33,2,3,0.6666666666666666
2013-04-01,34,2,3,0.6666666666666666
2013-04-01,35,2,3,0.6666666666666666
2013-04-01,36,2,3,0.6666666666666666
2013-04-01,37,2,3,0.6666666666666666
2013-04-01,38,2,3,0.6666666666666666
2013-04-01,39,2,3,0.6666666666666666
2013-04-01,40,2,3,0.6666666666666666
2013-04-01,41,2,3,0.6666666666666666
2013-04-01,42,2,3,0.6666666666666666
2013-04-01,43,2,3,0.6666666666666666
2013-04-01,44,2,3,0.6666666666666666
2013-04-01,45,2,3,0.6666666666666666
2013-04-01,46,2,3,0.6666666666666666
2013-04-01,47,2,3,0.6666666666666666
2013-04-01,48,2,3,0.6666666666666666
2013-04-01,49,2,3,0.6666666666666666
2013-04-01,50,2,3,0.6666666666666666
2013-04-01,51,2,3,0.6666666666666666
2013-04-01,52,2,3,0.6666666666666666
2013-04-01,53,2,3,0.6666666666666666
2013-04-01,54,2,3,0.6666666666666666
2013-04-01,55,2,3,0.6666666666666666
2013-04-01,56,2,3,0.6666666666666666
2013-04-01,57,2,3,0.6666666666666666
2013-04-01,58,2,3,0.6666666666666666
2013-04-01,59,2,3,0.6666666666666666
2013-04-01,60,2,3,0.6666666666666666
2013-04-01,61,2,3,0.6666666666666666
2013-04-01,62,2,3,0.6666666666666666
2013-04-01,63,2,3,0.6666666666666666
2013-04-01,64,2,3,0.6666666666666666
2013-04-01,65,2,3,0.6666666666666666
2013-04-01,66,2,3,0.6666666666666666
2013-04-01,67,2,3,0.6666666666666666
2013-04-01,68,2,3,0.6666666666666666
2013-04-01,69,2,3,0.6666666666666666
2013-04-01,70,2,3,0.6666666666666666
2013-04-01,71,2,3,0.6666666666666666
2013-04-01,72,2,3,0.6666666666666666
2013-04-01,73,2,3,0.6666666666666666
2013-04-01,74,2,3,0.6666666666666666
2013-04-01,75,2,3,0.6666666666666666
2013-04-01,76,2,3,0.6666666666666666
2013-04-01,77,2,3,0.6666666666666666
2013-04-01,78,2,3,0.6666666666666666
2013-05-01,0,4,4,1.0
2013-05-01,1,4,4,1.0
2013-05-01,2,4,4,1.0
2013-05-01,3,4,4,1.0
2013-05-01,4,4,4,1.0
2013-05-01,5,4,4,1.0
2013-05-01,6,4,4,1.0
2013-05-01,7,4,4,1.0
2013-05-01,8,4,4,1.0
2013-05-01,9,4,4,1.0
2013-05-01,10,4,4,1.0
2013-05-01,11,4,4,1.0
2013-05-01,12,4,4,1.0
2013-05-01,13,4,4,1.0
2013-05-01,14,4,4,1.0
2013-05-01,15,4,4,1.0
2013-05-01,16,4,4,1.0
2013-05-01,17,4,4,1.0
2013-05-01,18,4,4,1.0
2013-05-01,19,4,4,1.0
2013-05-01,20,4,4,1.0
2013-05-01,21,4,4,1.0
2013-05-01,22,4,4,1.0
2013-05-01,23,4,4,1.0
2013-05-01,24,4,4,1.0
2013-05-01,25,4,4,1.0
2013-05-01,26,4,4,1.0
2013-05-01,27,4,4,1.0
2013-05-01,28,4,4,1.0
2013-05-01,29,4,4,1.0
2013-05-01,30,4,4,1.0
2013-05-01,31,4,4,1.0
2013-05-01,32,4,4,1.0
2013-05-01,33,4,4,1.0
2013-05-01,34,4,4,1.0
2013-05-01,35,4,4,1.0
2013-05-01,36,4,4,1.0
2013-05-01,37,4,4,1.0
2013-05-01,38,4,4,1.0
2013-05-01,39,4,4,1.0
2013-05-01,40,4,4,1.0
2013-05-01,41,4,4,1.0
2013-05-01,42,4,4,1.0
2013-05-01,43,4,4,1.0
2013-05-01,44,4,4,1.0
2013-05-01,45,4,4,1.0
2013-05-01,46,4,4,1.0
2013-05-01,47,4,4,1.0
2013-05-01,48,4,4,1.0
2013-05-01,49,4,4,1.0
2013-05-01,50,4,4,1.0
2013-05-01,51,4,4,1.0
2013-05-01,52,4,4,1.0
2013-05-01,53,4,4,1.0
2013-05-01,54,4,4,1.0
2013-05-01,55,4,4,1.0
2013-05-01,56,4,4,1.0
2013-05-01,57,4,4,1.0
2013-05-01,58,4,4,1.0
2013-05-01,59,4,4,1.0
2013-05-01,60,4,4,1.0
2013-05-01,61,4,4,1.0
2013-05-01,62,4,4,1.0
2013-05-01,63,4,4,1.0
2013-05-01,64,4,4,1.0
2013-05-01,65,4,4,1.0
2013-05-01,66,4,4,1.0
2013-05-01,67,4,4,1.0
2013-05-01,68,4,4,1.0
2013-05-01,69,4,4,1.0
2013-05-01,70,4,4,1.0
2013-05-01,71,4,4,1.0
2013-05-01,72,4,4,1.0
2013-05-01,73,4,4,1.0
2013-05-01,74,4,4,1.0
2013-05-01,75,4,4,1.0
2013-05-01,76,4,4,1.0
2013-05-01,77,4,4,1.0
2013-06-01,0,2,2,1.0
2013-06-01,1,2,2,1.0
2013-06-01,2,2,2,1.0
2013-06-01,3,2,2,1.0
2013-06-01,4,2,2,1.0
2013-06-01,5,2,2,1.0
2013-06-01,6,2,2,1.0
2013-06-01,7,2,2,1.0
2013-06-01,8,2,2,1.0
2013-06-01,9,2,2,1.0
2013-06-01,10,2,2,1.0
2013-06-01,11,2,2,1.0
2013-06-01,12,2,2,1.0
2013-06-01,13,2,2,1.0
2013-06-01,14,2,2,1.0
2013-06-01,15,2,2,1.0
2013-06-01,16,2,2,1.0
2013-06-01,17,2,2,1.0
2013-06-01,18,2,2,1.0
2013-06-01,19,2,2,1.0
2013-06-01,20,2,2,1.0
2013-06-01,21,2,2,1.0
2013-06-01,22,2,2,1.0
2013-06-01,23,2,2,1.0
2013-06-01,24,2,2,1.0
2013-06-01,25,2,2,1.0
2013-06-01,26,2,2,1.0
2013-06-01,27,2,2,1.0
2013-06-01,28,2,2,1.0
2013-06-01,29,2,2,1.0
2013-06-01,30,2,2,1.0
2013-06-01,31,2,2,1.0
2013-06-01,32,2,2,1.0
2013-06-01,33,2,2,1.0
2013-06-01,34,2,2,1.0
2013-06-01,35,2,2,1.0
2013-06-01,36,2,2,1.0
2013-06-01,37,2,2,1.0
2013-06-01,38,2,2,1.0
2013-06-01,39,2,2,1.0
2013-06-01,40,2,2,1.0
2013-06-01,41,2,2,1.0
2013-06-01,42,2,2,1.0
2013-06-01,43,2,2,1.0
2013-06-01,44,2,2,1.0
2013-06-01,45,2,2,1.0
2013-06-01,46,2,2,1.0
2013-06-01,47,2,2,1.0
2013-06-01,48,2,2,1.0
2013-06-01,49,2,2,1.0
2013-06-01,50,2,2,1.0
2013-06-01,51,2,2,1.0
2013-06-01,52,2,2,1.0
2013-06-01,53,2,2,1.0
2013-06-01,54,2,2,1.0
2013-06-01,55,2,2,1.0
2013-06-01,56,2,2,1.0
2013-06-01,57,2,2,1.0
2013-06-01,58,2,2,1.0
2013-06-01,59,2,2,1.0
2013-06-01,60,2,2,1.0
2013-06-01,61,2,2,1.0
2013-06-01,62,2,2,1.0
2013-06-01,63,2,2,1.0
2013-06-01,64,2,2,1.0
2013-06-01,65,2,2,1.0
2013-06-01,66,2,2,1.0
2013-06-01,67,2,2,1.0
2013-06-01,68,2,2,1.0
2013-06-01,69,2,2,1.0
2013-06-01,70,2,2,1.0
2013-06-01,71,2,2,1.0
2013-06-01,72,2,2,1.0
2013-06-01,73,2,2,1.0
2013-06-01,74,2,2,1.0
2013-06-01,75,2,2,1.0
2013-06-01,76,2,2,1.0
2013-08-01,0,1,3,0.3333333333333333
2013-08-01,1,1,3,0.3333333333333333
2013-08-01,2,1,3,0.3333333333333333
2013-08-01,3,1,3,0.3333333333333333
2013-08-01,4,1,3,0.3333333333333333
2013-08-01,5,1,3,0.3333333333333333
2013-08-01,6,1,3,0.3333333333333333
2013-08-01,7,1,3,0.3333333333333333
2013-08-01,8,1,3,0.3333333333333333
2013-08-01,9,1,3,0.3333333333333333
2013-08-01,10,1,3,0.3333333333333333
2013-08-01,11,1,3,0.3333333333333333
2013-08-01,12,1,3,0.3333333333333333
2013-08-01,13,1,3,0.3333333333333333
2013-08-01,14,1,3,0.3333333333333333
2013-08-01,15,1,3,0.3333333333333333
2013-08-01,16,1,3,0.3333333333333333
2013-08-01,17,1,3,0.3333333333333333
2013-08-01,18,1,3,0.3333333333333333
2013-08-01,19,1,3,0.3333333333333333
2013-08-01,20,1,3,0.3333333333333333
2013-08-01,21,1,3,0.3333333333333333
2013-08-01,22,1,3,0.3333333333333333
2013-08-01,23,1,3,0.3333333333333333
2013-08-01,24,1,3,0.3333333333333333
2013-08-01,25,1,3,0.3333333333333333
2013-08-01,26,1,3,0.3333333333333333
2013-08-01,27,1,3,0.3333333333333333
2013-08-01,28,1,3,0.3333333333333333
2013-08-01,29,1,3,0.3333333333333333
2013-08-01,30,1,3,0.3333333333333333
2013-08-01,31,1,3,0.3333333333333333
2013-08-01,32,1,3,0.3333333333333333
2013-08-01,33,1,3,0.3333333333333333
2013-08-01,34,1,3,0.3333333333333333
2013-08-01,35,1,3,0.3333333333333333
2013-08-01,36,1,3,0.3333333333333333
2013-08-01,37,1,3,0.3333333333333333
2013-08-01,38,1,3,0.3333333333333333
2013-08-01,39,1,3,0.3333333333333333
2013-08-01,40,1,3,0.3333333333333333
2013-08-01,41,1,3,0.3333333333333333
2013-08-01,42,1,3,0.3333333333333333
2013-08-01,43,1,3,0.3333333333333333
2013-08-01,44,1,3,0.3333333333333333
2013-08-01,45,1,3,0.3333333333333333
2013-08-01,46,1,3,0.3333333333333333
2013-08-01,47,1,3,0.3333333333333333
2013-08-01,48,1,3,0.3333333333333333
2013-08-01,49,1,3,0.3333333333333333
2013-08-01,50,1,3,0.3333333333333333
2013-08-01,51,1,3,0.3333333333333333
2013-08-01,52,1,3,0.3333333333333333
2013-08-01,53,1,3,0.3333333333333333
2013-08-01,54,1,3,0.3333333333333333
2013-08-01,55,1,3,0.3333333333333333
2013-08-01,56,1,3,0.3333333333333333
2013-08-01,57,1,3,0.3333333333333333
2013-08-01,58,1,3,0.3333333333333333
2013-08-01,59,1,3,0.3333333333333333
2013-08-01,60,1,3,0.3333333333333333
2013-08-01,61,1,3,0.3333333333333333
2013-08-01,62,1,3,0.3333333333333333
2013-08-01,63,1,3,0.3333333333333333
2013-08-01,64,1,3,0.3333333333333333
2013-08-01,65,1,3,0.3333333333333333
2013-08-01,66,1,3,0.3333333333333333
2013-08-01,67,1,3,0.3333333333333333
2013-08-01,68,1,3,0.3333333333333333
2013-08-01,69,1,3,0.3333333333333333
2013-08-01,70,1,3,0.3333333333333333
2013-08-01,71,1,3,0.3333333333333333
2013-08-01,72,1,3,0.3333333333333333
2013-08-01,73,1,3,0.3333333333333333
2013-08-01,74,1,3,0.3333333333333333
2013-09-01,0,1,1,1.0
2013-09-01,1,1,1,1.0
2013-09-01,2,1,1,1.0
2013-09-01,3,1,1,1.0
2013-09-01,4,1,1,1.0
2013-09-01,5,1,1,1.0
2013-09-01,6,1,1,1.0
2013-09-01,7,1,1,1.0
2013-09-01,8,1,1,1.0
2013-09-01,9,1,1,1.0
2013-09-01,10,1,1,1.0
2013-09-01,11,1,1,1.0
2013-09-01,12,1,1,1.0
2013-09-01,13,1,1,1.0
2013-09-01,14,1,1,1.0
2013-09-01,15,1,1,1.0
2013-09-01,16,1,1,1.0
2013-09-01,17,1,1,1.0
2013-09-01,18,1,1,1.0
2013-09-01,19,1,1,1.0
2013-09-01,20,1,1,1.0
2013-09-01,21,1,1,1.0
2013-09-01,22,1,1,1.0
2013-09-01,23,1,1,1.0
2013-09-01,24,1,1,1.0
2013-09-01,25,1,1,1.0
2013-09-01,26,1,1,1.0
2013-09-01,27,1,1,1.0
2013-09-01,28,1,1,1.0
2013-09-01,29,1,1,1.0
2013-09-01,30,1,1,1.0
2013-09-01,31,1,1,1.0
2013-09-01,32,1,1,1.0
2013-09-01,33,1,1,1.0
2013-09-01,34,1,1,1.0
2013-09-01,35,1,1,1.0
2013-09-01,36,1,1,1.0
2013-09-01,37,1,1,1.0
2013-09-01,38,1,1,1.0
2013-09-01,39,1,1,1.0
2013-09-01,40,1,1,1.0
2013-09-01,41,1,1,1.0
2013-09-01,42,1,1,1.0
2013-09-01,43,1,1,1.0
2013-09-01,44,1,1,1.0
2013-09-01,45,1,1,1.0
2013-09-01,46,1,1,1.0
2013-09-01,47,1,1,1.0
2013-09-01,48,1,1,1.0
2013-09-01,49,1,1,1.0
2013-09-01,50,1,1,1.0
2013-09-01,51,1,1,1.0
2013-09-01,52,1,1,1.0
2013-09-01,53,1,1,1.0
2013-09-01,54,1,1,1.0
2013-09-01,55,1,1,1.0
2013-09-01,56,1,1,1.0
2013-09-01,57,1,1,1.0
2013-09-01,58,1,1,1.0
2013-09-01,59,1,1,1.0
2013-09-01,60,1,1,1.0
2013-09-01,61,1,1,1.0
2013-09-01,62,1,1,1.0
2013-09-01,63,1,1,1.0
2013-09-01,64,1,1,1.0
2013-09-01,65,1,1,1.0
2013-09-01,66,1,1,1.0
2013-09-01,67,1,1,1.0
2013-09-01,68,1,1,1.0
2013-09-01,69,1,1,1.0
2013-09-01,70,1,1,1.0
2013-09-01,71,1,1,1.0
2013-09-01,72,1,1,1.0
2013-09-01,73,1,1,1.0
2013-10-01,0,1,1,1.0
2013-10-01,1,1,1,1.0
2013-10-01,2,1,1,1.0
2013-10-01,3,1,1,1.0
2013-10-01,4,1,1,1.0
2013-10-01,5,1,1,1.0
2013-10-01,6,1,1,1.0
2013-10-01,7,1,1,1.0
2013-10-01,8,1,1,1.0
2013-10-01,9,1,1,1.0
2013-10-01,10,1,1,1.0
2013-10-01,11,1,1,1.0
2013-10-01,12,1,1,1.0
2013-10-01,13,1,1,1.0
2013-10-01,14,1,1,1.0
2013-10-01,15,1,1,1.0
2013-10-01,16,1,1,1.0
2013-10-01,17,1,1,1.0
2013-10-01,18,1,1,1.0
2013-10-01,19,1,1,1.0
2013-10-01,20,1,1,1.0
2013-10-01,21,1,1,1.0
2013-10-01,22,1,1,1.0
2013-10-01,23,1,1,1.0
2013-10-01,24,1,1,1.0
2013-10-01,25,1,1,1.0
2013-10-01,26,1,1,1.0
2013-10-01,27,1,1,1.0
2013-10-01,28,1,1,1.0
2013-10-01,29,1,1,1.0
2013-10-01,30,1,1,1.0
2013-10-01,31,1,1,1.0
2013-10-01,32,1,1,1.0
2013-10-01,33,1,1,1.0
2013-10-01,34,1,1,1.0
2013-10-01,35,1,1,1.0
2013-10-01,36,1,1,1.0
2013-10-01,37,1,1,1.0
2013-10-01,38,1,1,1.0
2013-10-01,39,1,1,1.0
2013-10-01,40,1,1,1.0
2013-10-01,41,1,1,1.0
2013-10-01,42,1,1,1.0
2013-10-01,43,1,1,1.0
2013-10-01,44,1,1,1.0
2013-10-01,45,1,1,1.0
2013-10-01,46,1,1,1.0
2013-10-01,47,1,1,1.0
2013-10-01,48,1,1,1.0
2013-10-01,49,1,1,1.0
2013-10-01,50,1,1,1.0
2013-10-01,51,1,1,1.0
2013-10-01,52,1,1,1.0
2013-10-01,53,1,1,1.0
2013-10-01,54,1,1,1.0
2013-10-01,55,1,1,1.0
2013-10-01,56,1,1,1.0
2013-10-01,57,1,1,1.0
2013-10-01,58,1,1,1.0
2013-10-01,59,1,1,1.0
2013-10-01,60,1,1,1.0
2013-10-01,61,1,1,1.0
2013-10-01,62,1,1,1.0
2013-10-01,63,1,1,1.0
2013-10-01,64,1,1,1.0
2013-10-01,65,1,1,1.0
2013-10-01,66,1,1,1.0
2013-10-01,67,1,1,1.0
2013-10-01,68,1,1,1.0
2013-10-01,69,1,1,1.0
2013-10-01,70,1,1,1.0
2013-10-01,71,1,1,1.0
2013-10-01,72,1,1,1.0
2013-12-01,0,1,1,1.0
2013-12-01,1,1,1,1.0
2013-12-01,2,1,1,1.0
2013-12-01,3,1,1,1.0
2013-12-01,4,1,1,1.0
2013-12-01,5,1,1,1.0
2013-12-01,6,1,1,1.0
2013-12-01,7,1,1,1.0
2013-12-01,8,1,1,1.0
2013-12-01,9,1,1,1.0
2013-12-01,10,1,1,1.0
2013-12-01,11,1,1,1.0
2013-12-01,12,1,1,1.0
2013-12-01,13,1,1,1.0
2013-12-01,14,1,1,1.0
2013-12-01,15,1,1,1.0
2013-12-01,16,1,1,1.0
2013-12-01,17,1,1,1.0
2013-12-01,18,1,1,1.0
2013-12-01,19,1,1,1.0
2013-12-01,20,1,1,1.0
2013-12-01,21,1,1,1.0
2013-12-01,22,1,1,1.0
2013-12-01,23,1,1,1.0
2013-12-01,24,1,1,1.0
2013-12-01,25,1,1,1.0
2013-12-01,26,1,1,1.0
2013-12-01,27,1,1,1.0
2013-12-01,28,1,1,1.0
2013-12-01,29,1,1,1.0
2013-12-01,30,1,1,1.0
2013-12-01,31,1,1,1.0
2013-12-01,32,1,1,1.0
2013-12-01,33,1,1,1.0
2013-12-01,34,1,1,1.0
2013-12-01,35,1,1,1.0
2013-12-01,36,1,1,1.0
2013-12-01,37,1,1,1.0
2013-12-01,38,1,1,1.0
2013-12-01,39,1,1,1.0
2013-12-01,40,1,1,1.0
2013-12-01,41,1,1,1.0
2013-12-01,42,1,1,1.0
2013-12-01,43,1,1,1.0
2013-12-01,44,1,1,1.0
2013-12-01,45,1,1,1.0
2013-12-01,46,1,1,1.0
2013-12-01,47,1,1,1.0
2013-12-01,48,1,1,1.0
2013-12-01,49,1,1,1.0
2013-12-01,50,1,1,1.0
2013-12-01,51,1,1,1.0
2013-12-01,52,1,1,1.0
2013-12-01,53,1,1,1.0
2013-12-01,54,1,1,1.0
2013-12-01,55,1,1,1.0
2013-12-01,56,1,1,1.0
2013-12-01,57,1,1,1.0
2013-12-01,58,1,1,1.0
2013-12-01,59,1,1,1.0
2013-12-01,60,1,1,1.0
2013-12-01,61,1,1,1.0
2013-12-01,62,1,1,1.0
2013-12-01,63,1,1,1.0
2013-12-01,64,1,1,1.0
2013-12-01,65,1,1,1.0
2013-12-01,66,1,1,1.0
2013-12-01,67,1,1,1.0
2013-12-01,68,1,1,1.0
2013-12-01,69,1,1,1.0
2013-12-01,70,1,1,1.0
2014-01-01,0,1,3,0.3333333333333333
2014-01-01,1,1,3,0.3333333333333333
2014-01-01,2,1,3,0.3333333333333333
2014-01-01,3,1,3,0.3333333333333333
2014-01-01,4,1,3,0.3333333333333333
2014-01-01,5,1,3,0.3333333333333333
2014-01-01,6,1,3,0.3333333333333333
2014-01-01,7,1,3,0.3333333333333333
2014-01-01,8,1,3,0.3333333333333333
2014-01-01,9,1,3,0.3333333333333333
2014-01-01,10,1,3,0.3333333333333333
2014-01-01,11,1,3,0.3333333333333333
2014-01-01,12,1,3,0.3333333333333333
2014-01-01,13,1,3,0.3333333333333333
2014-01-01,14,1,3,0.3333333333333333
2014-01-01,15,1,3,0.3333333333333333
2014-01-01,16,1,3,0.3333333333333333
2014-01-01,17,1,3,0.3333333333333333
2014-01-01,18,1,3,0.3333333333333333
2014-01-01,19,1,3,0.3333333333333333
2014-01-01,20,1,3,0.3333333333333333
2014-01-01,21,1,3,0.3333333333333333
2014-01-01,22,1,3,0.3333333333333333
2014-01-01,23,1,3,0.3333333333333333
2014-01-01,24,1,3,0.3333333333333333
2014-01-01,25,1,3,0.3333333333333333
2014-01-01,26,1,3,0.3333333333333333
2014-01-01,27,1,3,0.3333333333333333
2014-01-01,28,1,3,0.3333333333333333
2014-01-01,29,1,3,0.3333333333333333
2014-01-01,30,1,3,0.3333333333333333
2014-01-01,31,1,3,0.3333333333333333
2014-01-01,32,1,3,0.3333333333333333
2014-01-01,33,1,3,0.3333333333333333
2014-01-01,34,1,3,0.3333333333333333
2014-01-01,35,1,3,0.3333333333333333
2014-01-01,36,1,3,0.3333333333333333
2014-01-01,37,1,3,0.3333333333333333
2014-01-01,38,1,3,0.3333333333333333
2014-01-01,39,1,3,0.3333333333333333
2014-01-01,40,1,3,0.3333333333333333
2014-01-01,41,1,3,0.3333333333333333
2014-01-01,42,1,3,0.3333333333333333
2014-01-01,43,1,3,0.3333333333333333
2014-01-01,44,1,3,0.3333333333333333
2014-01-01,45,1,3,0.3333333333333333
2014-01-01,46,1,3,0.3333333333333333
2014-01-01,47,1,3,0.3333333333333333
2014-01-01,48,1,3,0.3333333333333333
2014-01-01,49,1,3,0.3333333333333333
2014-01-01,50,1,3,0.3333333333333333
2014-01-01,51,1,3,0.3333333333333333
2014-01-01,52,1,3,0.3333333333333333
2014-01-01,53,1,3,0.3333333333333333
2014-01-01,54,1,3,0.3333333333333333
2014-01-01,55,1,3,0.3333333333333333
2014-01-01,56,1,3,0.3333333333333333
2014-01-01,57,1,3,0.3333333333333333
2014-01-01,58,1,3,0.3333333333333333
2014-01-01,59,1,3,0.3333333333333333
2014-01-01,60,1,3,0.3333333333333333
2014-01-01,61,1,3,0.3333333333333333
2014-01-01,62,1,3,0.3333333333333333
2014-01-01,63,1,3,0.3333333333333333
2014-01-01,64,1,3,0.3333333333333333
2014-01-01,65,1,3,0.3333333333333333
2014-01-01,66,1,3,0.3333333333333333
2014-01-01,67,1,3,0.3333333333333333
2014-01-01,68,1,3,0.3333333333333333
2014-01-01,69,1,3,0.3333333333333333
2014-04-01,0,1,2,0.5
2014-04-01,1,1,2,0.5
2014-04-01,2,1,2,0.5
2014-04-01,3,1,2,0.5
2014-04-01,4,1,2,0.5
2014-04-01,5,1,2,0.5
2014-04-01,6,1,2,0.5
2014-04-01,7,1,2,0.5
2014-04-01,8,1,2,0.5
2014-04-01,9,1,2,0.5
2014-04-01,10,1,2,0.5
2014-04-01,11,1,2,0.5
2014-04-01,12,1,2,0.5
2014-04-01,13,1,2,0.5
2014-04-01,14,1,2,0.5
2014-04-01,15,1,2,0.5
2014-04-01,16,1,2,0.5
2014-04-01,17,1,2,0.5
2014-04-01,18,1,2,0.5
2014-04-01,19,1,2,0.5
2014-04-01,20,1,2,0.5
2014-04-01,21,1,2,0.5
2014-04-01,22,1,2,0.5
2014-04-01,23,1,2,0.5
2014-04-01,24,1,2,0.5
2014-04-01,25,1,2,0.5
2014-04-01,26,1,2,0.5
2014-04-01,27,1,2,0.5
2014-04-01,28,1,2,0.5
2014-04-01,29,1,2,0.5
2014-04-01,30,1,2,0.5
2014-04-01,31,1,2,0.5
2014-04-01,32,1,2,0.5
2014-04-01,33,1,2,0.5
2014-04-01,34,1,2,0.5
2014-04-01,35,1,2,0.5
2014-04-01,36,1,2,0.5
2014-04-01,37,1,2,0.5
2014-04-01,38,1,2,0.5
2014-04-01,39,1,2,0.5
2014-04-01,40,1,2,0.5
2014-04-01,41,1,2,0.5
2014-04-01,42,1,2,0.5
2014-04-01,43,1,2,0.5
2014-04-01,44,1,2,0.5
2014-04-01,45,1,2,0.5
2014-04-01,46,1,2,0.5
2014-04-01,47,1,2,0.5
2014-04-01,48,1,2,0.5
2014-04-01,49,1,2,0.5
2014-04-01,50,1,2,0.5
2014-04-01,51,1,2,0.5
2014-04-01,52,1,2,0.5
2014-04-01,53,1,2,0.5
2014-04-01,54,1,2,0.5
2014-04-01,55,1,2,0.5
2014-04-01,56,1,2,0.5
2014-04-01,57,1,2,0.5
2014-04-01,58,1,2,0.5
2014-04-01,59,1,2,0.5
2014-04-01,60,1,2,0.5
2014-04-01,61,1,2,0.5
2014-04-01,62,1,2,0.5
2014-04-01,63,1,2,0.5
2014-04-01,64,1,2,0.5
2014-04-01,65,1,2,0.5
2014-04-01,66,1,2,0.5
2014-06-01,0,1,2,0.5
2014-06-01,1,1,2,0.5
2014-06-01,2,1,2,0.5
2014-06-01,3,1,2,0.5
2014-06-01,4,1,2,0.5
2014-06-01,5,1,2,0.5
2014-06-01,6,1,2,0.5
2014-06-01,7,1,2,0.5
2014-06-01,8,1,2,0.5
2014-06-01,9,1,2,0.5
2014-06-01,10,1,2,0.5
2014-06-01,11,1,2,0.5
2014-06-01,12,1,2,0.5
2014-06-01,13,1,2,0.5
2014-06-01,14,1,2,0.5
2014-06-01,15,1,2,0.5
2014-06-01,16,1,2,0.5
2014-06-01,17,1,2,0.5
2014-06-01,18,1,2,0.5
2014-06-01,19,1,2,0.5
2014-06-01,20,1,2,0.5
2014-06-01,21,1,2,0.5
2014-06-01,22,1,2,0.5
2014-06-01,23,1,2,0.5
2014-06-01,24,1,2,0.5
2014-06-01,25,1,2,0.5
2014-06-01,26,1,2,0.5
2014-06-01,27,1,2,0.5
2014-06-01,28,1,2,0.5
2014-06-01,29,1,2,0.5
2014-06-01,30,1,2,0.5
2014-06-01,31,1,2,0.5
2014-06-01,32,1,2,0.5
2014-06-01,33,1,2,0.5
2014-06-01,34,1,2,0.5
2014-06-01,35,1,2,0.5
2014-06-01,36,1,2,0.5
2014-06-01,37,1,2,0.5
2014-06-01,38,1,2,0.5
2014-06-01,39,1,2,0.5
2014-06-01,40,1,2,0.5
2014-06-01,41,1,2,0.5
2014-06-01,42,1,2,0.5
2014-06-01,43,1,2,0.5
2014-06-01,44,1,2,0.5
2014-06-01,45,1,2,0.5
2014-06-01,46,1,2,0.5
2014-06-01,47,1,2,0.5
2014-06-01,48,1,2,0.5
2014-06-01,49,1,2,0.5
2014-06-01,50,1,2,0.5
2014-06-01,51,1,2,0.5
2014-06-01,52,1,2,0.5
2014-06-01,53,1,2,0.5
2014-06-01,54,1,2,0.5
2014-06-01,55,1,2,0.5
2014-06-01,56,1,2,0.5
2014-06-01,57,1,2,0.5
2014-06-01,58,1,2,0.5
2014-06-01,59,1,2,0.5
2014-06-01,60,1,2,0.5
2014-06-01,61,1,2,0.5
2014-06-01,62,1,2,0.5
2014-06-01,63,1,2,0.5
2014-06-01,64,1,2,0.5
2014-10-01,0,1,1,1.0
2014-10-01,1,1,1,1.0
2014-10-01,2,1,1,1.0
2014-10-01,3,1,1,1.0
2014-10-01,4,1,1,1.0
2014-10-01,5,1,1,1.0
2014-10-01,6,1,1,1.0
2014-10-01,7,1,1,1.0
2014-10-01,8,1,1,1.0
2014-10-01,9,1,1,1.0
2014-10-01,10,1,1,1.0
2014-10-01,11,1,1,1.0
2014-10-01,12,1,1,1.0
2014-10-01,13,1,1,1.0
2014-10-01,14,1,1,1.0
2014-10-01,15,1,1,1.0
2014-10-01,16,1,1,1.0
2014-10-01,17,1,1,1.0
2014-10-01,18,1,1,1.0
2014-10-01,19,1,1,1.0
2014-10-01,20,1,1,1.0
2014-10-01,21,1,1,1.0
2014-10-01,22,1,1,1.0
2014-10-01,23,1,1,1.0
2014-10-01,24,1,1,1.0
2014-10-01,25,1,1,1.0
2014-10-01,26,1,1,1.0
2014-10-01,27,1,1,1.0
2014-10-01,28,1,1,1.0
2014-10-01,29,1,1,1.0
2014-10-01,30,1,1,1.0
2014-10-01,31,1,1,1.0
2014-10-01,32,1,1,1.0
2014-10-01,33,1,1,1.0
2014-10-01,34,1,1,1.0
2014-10-01,35,1,1,1.0
2014-10-01,36,1,1,1.0
2014-10-01,37,1,1,1.0
2014-10-01,38,1,1,1.0
2014-10-01,39,1,1,1.0
2014-10-01,40,1,1,1.0
2014-10-01,41,1,1,1.0
2014-10-01,42,1,1,1.0
2014-10-01,43,1,1,1.0
2014-10-01,44,1,1,1.0
2014-10-01,45,1,1,1.0
2014-10-01,46,1,1,1.0
2014-10-01,47,1,1,1.0
2014-10-01,48,1,1,1.0
2014-10-01,49,1,1,1.0
2014-10-01,50,1,1,1.0
2014-10-01,51,1,1,1.0
2014-10-01,52,1,1,1.0
2014-10-01,53,1,1,1.0
2014-10-01,54,1,1,1.0
2014-10-01,55,1,1,1.0
2014-10-01,56,1,1,1.0
2014-10-01,57,1,1,1.0
2014-10-01,58,1,1,1.0
2014-10-01,59,1,1,1.0
2014-10-01,60,1,1,1.0
2014-11-01,0,1,1,1.0
2014-11-01,1,1,1,1.0
2014-11-01,2,1,1,1.0
2014-11-01,3,1,1,1.0
2014-11-01,4,1,1,1.0
2014-11-01,5,1,1,1.0
2014-11-01,6,1,1,1.0
2014-11-01,7,1,1,1.0
2014-11-01,8,1,1,1.0
2014-11-01,9,1,1,1.0
2014-11-01,10,1,1,1.0
2014-11-01,11,1,1,1.0
2014-11-01,12,1,1,1.0
2014-11-01,13,1,1,1.0
2014-11-01,14,1,1,1.0
2014-11-01,15,1,1,1.0
2014-11-01,16,1,1,1.0
2014-11-01,17,1,1,1.0
2014-11-01,18,1,1,1.0
2014-11-01,19,1,1,1.0
2014-11-01,20,1,1,1.0
2014-11-01,21,1,1,1.0
2014-11-01,22,1,1,1.0
2014-11-01,23,1,1,1.0
2014-11-01,24,1,1,1.0
2014-11-01,25,1,1,1.0
2014-11-01,26,1,1,1.0
2014-11-01,27,1,1,1.0
2014-11-01,28,1,1,1.0
2014-11-01,29,1,1,1.0
2014-11-01,30,1,1,1.0
2014-11-01,31,1,1,1.0
2014-11-01,32,1,1,1.0
2014-11-01,33,1,1,1.0
2014-11-01,34,1,1,1.0
2014-11-01,35,1,1,1.0
2014-11-01,36,1,1,1.0
2014-11-01,37,1,1,1.0
2014-11-01,38,1,1,1.0
2014-11-01,39,1,1,1.0
2014-11-01,40,1,1,1.0
2014-11-01,41,1,1,1.0
2014-11-01,42,1,1,1.0
2014-11-01,43,1,1,1.0
2014-11-01,44,1,1,1.0
2014-11-01,45,1,1,1.0
2014-11-01,46,1,1,1.0
2014-11-01,47,1,1,1.0
2014-11-01,48,1,1,1.0
2014-11-01,49,1,1,1.0
2014-11-01,50,1,1,1.0
2014-11-01,51,1,1,1.0
2014-11-01,52,1,1,1.0
2014-11-01,53,1,1,1.0
2014-11-01,54,1,1,1.0
2014-11-01,55,1,1,1.0
2014-11-01,56,1,1,1.0
2014-11-01,57,1,1,1.0
2014-11-01,58,1,1,1.0
2014-11-01,59,1,1,1.0
2015-01-01,0,1,1,1.0
2015-01-01,1,1,1,1.0
2015-01-01,2,1,1,1.0
2015-01-01,3,1,1,1.0
2015-01-01,4,1,1,1.0
2015-01-01,5,1,1,1.0
2015-01-01,6,1,1,1.0
2015-01-01,7,1,1,1.0
2015-01-01,8,1,1,1.0
2015-01-01,9,1,1,1.0
2015-01-01,10,1,1,1.0
2015-01-01,11,1,1,1.0
2015-01-01,12,1,1,1.0
2015-01-01,13,1,1,1.0
2015-01-01,14,1,1,1.0
2015-01-01,15,1,1,1.0
2015-01-01,16,1,1,1.0
2015-01-01,17,1,1,1.0
2015-01-01,18,1,1,1.0
2015-01-01,19,1,1,1.0
2015-01-01,20,1,1,1.0
2015-01-01,21,1,1,1.0
2015-01-01,22,1,1,1.0
2015-01-01,23,1,1,1.0
2015-01-01,24,1,1,1.0
2015-01-01,25,1,1,1.0
2015-01-01,26,1,1,1.0
2015-01-01,27,1,1,1.0
2015-01-01,28,1,1,1.0
2015-01-01,29,1,1,1.0
2015-01-01,30,1,1,1.0
2015-01-01,31,1,1,1.0
2015-01-01,32,1,1,1.0
2015-01-01,33,1,1,1.0
2015-01-01,34,1,1,1.0
2015-01-01,35,1,1,1.0
2015-01-01,36,1,1,1.0
2015-01-01,37,1,1,1.0
2015-01-01,38,1,1,1.0
2015-01-01,39,1,1,1.0
2015-01-01,40,1,1,1.0
2015-01-01,41,1,1,1.0
2015-01-01,42,1,1,1.0
2015-01-01,43,1,1,1.0
2015-01-01,44,1,1,1.0
2015-01-01,45,1,1,1.0
2015-01-01,46,1,1,1.0
2015-01-01,47,1,1,1.0
2015-01-01,48,1,1,1.0
2015-01-01,49,1,1,1.0
2015-01-01,50,1,1,1.0
2015-01-01,51,1,1,1.0
2015-01-01,52,1,1,1.0
2015-01-01,53,1,1,1.0
2015-01-01,54,1,1,1.0
2015-01-01,55,1,1,1.0
2015-01-01,56,1,1,1.0
2015-01-01,57,1,1,1.0
2015-02-01,0,1,2,0.5
2015-02-01,1,1,2,0.5
2015-02-01,2,1,2,0.5
2015-02-01,3,1,2,0.5
2015-02-01,4,1,2,0.5
2015-02-01,5,1,2,0.5
2015-02-01,6,1,2,0.5
2015-02-01,7,1,2,0.5
2015-02-01,8,1,2,0.5
2015-02-01,9,1,2,0.5
2015-02-01,10,1,2,0.5
2015-02-01,11,1,2,0.5
2015-02-01,12,1,2,0.5
2015-02-01,13,1,2,0.5
2015-02-01,14,1,2,0.5
2015-02-01,15,1,2,0.5
2015-02-01,16,1,2,0.5
2015-02-01,17,1,2,0.5
2015-02-01,18,1,2,0.5
2015-02-01,19,1,2,0.5
2015-02-01,20,1,2,0.5
2015-02-01,21,1,2,0.5
2015-02-01,22,1,2,0.5
2015-02-01,23,1,2,0.5
2015-02-01,24,1,2,0.5
2015-02-01,25,1,2,0.5
2015-02-01,26,1,2,0.5
2015-02-01,27,1,2,0.5
2015-02-01,28,1,2,0.5
2015-02-01,29,1,2,0.5
2015-02-01,30,1,2,0.5
2015-02-01,31,1,2,0.5
2015-02-01,32,1,2,0.5
2015-02-01,33,1,2,0.5
2015-02-01,34,1,2,0.5
2015-02-01,35,1,2,0.5
2015-02-01,36,1,2,0.5
2015-02-01,37,1,2,0.5
2015-02-01,38,1,2,0.5
2015-02-01,39,1,2,0.5
2015-02-01,40,1,2,0.5
2015-02-01,41,1,2,0.5
2015-02-01,42,1,2,0.5
2015-02-01,43,1,2,0.5
2015-02-01,44,1,2,0.5
2015-02-01,45,1,2,0.5
2015-02-01,46,1,2,0.5
2015-02-01,47,1,2,0.5
2015-02-01,48,1,2,0.5
2015-02-01,49,1,2,0.5
2015-02-01,50,1,2,0.5
2015-02-01,51,1,2,0.5
2015-02-01,52,1,2,0.5
2015-02-01,53,1,2,0.5
2015-02-01,54,1,2,0.5
2015-02-01,55,1,2,0.5
2015-02-01,56,1,2,0.5
2015-03-01,0,2,4,0.5
2015-03-01,1,2,4,0.5
2015-03-01,2,2,4,0.5
2015-03-01,3,2,4,0.5
2015-03-01,4,2,4,0.5
2015-03-01,5,1,4,0.25
2015-03-01,6,1,4,0.25
2015-03-01,7,1,4,0.25
2015-03-01,8,1,4,0.25
2015-03-01,9,1,4,0.25
2015-03-01,10,1,4,0.25
2015-03-01,11,1,4,0.25
2015-03-01,12,1,4,0.25
2015-03-01,13,1,4,0.25
2015-03-01,14,1,4,0.25
2015-03-01,15,1,4,0.25
2015-03-01,16,1,4,0.25
2015-03-01,17,1,4,0.25
2015-03-01,18,1,4,0.25
2015-03-01,19,1,4,0.25
2015-03-01,20,1,4,0.25
2015-03-01,21,2,4,0.5
2015-03-01,22,2,4,0.5
2015-03-01,23,2,4,0.5
2015-03-01,24,2,4,0.5
2015-03-01,25,2,4,0.5
2015-03-01,26,2,4,0.5
2015-03-01,27,2,4,0.5
2015-03-01,28,2,4,0.5
2015-03-01,29,2,4,0.5
2015-03-01,30,2,4,0.5
2015-03-01,31,2,4,0.5
2015-03-01,32,2,4,0.5
2015-03-01,33,2,4,0.5
2015-03-01,34,2,4,0.5
2015-03-01,35,2,4,0.5
2015-03-01,36,2,4,0.5
2015-03-01,37,2,4,0.5
2015-03-01,38,2,4,0.5
2015-03-01,39,2,4,0.5
2015-03-01,40,2,4,0.5
2015-03-01,41,2,4,0.5
2015-03-01,42,2,4,0.5
2015-03-01,43,2,4,0.5
2015-03-01,44,2,4,0.5
2015-03-01,45,2,4,0.5
2015-03-01,46,2,4,0.5
2015-03-01,47,2,4,0.5
2015-03-01,48,2,4,0.5
2015-03-01,49,2,4,0.5
2015-03-01,50,2,4,0.5
2015-03-01,51,2,4,0.5
2015-03-01,52,2,4,0.5
2015-03-01,53,2,4,0.5
2015-03-01,54,2,4,0.5
2015-03-01,55,2,4,0.5
2015-04-01,0,1,2,0.5
2015-04-01,1,1,2,0.5
2015-04-01,2,1,2,0.5
2015-04-01,3,1,2,0.5
2015-04-01,4,1,2,0.5
2015-04-01,5,1,2,0.5
2015-04-01,6,1,2,0.5
2015-04-01,7,1,2,0.5
2015-04-01,8,1,2,0.5
2015-04-01,9,1,2,0.5
2015-04-01,10,1,2,0.5
2015-04-01,11,1,2,0.5
2015-04-01,12,1,2,0.5
2015-04-01,13,1,2,0.5
2015-04-01,14,1,2,0.5
2015-04-01,15,1,2,0.5
2015-04-01,16,1,2,0.5
2015-04-01,17,1,2,0.5
2015-04-01,18,1,2,0.5
2015-04-01,19,1,2,0.5
2015-04-01,20,1,2,0.5
2015-04-01,21,1,2,0.5
2015-04-01,22,1,2,0.5
2015-04-01,23,1,2,0.5
2015-04-01,24,1,2,0.5
2015-04-01,25,1,2,0.5
2015-04-01,26,1,2,0.5
2015-04-01,27,1,2,0.5
2015-04-01,28,1,2,0.5
2015-04-01,29,1,2,0.5
2015-04-01,30,1,2,0.5
2015-04-01,31,1,2,0.5
2015-04-01,32,1,2,0.5
2015-04-01,33,1,2,0.5
2015-04-01,34,1,2,0.5
2015-04-01,35,1,2,0.5
2015-04-01,36,1,2,0.5
2015-04-01,37,1,2,0.5
2015-04-01,38,1,2,0.5
2015-04-01,39,1,2,0.5
2015-04-01,40,1,2,0.5
2015-04-01,41,1,2,0.5
2015-04-01,42,1,2,0.5
2015-04-01,43,1,2,0.5
2015-04-01,44,1,2,0.5
2015-04-01,45,1,2,0.5
2015-04-01,46,1,2,0.5
2015-04-01,47,1,2,0.5
2015-04-01,48,1,2,0.5
2015-04-01,49,1,2,0.5
2015-04-01,50,1,2,0.5
2015-04-01,51,1,2,0.5
2015-04-01,52,1,2,0.5
2015-04-01,53,1,2,0.5
2015-04-01,54,1,2,0.5
2015-05-01,0,1,2,0.5
2015-05-01,1,1,2,0.5
2015-05-01,2,1,2,0.5
2015-05-01,3,1,2,0.5
2015-05-01,4,1,2,0.5
2015-05-01,5,1,2,0.5
2015-05-01,6,1,2,0.5
2015-05-01,7,1,2,0.5
2015-05-01,8,1,2,0.5
2015-05-01,9,1,2,0.5
2015-05-01,10,1,2,0.5
2015-05-01,11,1,2,0.5
2015-05-01,12,1,2,0.5
2015-05-01,13,1,2,0.5
2015-05-01,14,1,2,0.5
2015-05-01,15,1,2,0.5
2015-05-01,16,1,2,0.5
2015-05-01,17,1,2,0.5
2015-05-01,18,1,2,0.5
2015-05-01,19,1,2,0.5
2015-05-01,20,1,2,0.5
2015-05-01,21,1,2,0.5
2015-05-01,22,1,2,0.5
2015-05-01,23,1,2,0.5
2015-05-01,24,1,2,0.5
2015-05-01,25,1,2,0.5
2015-05-01,26,1,2,0.5
2015-05-01,27,1,2,0.5
2015-05-01,28,1,2,0.5
2015-05-01,29,1,2,0.5
2015-05-01,30,1,2,0.5
2015-05-01,31,1,2,0.5
2015-05-01,32,1,2,0.5
2015-05-01,33,1,2,0.5
2015-05-01,34,1,2,0.5
2015-05-01,35,1,2,0.5
2015-05-01,36,1,2,0.5
2015-05-01,37,1,2,0.5
2015-05-01,38,1,2,0.5
2015-05-01,39,1,2,0.5
2015-05-01,40,1,2,0.5
2015-05-01,41,1,2,0.5
2015-05-01,42,1,2,0.5
2015-05-01,43,1,2,0.5
2015-05-01,44,1,2,0.5
2015-05-01,45,1,2,0.5
2015-05-01,46,1,2,0.5
2015-05-01,47,1,2,0.5
2015-05-01,48,1,2,0.5
2015-05-01,49,1,2,0.5
2015-05-01,50,1,2,0.5
2015-05-01,51,1,2,0.5
2015-05-01,52,1,2,0.5
2015-05-01,53,1,2,0.5
2015-06-01,0,2,3,0.6666666666666666
2015-06-01,1,2,3,0.6666666666666666
2015-06-01,2,2,3,0.6666666666666666
2015-06-01,3,2,3,0.6666666666666666
2015-06-01,4,2,3,0.6666666666666666
2015-06-01,5,2,3,0.6666666666666666
2015-06-01,6,2,3,0.6666666666666666
2015-06-01,7,2,3,0.6666666666666666
2015-06-01,8,2,3,0.6666666666666666
2015-06-01,9,2,3,0.6666666666666666
2015-06-01,10,2,3,0.6666666666666666
2015-06-01,11,2,3,0.6666666666666666
2015-06-01,12,2,3,0.6666666666666666
2015-06-01,13,2,3,0.6666666666666666
2015-06-01,14,2,3,0.6666666666666666
2015-06-01,15,2,3,0.6666666666666666
2015-06-01,16,2,3,0.6666666666666666
2015-06-01,17,2,3,0.6666666666666666
2015-06-01,18,2,3,0.6666666666666666
2015-06-01,19,2,3,0.6666666666666666
2015-06-01,20,2,3,0.6666666666666666
2015-06-01,21,2,3,0.6666666666666666
2015-06-01,22,2,3,0.6666666666666666
2015-06-01,23,2,3,0.6666666666666666
2015-06-01,24,2,3,0.6666666666666666
2015-06-01,25,2,3,0.6666666666666666
2015-06-01,26,2,3,0.6666666666666666
2015-06-01,27,2,3,0.6666666666666666
2015-06-01,28,2,3,0.6666666666666666
2015-06-01,29,2,3,0.6666666666666666
2015-06-01,30,2,3,0.6666666666666666
2015-06-01,31,2,3,0.6666666666666666
2015-06-01,32,2,3,0.6666666666666666
2015-06-01,33,2,3,0.6666666666666666
2015-06-01,34,2,3,0.6666666666666666
2015-06-01,35,2,3,0.6666666666666666
2015-06-01,36,2,3,0.6666666666666666
2015-06-01,37,2,3,0.6666666666666666
2015-06-01,38,2,3,0.6666666666666666
2015-06-01,39,2,3,0.6666666666666666
2015-06-01,40,2,3,0.6666666666666666
2015-06-01,41,2,3,0.6666666666666666
2015-06-01,42,2,3,0.6666666666666666
2015-06-01,43,2,3,0.6666666666666666
2015-06-01,44,2,3,0.6666666666666666
2015-06-01,45,2,3,0.6666666666666666
2015-06-01,46,2,3,0.6666666666666666
2015-06-01,47,2,3,0.6666666666666666
2015-06-01,48,2,3,0.6666666666666666
2015-06-01,49,2,3,0.6666666666666666
2015-06-01,50,2,3,0.6666666666666666
2015-06-01,51,2,3,0.6666666666666666
2015-06-01,52,2,3,0.6666666666666666
2015-07-01,0,1,1,1.0
2015-07-01,1,1,1,1.0
2015-07-01,2,1,1,1.0
2015-07-01,3,1,1,1.0
2015-07-01,4,1,1,1.0
2015-07-01,5,1,1,1.0
2015-07-01,6,1,1,1.0
2015-07-01,7,1,1,1.0
2015-07-01,8,1,1,1.0
2015-07-01,9,1,1,1.0
2015-07-01,10,1,1,1.0
2015-07-01,11,1,1,1.0
2015-07-01,12,1,1,1.0
2015-07-01,13,1,1,1.0
2015-07-01,14,1,1,1.0
2015-07-01,15,1,1,1.0
2015-07-01,16,1,1,1.0
2015-07-01,17,1,1,1.0
2015-07-01,18,1,1,1.0
2015-07-01,19,1,1,1.0
2015-07-01,20,1,1,1.0
2015-07-01,21,1,1,1.0
2015-07-01,22,1,1,1.0
2015-07-01,23,1,1,1.0
2015-07-01,24,1,1,1.0
2015-07-01,25,1,1,1.0
2015-07-01,26,1,1,1.0
2015-07-01,27,1,1,1.0
2015-07-01,28,1,1,1.0
2015-07-01,29,1,1,1.0
2015-07-01,30,1,1,1.0
2015-07-01,31,1,1,1.0
2015-07-01,32,1,1,1.0
2015-07-01,33,1,1,1.0
2015-07-01,34,1,1,1.0
2015-07-01,35,1,1,1.0
2015-07-01,36,1,1,1.0
2015-07-01,37,1,1,1.0
2015-07-01,38,1,1,1.0
2015-07-01,39,1,1,1.0
2015-07-01,40,1,1,1.0
2015-07-01,41,1,1,1.0
2015-07-01,42,1,1,1.0
2015-07-01,43,1,1,1.0
2015-07-01,44,1,1,1.0
2015-07-01,45,1,1,1.0
2015-07-01,46,1,1,1.0
2015-07-01,47,1,1,1.0
2015-07-01,48,1,1,1.0
2015-07-01,49,1,1,1.0
2015-07-01,50,1,1,1.0
2015-07-01,51,1,1,1.0
2015-08-01,0,1,2,0.5
2015-08-01,1,1,2,0.5
2015-08-01,2,1,2,0.5
2015-08-01,3,1,2,0.5
2015-08-01,4,1,2,0.5
2015-08-01,5,1,2,0.5
2015-08-01,6,1,2,0.5
2015-08-01,7,1,2,0.5
2015-08-01,8,1,2,0.5
2015-08-01,9,1,2,0.5
2015-08-01,10,1,2,0.5
2015-08-01,11,1,2,0.5
2015-08-01,12,1,2,0.5
2015-08-01,13,1,2,0.5
2015-08-01,14,1,2,0.5
2015-08-01,15,1,2,0.5
2015-08-01,16,1,2,0.5
2015-08-01,17,1,2,0.5
2015-08-01,18,1,2,0.5
2015-08-01,19,1,2,0.5
2015-08-01,20,1,2,0.5
2015-08-01,21,1,2,0.5
2015-08-01,22,1,2,0.5
2015-08-01,23,1,2,0.5
2015-08-01,24,1,2,0.5
2015-08-01,25,1,2,0.5
2015-08-01,26,1,2,0.5
2015-08-01,27,1,2,0.5
2015-08-01,28,1,2,0.5
2015-08-01,29,1,2,0.5
2015-08-01,30,1,2,0.5
2015-08-01,31,1,2,0.5
2015-08-01,32,1,2,0.5
2015-08-01,33,1,2,0.5
2015-08-01,34,1,2,0.5
2015-08-01,35,1,2,0.5
2015-08-01,36,1,2,0.5
2015-08-01,37,1,2,0.5
2015-08-01,38,1,2,0.5
2015-08-01,39,1,2,0.5
2015-08-01,40,1,2,0.5
2015-08-01,41,1,2,0.5
2015-08-01,42,1,2,0.5
2015-08-01,43,1,2,0.5
2015-08-01,44,1,2,0.5
2015-08-01,45,1,2,0.5
2015-08-01,46,1,2,0.5
2015-08-01,47,1,2,0.5
2015-08-01,48,1,2,0.5
2015-08-01,49,1,2,0.5
2015-08-01,50,1,2,0.5
2015-12-01,0,1,4,0.25
2015-12-01,1,1,4,0.25
2015-12-01,2,1,4,0.25
2015-12-01,3,1,4,0.25
2015-12-01,4,1,4,0.25
2015-12-01,5,1,4,0.25
2015-12-01,6,1,4,0.25
2015-12-01,7,1,4,0.25
2015-12-01,8,1,4,0.25
2015-12-01,9,1,4,0.25
2015-12-01,10,1,4,0.25
2015-12-01,11,1,4,0.25
2015-12-01,12,1,4,0.25
2015-12-01,13,1,4,0.25
2015-12-01,14,1,4,0.25
2015-12-01,15,1,4,0.25
2015-12-01,16,1,4,0.25
2015-12-01,17,1,4,0.25
2015-12-01,18,1,4,0.25
2015-12-01,19,1,4,0.25
2015-12-01,20,1,4,0.25
2015-12-01,21,1,4,0.25
2015-12-01,22,1,4,0.25
2015-12-01,23,1,4,0.25
2015-12-01,24,1,4,0.25
2015-12-01,25,1,4,0.25
2015-12-01,26,1,4,0.25
2015-12-01,27,1,4,0.25
2015-12-01,28,1,4,0.25
2015-12-01,29,1,4,0.25
2015-12-01,30,1,4,0.25
2015-12-01,31,1,4,0.25
2015-12-01,32,1,4,0.25
2015-12-01,33,1,4,0.25
2015-12-01,34,1,4,0.25
2015-12-01,35,1,4,0.25
2015-12-01,36,1,4,0.25
2015-12-01,37,1,4,0.25
2015-12-01,38,1,4,0.25
2015-12-01,39,1,4,0.25
2015-12-01,40,1,4,0.25
2015-12-01,41,1,4,0.25
2015-12-01,42,1,4,0.25
2015-12-01,43,1,4,0.25
2015-12-01,44,1,4,0.25
2015-12-01,45,1,4,0.25
2015-12-01,46,1,4,0.25
2016-02-01,0,1,1,1.0
2016-02-01,1,1,1,1.0
2016-02-01,2,1,1,1.0
2016-02-01,3,1,1,1.0
2016-02-01,4,1,1,1.0
2016-02-01,5,1,1,1.0
2016-02-01,6,1,1,1.0
2016-02-01,7,1,1,1.0
2016-02-01,8,1,1,1.0
2016-02-01,9,1,1,1.0
2016-02-01,10,1,1,1.0
2016-02-01,11,1,1,1.0
2016-02-01,12,1,1,1.0
2016-02-01,13,1,1,1.0
2016-02-01,14,1,1,1.0
2016-02-01,15,1,1,1.0
2016-02-01,16,1,1,1.0
2016-02-01,17,1,1,1.0
2016-02-01,18,1,1,1.0
2016-02-01,19,1,1,1.0
2016-02-01,20,1,1,1.0
2016-02-01,21,1,1,1.0
2016-02-01,22,1,1,1.0
2016-02-01,23,1,1,1.0
2016-02-01,24,1,1,1.0
2016-02-01,25,1,1,1.0
2016-02-01,26,1,1,1.0
2016-02-01,27,1,1,1.0
2016-02-01,28,1,1,1.0
2016-02-01,29,1,1,1.0
2016-02-01,30,1,1,1.0
2016-02-01,31,1,1,1.0
2016-02-01,32,1,1,1.0
2016-02-01,33,1,1,1.0
2016-02-01,34,1,1,1.0
2016-02-01,35,1,1,1.0
2016-02-01,36,1,1,1.0
2016-02-01,37,1,1,1.0
2016-02-01,38,1,1,1.0
2016-02-01,39,1,1,1.0
2016-02-01,40,1,1,1.0
2016-02-01,41,1,1,1.0
2016-02-01,42,1,1,1.0
2016-02-01,43,1,1,1.0
2016-02-01,44,1,1,1.0
2016-04-01,0,1,3,0.3333333333333333
2016-04-01,1,1,3,0.3333333333333333
2016-04-01,2,1,3,0.3333333333333333
2016-04-01,3,1,3,0.3333333333333333
2016-04-01,4,1,3,0.3333333333333333
2016-04-01,5,1,3,0.3333333333333333
2016-04-01,6,1,3,0.3333333333333333
2016-04-01,7,1,3,0.3333333333333333
2016-04-01,8,1,3,0.3333333333333333
2016-04-01,9,1,3,0.3333333333333333
2016-04-01,10,1,3,0.3333333333333333
2016-04-01,11,1,3,0.3333333333333333
2016-04-01,12,1,3,0.3333333333333333
2016-04-01,13,1,3,0.3333333333333333
2016-04-01,14,1,3,0.3333333333333333
2016-04-01,15,1,3,0.3333333333333333
2016-04-01,16,1,3,0.3333333333333333
2016-04-01,17,1,3,0.3333333333333333
2016-04-01,18,1,3,0.3333333333333333
2016-04-01,19,1,3,0.3333333333333333
2016-04-01,20,1,3,0.3333333333333333
2016-04-01,21,1,3,0.3333333333333333
2016-04-01,22,1,3,0.3333333333333333
2016-04-01,23,1,3,0.3333333333333333
2016-04-01,24,1,3,0.3333333333333333
2016-04-01,25,1,3,0.3333333333333333
2016-04-01,26,1,3,0.3333333333333333
2016-04-01,27,1,3,0.3333333333333333
2016-04-01,28,1,3,0.3333333333333333
2016-04-01,29,1,3,0.3333333333333333
2016-04-01,30,1,3,0.3333333333333333
2016-04-01,31,1,3,0.3333333333333333
2016-04-01,32,1,3,0.3333333333333333
2016-04-01,33,1,3,0.3333333333333333
2016-04-01,34,1,3,0.3333333333333333
2016-04-01,35,1,3,0.3333333333333333
2016-04-01,36,1,3,0.3333333333333333
2016-04-01,37,1,3,0.3333333333333333
2016-04-01,38,1,3,0.3333333333333333
2016-04-01,39,1,3,0.3333333333333333
2016-04-01,40,1,3,0.3333333333333333
2016-04-01,41,1,3,0.3333333333333333
2016-04-01,42,1,3,0.3333333333333333
2016-06-01,0,2,3,0.6666666666666666
2016-06-01,1,2,3,0.6666666666666666
2016-06-01,2,2,3,0.6666666666666666
2016-06-01,3,2,3,0.6666666666666666
2016-06-01,4,2,3,0.6666666666666666
2016-06-01,5,2,3,0.6666666666666666
2016-06-01,6,2,3,0.6666666666666666
2016-06-01,7,2,3,0.6666666666666666
2016-06-01,8,2,3,0.6666666666666666
2016-06-01,9,2,3,0.6666666666666666
2016-06-01,10,2,3,0.6666666666666666
2016-06-01,11,2,3,0.6666666666666666
2016-06-01,12,2,3,0.6666666666666666
2016-06-01,13,2,3,0.6666666666666666
2016-06-01,14,2,3,0.6666666666666666
2016-06-01,15,2,3,0.6666666666666666
2016-06-01,16,2,3,0.6666666666666666
2016-06-01,17,2,3,0.6666666666666666
2016-06-01,18,2,3,0.6666666666666666
2016-06-01,19,2,3,0.6666666666666666
2016-06-01,20,2,3,0.6666666666666666
2016-06-01,21,2,3,0.6666666666666666
2016-06-01,22,2,3,0.6666666666666666
2016-06-01,23,2,3,0.6666666666666666
2016-06-01,24,2,3,0.6666666666666666
2016-06-01,25,2,3,0.6666666666666666
2016-06-01,26,2,3,0.6666666666666666
2016-06-01,27,2,3,0.6666666666666666
2016-06-01,28,2,3,0.6666666666666666
2016-06-01,29,2,3,0.6666666666666666
2016-06-01,30,2,3,0.6666666666666666
2016-06-01,31,2,3,0.6666666666666666
2016-06-01,32,2,3,0.6666666666666666
2016-06-01,33,2,3,0.6666666666666666
2016-06-01,34,2,3,0.6666666666666666
2016-06-01,35,2,3,0.6666666666666666
2016-06-01,36,2,3,0.6666666666666666
2016-06-01,37,2,3,0.6666666666666666
2016-06-01,38,2,3,0.6666666666666666
2016-06-01,39,2,3,0.6666666666666666
2016-06-01,40,2,3,0.6666666666666666
2016-07-01,0,1,2,0.5
2016-07-01,1,1,2,0.5
2016-07-01,2,1,2,0.5
2016-07-01,3,1,2,0.5
2016-07-01,4,1,2,0.5
2016-07-01,5,1,2,0.5
2016-07-01,6,1,2,0.5
2016-07-01,7,1,2,0.5
2016-07-01,8,1,2,0.5
2016-07-01,9,1,2,0.5
2016-07-01,10,1,2,0.5
2016-07-01,11,1,2,0.5
2016-07-01,12,1,2,0.5
2016-07-01,13,1,2,0.5
2016-07-01,14,1,2,0.5
2016-07-01,15,1,2,0.5
2016-07-01,16,1,2,0.5
2016-07-01,17,1,2,0.5
2016-07-01,18,1,2,0.5
2016-07-01,19,1,2,0.5
2016-07-01,20,1,2,0.5
2016-07-01,21,1,2,0.5
2016-07-01,22,1,2,0.5
2016-07-01,23,1,2,0.5
2016-07-01,24,1,2,0.5
2016-07-01,25,1,2,0.5
2016-07-01,26,1,2,0.5
2016-07-01,27,1,2,0.5
2016-07-01,28,1,2,0.5
2016-07-01,29,1,2,0.5
2016-07-01,30,1,2,0.5
2016-07-01,31,1,2,0.5
2016-07-01,32,1,2,0.5
2016-07-01,33,1,2,0.5
2016-07-01,34,1,2,0.5
2016-07-01,35,1,2,0.5
2016-07-01,36,1,2,0.5
2016-07-01,37,1,2,0.5
2016-07-01,38,1,2,0.5
2016-07-01,39,1,2,0.5
2016-08-01,0,1,1,1.0
2016-08-01,1,1,1,1.0
2016-08-01,2,1,1,1.0
2016-08-01,3,1,1,1.0
2016-08-01,4,1,1,1.0
2016-08-01,5,1,1,1.0
2016-08-01,6,1,1,1.0
2016-08-01,7,1,1,1.0
2016-08-01,8,1,1,1.0
2016-08-01,9,1,1,1.0
2016-08-01,10,1,1,1.0
2016-08-01,11,1,1,1.0
2016-08-01,12,1,1,1.0
2016-08-01,13,1,1,1.0
2016-08-01,14,1,1,1.0
2016-08-01,15,1,1,1.0
2016-08-01,16,1,1,1.0
2016-08-01,17,1,1,1.0
2016-08-01,18,1,1,1.0
2016-08-01,19,1,1,1.0
2016-08-01,20,1,1,1.0
2016-08-01,21,1,1,1.0
2016-08-01,22,1,1,1.0
2016-08-01,23,1,1,1.0
2016-08-01,24,1,1,1.0
2016-08-01,25,1,1,1.0
2016-08-01,26,1,1,1.0
2016-08-01,27,1,1,1.0
2016-08-01,28,1,1,1.0
2016-08-01,29,1,1,1.0
2016-08-01,30,1,1,1.0
2016-08-01,31,1,1,1.0
2016-08-01,32,1,1,1.0
2016-08-01,33,1,1,1.0
2016-08-01,34,1,1,1.0
2016-08-01,35,1,1,1.0
2016-08-01,36,1,1,1.0
2016-08-01,37,1,1,1.0
2016-08-01,38,1,1,1.0
2017-03-01,0,1,2,0.5
2017-03-01,1,1,2,0.5
2017-03-01,2,1,2,0.5
2017-03-01,3,1,2,0.5
2017-03-01,4,1,2,0.5
2017-03-01,5,1,2,0.5
2017-03-01,6,1,2,0.5
2017-03-01,7,1,2,0.5
2017-03-01,8,1,2,0.5
2017-03-01,9,1,2,0.5
2017-03-01,10,1,2,0.5
2017-03-01,11,1,2,0.5
2017-03-01,12,1,2,0.5
2017-03-01,13,1,2,0.5
2017-03-01,14,1,2,0.5
2017-03-01,15,1,2,0.5
2017-03-01,16,1,2,0.5
2017-03-01,17,1,2,0.5
2017-03-01,18,1,2,0.5
2017-03-01,19,1,2,0.5
2017-03-01,20,1,2,0.5
2017-03-01,21,1,2,0.5
2017-03-01,22,1,2,0.5
2017-03-01,23,1,2,0.5
2017-03-01,24,1,2,0.5
2017-03-01,25,1,2,0.5
2017-03-01,26,1,2,0.5
2017-03-01,27,1,2,0.5
2017-03-01,28,1,2,0.5
2017-03-01,29,1,2,0.5
2017-03-01,30,1,2,0.5
2017-03-01,31,1,2,0.5
2017-07-01,0,1,1,1.0
2017-07-01,1,1,1,1.0
2017-07-01,2,1,1,1.0
2017-07-01,3,1,1,1.0
2017-07-01,4,1,1,1.0
2017-07-01,5,1,1,1.0
2017-07-01,6,1,1,1.0
2017-07-01,7,1,1,1.0
2017-07-01,8,1,1,1.0
2017-07-01,9,1,1,1.0
2017-07-01,10,1,1,1.0
2017-07-01,11,1,1,1.0
2017-07-01,12,1,1,1.0
2017-07-01,13,1,1,1.0
2017-07-01,14,1,1,1.0
2017-07-01,15,1,1,1.0
2017-07-01,16,1,1,1.0
2017-07-01,17,1,1,1.0
2017-07-01,18,1,1,1.0
2017-07-01,19,1,1,1.0
2017-07-01,20,1,1,1.0
2017-07-01,21,1,1,1.0
2017-07-01,22,1,1,1.0
2017-07-01,23,1,1,1.0
2017-07-01,24,1,1,1.0
2017-07-01,25,1,1,1.0
2017-07-01,26,1,1,1.0
2017-07-01,27,1,1,1.0
2017-10-01,0,1,1,1.0
2017-10-01,1,1,1,1.0
2017-10-01,2,1,1,1.0
2017-10-01,3,1,1,1.0
2017-10-01,4,1,1,1.0
2017-10-01,5,1,1,1.0
2017-10-01,6,1,1,1.0
2017-10-01,7,1,1,1.0
2017-10-01,8,1,1,1.0
2017-10-01,9,1,1,1.0
2017-10-01,10,1,1,1.0
2017-10-01,11,1,1,1.0
2017-10-01,12,1,1,1.0
2017-10-01,13,1,1,1.0
2017-10-01,14,1,1,1.0
2017-10-01,15,1,1,1.0
2017-10-01,16,1,1,1.0
2017-10-01,17,1,1,1.0
2017-10-01,18,1,1,1.0
2017-10-01,19,1,1,1.0
2017-10-01,20,1,1,1.0
2017-10-01,21,1,1,1.0
2017-10-01,22,1,1,1.0
2017-10-01,23,1,1,1.0
2017-10-01,24,1,1,1.0
